dataset_id,dataset_name,model,condition,delta_AUROC,sample_fraction,analysis_rows,analysis_predictors,minority_count,missing_predictor_cells,rows_in_analysis_frame,display_index,minority_prevalence,missingness_rate,feature_to_sample_ratio,log_sample_size,log_feature_to_sample_ratio,z_log_sample_size,z_log_feature_to_sample_ratio,z_minority_prevalence,z_missingness_rate
D001,Breast Cancer Wisconsin Diagnostic,gradient_boosted_trees,C2,0.0100826502525802,0.5,569,30,212,0,285.0,Dataset 01,0.37258347978910367,0.0,0.10526315789473684,5.652489180268651,-2.2512917986064953,-0.8594760834891552,1.3153786537458487,0.5046721465823615,-0.5956564979686924
D001,Breast Cancer Wisconsin Diagnostic,gradient_boosted_trees,C2,-0.0023073703338806,0.75,569,30,212,0,427.0,Dataset 01,0.37258347978910367,0.0,0.0702576112412178,6.056784013228625,-2.6555866315664693,-0.11897872289907849,0.8353692434843463,0.5046721465823615,-0.5956564979686924
D001,Breast Cancer Wisconsin Diagnostic,gradient_boosted_trees,C2,-0.0022631784496529,1.0,569,30,212,0,569.0,Dataset 01,0.37258347978910367,0.0,0.05272407732864675,6.343880434126331,-2.9426830524641754,0.4068606511862596,0.4945066539865988,0.5046721465823615,-0.5956564979686924
D001,Breast Cancer Wisconsin Diagnostic,gradient_boosted_trees,C3,0.0037159889068831,0.5,569,30,212,0,285.0,Dataset 01,0.37258347978910367,0.0,0.10526315789473684,5.652489180268651,-2.2512917986064953,-0.8594760834891552,1.3153786537458487,0.5046721465823615,-0.5956564979686924
D001,Breast Cancer Wisconsin Diagnostic,gradient_boosted_trees,C3,-0.0042672291463305,0.75,569,30,212,0,427.0,Dataset 01,0.37258347978910367,0.0,0.0702576112412178,6.056784013228625,-2.6555866315664693,-0.11897872289907849,0.8353692434843463,0.5046721465823615,-0.5956564979686924
D001,Breast Cancer Wisconsin Diagnostic,gradient_boosted_trees,C3,0.0009379762808919,1.0,569,30,212,0,569.0,Dataset 01,0.37258347978910367,0.0,0.05272407732864675,6.343880434126331,-2.9426830524641754,0.4068606511862596,0.4945066539865988,0.5046721465823615,-0.5956564979686924
D001,Breast Cancer Wisconsin Diagnostic,gradient_boosted_trees,C4,0.004241703426057,0.5,569,30,212,0,285.0,Dataset 01,0.37258347978910367,0.0,0.10526315789473684,5.652489180268651,-2.2512917986064953,-0.8594760834891552,1.3153786537458487,0.5046721465823615,-0.5956564979686924
D001,Breast Cancer Wisconsin Diagnostic,gradient_boosted_trees,C4,-0.0057881215574117,0.75,569,30,212,0,427.0,Dataset 01,0.37258347978910367,0.0,0.0702576112412178,6.056784013228625,-2.6555866315664693,-0.11897872289907849,0.8353692434843463,0.5046721465823615,-0.5956564979686924
D001,Breast Cancer Wisconsin Diagnostic,gradient_boosted_trees,C4,-0.004249222214828,1.0,569,30,212,0,569.0,Dataset 01,0.37258347978910367,0.0,0.05272407732864675,6.343880434126331,-2.9426830524641754,0.4068606511862596,0.4945066539865988,0.5046721465823615,-0.5956564979686924
D001,Breast Cancer Wisconsin Diagnostic,gradient_boosted_trees,C5,0.0217070839591553,0.5,569,30,212,0,285.0,Dataset 01,0.37258347978910367,0.0,0.10526315789473684,5.652489180268651,-2.2512917986064953,-0.8594760834891552,1.3153786537458487,0.5046721465823615,-0.5956564979686924
D001,Breast Cancer Wisconsin Diagnostic,gradient_boosted_trees,C5,0.0038144649122333,0.75,569,30,212,0,427.0,Dataset 01,0.37258347978910367,0.0,0.0702576112412178,6.056784013228625,-2.6555866315664693,-0.11897872289907849,0.8353692434843463,0.5046721465823615,-0.5956564979686924
D001,Breast Cancer Wisconsin Diagnostic,gradient_boosted_trees,C5,0.0051238841781616,1.0,569,30,212,0,569.0,Dataset 01,0.37258347978910367,0.0,0.05272407732864675,6.343880434126331,-2.9426830524641754,0.4068606511862596,0.4945066539865988,0.5046721465823615,-0.5956564979686924
D001,Breast Cancer Wisconsin Diagnostic,logistic_regression,C2,5.898229514034181e-05,0.5,569,30,212,0,285.0,Dataset 01,0.37258347978910367,0.0,0.10526315789473684,5.652489180268651,-2.2512917986064953,-0.8594760834891552,1.3153786537458487,0.5046721465823615,-0.5956564979686924
D001,Breast Cancer Wisconsin Diagnostic,logistic_regression,C2,-0.0016285497958076,0.75,569,30,212,0,427.0,Dataset 01,0.37258347978910367,0.0,0.0702576112412178,6.056784013228625,-2.6555866315664693,-0.11897872289907849,0.8353692434843463,0.5046721465823615,-0.5956564979686924
D001,Breast Cancer Wisconsin Diagnostic,logistic_regression,C2,-0.0004783288061522,1.0,569,30,212,0,569.0,Dataset 01,0.37258347978910367,0.0,0.05272407732864675,6.343880434126331,-2.9426830524641754,0.4068606511862596,0.4945066539865988,0.5046721465823615,-0.5956564979686924
D001,Breast Cancer Wisconsin Diagnostic,logistic_regression,C3,-0.0014565276999075,0.5,569,30,212,0,285.0,Dataset 01,0.37258347978910367,0.0,0.10526315789473684,5.652489180268651,-2.2512917986064953,-0.8594760834891552,1.3153786537458487,0.5046721465823615,-0.5956564979686924
D001,Breast Cancer Wisconsin Diagnostic,logistic_regression,C3,-0.0014482067291661,0.75,569,30,212,0,427.0,Dataset 01,0.37258347978910367,0.0,0.0702576112412178,6.056784013228625,-2.6555866315664693,-0.11897872289907849,0.8353692434843463,0.5046721465823615,-0.5956564979686924
D001,Breast Cancer Wisconsin Diagnostic,logistic_regression,C3,-0.0010816828131736,1.0,569,30,212,0,569.0,Dataset 01,0.37258347978910367,0.0,0.05272407732864675,6.343880434126331,-2.9426830524641754,0.4068606511862596,0.4945066539865988,0.5046721465823615,-0.5956564979686924
D001,Breast Cancer Wisconsin Diagnostic,logistic_regression,C4,-0.0110550186047838,0.5,569,30,212,0,285.0,Dataset 01,0.37258347978910367,0.0,0.10526315789473684,5.652489180268651,-2.2512917986064953,-0.8594760834891552,1.3153786537458487,0.5046721465823615,-0.5956564979686924
D001,Breast Cancer Wisconsin Diagnostic,logistic_regression,C4,-0.0055313770946707,0.75,569,30,212,0,427.0,Dataset 01,0.37258347978910367,0.0,0.0702576112412178,6.056784013228625,-2.6555866315664693,-0.11897872289907849,0.8353692434843463,0.5046721465823615,-0.5956564979686924
D001,Breast Cancer Wisconsin Diagnostic,logistic_regression,C4,-0.0049106785038035,1.0,569,30,212,0,569.0,Dataset 01,0.37258347978910367,0.0,0.05272407732864675,6.343880434126331,-2.9426830524641754,0.4068606511862596,0.4945066539865988,0.5046721465823615,-0.5956564979686924
D001,Breast Cancer Wisconsin Diagnostic,logistic_regression,C5,0.0020662732558868,0.5,569,30,212,0,285.0,Dataset 01,0.37258347978910367,0.0,0.10526315789473684,5.652489180268651,-2.2512917986064953,-0.8594760834891552,1.3153786537458487,0.5046721465823615,-0.5956564979686924
D001,Breast Cancer Wisconsin Diagnostic,logistic_regression,C5,0.0020034064478128,0.75,569,30,212,0,427.0,Dataset 01,0.37258347978910367,0.0,0.0702576112412178,6.056784013228625,-2.6555866315664693,-0.11897872289907849,0.8353692434843463,0.5046721465823615,-0.5956564979686924
D001,Breast Cancer Wisconsin Diagnostic,logistic_regression,C5,0.000669916943408,1.0,569,30,212,0,569.0,Dataset 01,0.37258347978910367,0.0,0.05272407732864675,6.343880434126331,-2.9426830524641754,0.4068606511862596,0.4945066539865988,0.5046721465823615,-0.5956564979686924
D001,Breast Cancer Wisconsin Diagnostic,random_forest,C2,0.005188180509136,0.5,569,30,212,0,285.0,Dataset 01,0.37258347978910367,0.0,0.10526315789473684,5.652489180268651,-2.2512917986064953,-0.8594760834891552,1.3153786537458487,0.5046721465823615,-0.5956564979686924
D001,Breast Cancer Wisconsin Diagnostic,random_forest,C2,0.0014339198574732,0.75,569,30,212,0,427.0,Dataset 01,0.37258347978910367,0.0,0.0702576112412178,6.056784013228625,-2.6555866315664693,-0.11897872289907849,0.8353692434843463,0.5046721465823615,-0.5956564979686924
D001,Breast Cancer Wisconsin Diagnostic,random_forest,C2,-6.690501178119312e-05,1.0,569,30,212,0,569.0,Dataset 01,0.37258347978910367,0.0,0.05272407732864675,6.343880434126331,-2.9426830524641754,0.4068606511862596,0.4945066539865988,0.5046721465823615,-0.5956564979686924
D001,Breast Cancer Wisconsin Diagnostic,random_forest,C3,0.0058453272985952,0.5,569,30,212,0,285.0,Dataset 01,0.37258347978910367,0.0,0.10526315789473684,5.652489180268651,-2.2512917986064953,-0.8594760834891552,1.3153786537458487,0.5046721465823615,-0.5956564979686924
D001,Breast Cancer Wisconsin Diagnostic,random_forest,C3,0.0027792296016614,0.75,569,30,212,0,427.0,Dataset 01,0.37258347978910367,0.0,0.0702576112412178,6.056784013228625,-2.6555866315664693,-0.11897872289907849,0.8353692434843463,0.5046721465823615,-0.5956564979686924
D001,Breast Cancer Wisconsin Diagnostic,random_forest,C3,0.0012881593725084,1.0,569,30,212,0,569.0,Dataset 01,0.37258347978910367,0.0,0.05272407732864675,6.343880434126331,-2.9426830524641754,0.4068606511862596,0.4945066539865988,0.5046721465823615,-0.5956564979686924
D001,Breast Cancer Wisconsin Diagnostic,random_forest,C4,0.0041770335561404,0.5,569,30,212,0,285.0,Dataset 01,0.37258347978910367,0.0,0.10526315789473684,5.652489180268651,-2.2512917986064953,-0.8594760834891552,1.3153786537458487,0.5046721465823615,-0.5956564979686924
D001,Breast Cancer Wisconsin Diagnostic,random_forest,C4,-0.0009511364790186,0.75,569,30,212,0,427.0,Dataset 01,0.37258347978910367,0.0,0.0702576112412178,6.056784013228625,-2.6555866315664693,-0.11897872289907849,0.8353692434843463,0.5046721465823615,-0.5956564979686924
D001,Breast Cancer Wisconsin Diagnostic,random_forest,C4,-0.002138273014907,1.0,569,30,212,0,569.0,Dataset 01,0.37258347978910367,0.0,0.05272407732864675,6.343880434126331,-2.9426830524641754,0.4068606511862596,0.4945066539865988,0.5046721465823615,-0.5956564979686924
D001,Breast Cancer Wisconsin Diagnostic,random_forest,C5,0.0144057347136679,0.5,569,30,212,0,285.0,Dataset 01,0.37258347978910367,0.0,0.10526315789473684,5.652489180268651,-2.2512917986064953,-0.8594760834891552,1.3153786537458487,0.5046721465823615,-0.5956564979686924
D001,Breast Cancer Wisconsin Diagnostic,random_forest,C5,0.0055751109489875,0.75,569,30,212,0,427.0,Dataset 01,0.37258347978910367,0.0,0.0702576112412178,6.056784013228625,-2.6555866315664693,-0.11897872289907849,0.8353692434843463,0.5046721465823615,-0.5956564979686924
D001,Breast Cancer Wisconsin Diagnostic,random_forest,C5,0.0059175197254319,1.0,569,30,212,0,569.0,Dataset 01,0.37258347978910367,0.0,0.05272407732864675,6.343880434126331,-2.9426830524641754,0.4068606511862596,0.4945066539865988,0.5046721465823615,-0.5956564979686924
D002,Chronic Kidney Disease,gradient_boosted_trees,C2,-0.0001475149489127,0.5,400,24,150,1012,200.0,Dataset 02,0.375,0.10541666666666667,0.12,5.298317366548036,-2.120263536200091,-1.5081692447037085,1.4709453190549606,0.5243659897368481,1.8882966566072075
D002,Chronic Kidney Disease,gradient_boosted_trees,C2,-0.0001771044089358,0.75,400,24,150,1012,300.0,Dataset 02,0.375,0.10541666666666667,0.08,5.703782474656201,-2.5257286443082556,-0.7655284343642131,0.9895464696071742,0.5243659897368481,1.8882966566072075
D002,Chronic Kidney Disease,gradient_boosted_trees,C2,0.0003702121177241,1.0,400,24,150,1012,400.0,Dataset 02,0.375,0.10541666666666667,0.06,5.991464547107982,-2.8134107167600364,-0.23861639400994764,0.6479885502803712,0.5243659897368481,1.8882966566072075
D002,Chronic Kidney Disease,gradient_boosted_trees,C3,-0.0001469273960095,0.5,400,24,150,1012,200.0,Dataset 02,0.375,0.10541666666666667,0.12,5.298317366548036,-2.120263536200091,-1.5081692447037085,1.4709453190549606,0.5243659897368481,1.8882966566072075
D002,Chronic Kidney Disease,gradient_boosted_trees,C3,0.0004006913784327,0.75,400,24,150,1012,300.0,Dataset 02,0.375,0.10541666666666667,0.08,5.703782474656201,-2.5257286443082556,-0.7655284343642131,0.9895464696071742,0.5243659897368481,1.8882966566072075
D002,Chronic Kidney Disease,gradient_boosted_trees,C3,-0.0005073990351038,1.0,400,24,150,1012,400.0,Dataset 02,0.375,0.10541666666666667,0.06,5.991464547107982,-2.8134107167600364,-0.23861639400994764,0.6479885502803712,0.5243659897368481,1.8882966566072075
D002,Chronic Kidney Disease,gradient_boosted_trees,C4,0.0001494193447434,0.5,400,24,150,1012,200.0,Dataset 02,0.375,0.10541666666666667,0.12,5.298317366548036,-2.120263536200091,-1.5081692447037085,1.4709453190549606,0.5243659897368481,1.8882966566072075
D002,Chronic Kidney Disease,gradient_boosted_trees,C4,-0.0022243158316603,0.75,400,24,150,1012,300.0,Dataset 02,0.375,0.10541666666666667,0.08,5.703782474656201,-2.5257286443082556,-0.7655284343642131,0.9895464696071742,0.5243659897368481,1.8882966566072075
D002,Chronic Kidney Disease,gradient_boosted_trees,C4,-0.000773880492594,1.0,400,24,150,1012,400.0,Dataset 02,0.375,0.10541666666666667,0.06,5.991464547107982,-2.8134107167600364,-0.23861639400994764,0.6479885502803712,0.5243659897368481,1.8882966566072075
D002,Chronic Kidney Disease,gradient_boosted_trees,C5,0.0008074935400516,0.5,400,24,150,1012,200.0,Dataset 02,0.375,0.10541666666666667,0.12,5.298317366548036,-2.120263536200091,-1.5081692447037085,1.4709453190549606,0.5243659897368481,1.8882966566072075
D002,Chronic Kidney Disease,gradient_boosted_trees,C5,0.0011335295931841,0.75,400,24,150,1012,300.0,Dataset 02,0.375,0.10541666666666667,0.08,5.703782474656201,-2.5257286443082556,-0.7655284343642131,0.9895464696071742,0.5243659897368481,1.8882966566072075
D002,Chronic Kidney Disease,gradient_boosted_trees,C5,0.000527130885231,1.0,400,24,150,1012,400.0,Dataset 02,0.375,0.10541666666666667,0.06,5.991464547107982,-2.8134107167600364,-0.23861639400994764,0.6479885502803712,0.5243659897368481,1.8882966566072075
D002,Chronic Kidney Disease,logistic_regression,C2,-0.0001061120543294,0.5,400,24,150,1012,200.0,Dataset 02,0.375,0.10541666666666667,0.12,5.298317366548036,-2.120263536200091,-1.5081692447037085,1.4709453190549606,0.5243659897368481,1.8882966566072075
D002,Chronic Kidney Disease,logistic_regression,C2,0.0002430439460122,0.75,400,24,150,1012,300.0,Dataset 02,0.375,0.10541666666666667,0.08,5.703782474656201,-2.5257286443082556,-0.7655284343642131,0.9895464696071742,0.5243659897368481,1.8882966566072075
D002,Chronic Kidney Disease,logistic_regression,C2,3.785639834419374e-05,1.0,400,24,150,1012,400.0,Dataset 02,0.375,0.10541666666666667,0.06,5.991464547107982,-2.8134107167600364,-0.23861639400994764,0.6479885502803712,0.5243659897368481,1.8882966566072075
D002,Chronic Kidney Disease,logistic_regression,C3,-0.0004693370386567,0.5,400,24,150,1012,200.0,Dataset 02,0.375,0.10541666666666667,0.12,5.298317366548036,-2.120263536200091,-1.5081692447037085,1.4709453190549606,0.5243659897368481,1.8882966566072075
D002,Chronic Kidney Disease,logistic_regression,C3,0.0003029358791244,0.75,400,24,150,1012,300.0,Dataset 02,0.375,0.10541666666666667,0.08,5.703782474656201,-2.5257286443082556,-0.7655284343642131,0.9895464696071742,0.5243659897368481,1.8882966566072075
D002,Chronic Kidney Disease,logistic_regression,C3,-4.0859349101585174e-05,1.0,400,24,150,1012,400.0,Dataset 02,0.375,0.10541666666666667,0.06,5.991464547107982,-2.8134107167600364,-0.23861639400994764,0.6479885502803712,0.5243659897368481,1.8882966566072075
D002,Chronic Kidney Disease,logistic_regression,C4,-0.0008524277141298,0.5,400,24,150,1012,200.0,Dataset 02,0.375,0.10541666666666667,0.12,5.298317366548036,-2.120263536200091,-1.5081692447037085,1.4709453190549606,0.5243659897368481,1.8882966566072075
D002,Chronic Kidney Disease,logistic_regression,C4,0.0004431216931216,0.75,400,24,150,1012,300.0,Dataset 02,0.375,0.10541666666666667,0.08,5.703782474656201,-2.5257286443082556,-0.7655284343642131,0.9895464696071742,0.5243659897368481,1.8882966566072075
D002,Chronic Kidney Disease,logistic_regression,C4,-0.0003980166175288,1.0,400,24,150,1012,400.0,Dataset 02,0.375,0.10541666666666667,0.06,5.991464547107982,-2.8134107167600364,-0.23861639400994764,0.6479885502803712,0.5243659897368481,1.8882966566072075
D002,Chronic Kidney Disease,logistic_regression,C5,-0.0004900003991856,0.5,400,24,150,1012,200.0,Dataset 02,0.375,0.10541666666666667,0.12,5.298317366548036,-2.120263536200091,-1.5081692447037085,1.4709453190549606,0.5243659897368481,1.8882966566072075
D002,Chronic Kidney Disease,logistic_regression,C5,-0.0014899760602221,0.75,400,24,150,1012,300.0,Dataset 02,0.375,0.10541666666666667,0.08,5.703782474656201,-2.5257286443082556,-0.7655284343642131,0.9895464696071742,0.5243659897368481,1.8882966566072075
D002,Chronic Kidney Disease,logistic_regression,C5,3.743635819120073e-07,1.0,400,24,150,1012,400.0,Dataset 02,0.375,0.10541666666666667,0.06,5.991464547107982,-2.8134107167600364,-0.23861639400994764,0.6479885502803712,0.5243659897368481,1.8882966566072075
D002,Chronic Kidney Disease,random_forest,C2,-0.0010107868445808,0.5,400,24,150,1012,200.0,Dataset 02,0.375,0.10541666666666667,0.12,5.298317366548036,-2.120263536200091,-1.5081692447037085,1.4709453190549606,0.5243659897368481,1.8882966566072075
D002,Chronic Kidney Disease,random_forest,C2,-0.0006659373541141,0.75,400,24,150,1012,300.0,Dataset 02,0.375,0.10541666666666667,0.08,5.703782474656201,-2.5257286443082556,-0.7655284343642131,0.9895464696071742,0.5243659897368481,1.8882966566072075
D002,Chronic Kidney Disease,random_forest,C2,5.178626609469994e-05,1.0,400,24,150,1012,400.0,Dataset 02,0.375,0.10541666666666667,0.06,5.991464547107982,-2.8134107167600364,-0.23861639400994764,0.6479885502803712,0.5243659897368481,1.8882966566072075
D002,Chronic Kidney Disease,random_forest,C3,-0.0013017038720833,0.5,400,24,150,1012,200.0,Dataset 02,0.375,0.10541666666666667,0.12,5.298317366548036,-2.120263536200091,-1.5081692447037085,1.4709453190549606,0.5243659897368481,1.8882966566072075
D002,Chronic Kidney Disease,random_forest,C3,0.0005981884594999,0.75,400,24,150,1012,300.0,Dataset 02,0.375,0.10541666666666667,0.08,5.703782474656201,-2.5257286443082556,-0.7655284343642131,0.9895464696071742,0.5243659897368481,1.8882966566072075
D002,Chronic Kidney Disease,random_forest,C3,0.0002250223543243,1.0,400,24,150,1012,400.0,Dataset 02,0.375,0.10541666666666667,0.06,5.991464547107982,-2.8134107167600364,-0.23861639400994764,0.6479885502803712,0.5243659897368481,1.8882966566072075
D002,Chronic Kidney Disease,random_forest,C4,0.0002974769514914,0.5,400,24,150,1012,200.0,Dataset 02,0.375,0.10541666666666667,0.12,5.298317366548036,-2.120263536200091,-1.5081692447037085,1.4709453190549606,0.5243659897368481,1.8882966566072075
D002,Chronic Kidney Disease,random_forest,C4,0.0003159360093782,0.75,400,24,150,1012,300.0,Dataset 02,0.375,0.10541666666666667,0.08,5.703782474656201,-2.5257286443082556,-0.7655284343642131,0.9895464696071742,0.5243659897368481,1.8882966566072075
D002,Chronic Kidney Disease,random_forest,C4,2.7659281967684635e-05,1.0,400,24,150,1012,400.0,Dataset 02,0.375,0.10541666666666667,0.06,5.991464547107982,-2.8134107167600364,-0.23861639400994764,0.6479885502803712,0.5243659897368481,1.8882966566072075
D002,Chronic Kidney Disease,random_forest,C5,0.0004747819160303,0.5,400,24,150,1012,200.0,Dataset 02,0.375,0.10541666666666667,0.12,5.298317366548036,-2.120263536200091,-1.5081692447037085,1.4709453190549606,0.5243659897368481,1.8882966566072075
D002,Chronic Kidney Disease,random_forest,C5,0.0008904995403034,0.75,400,24,150,1012,300.0,Dataset 02,0.375,0.10541666666666667,0.08,5.703782474656201,-2.5257286443082556,-0.7655284343642131,0.9895464696071742,0.5243659897368481,1.8882966566072075
D002,Chronic Kidney Disease,random_forest,C5,0.000345119599428,1.0,400,24,150,1012,400.0,Dataset 02,0.375,0.10541666666666667,0.06,5.991464547107982,-2.8134107167600364,-0.23861639400994764,0.6479885502803712,0.5243659897368481,1.8882966566072075
D003,ILPD Indian Liver Patient,gradient_boosted_trees,C2,0.0390427193676677,0.5,583,10,167,4,293.0,Dataset 03,0.2864493996569468,0.0006861063464837049,0.034129692832764506,5.680172609017068,-3.3775875160230218,-0.8087717354513566,-0.021844825315251296,-0.19729221387688184,-0.5794896424076861
D003,ILPD Indian Liver Patient,gradient_boosted_trees,C2,-0.0006026022258839,0.75,583,10,167,4,439.0,Dataset 03,0.2864493996569468,0.0006861063464837049,0.022779043280182234,6.0844994130751715,-3.7819143200811256,-0.06821581731403907,-0.5018921940830409,-0.19729221387688184,-0.5794896424076861
D003,ILPD Indian Liver Patient,gradient_boosted_trees,C2,0.0049966370335616,1.0,583,10,167,4,583.0,Dataset 03,0.2864493996569468,0.0006861063464837049,0.017152658662092625,6.368187186350492,-4.065602093356446,0.45138035413356487,-0.8387077792621047,-0.19729221387688184,-0.5794896424076861
D003,ILPD Indian Liver Patient,gradient_boosted_trees,C3,0.0260626576226311,0.5,583,10,167,4,293.0,Dataset 03,0.2864493996569468,0.0006861063464837049,0.034129692832764506,5.680172609017068,-3.3775875160230218,-0.8087717354513566,-0.021844825315251296,-0.19729221387688184,-0.5794896424076861
D003,ILPD Indian Liver Patient,gradient_boosted_trees,C3,-0.0311181168880324,0.75,583,10,167,4,439.0,Dataset 03,0.2864493996569468,0.0006861063464837049,0.022779043280182234,6.0844994130751715,-3.7819143200811256,-0.06821581731403907,-0.5018921940830409,-0.19729221387688184,-0.5794896424076861
D003,ILPD Indian Liver Patient,gradient_boosted_trees,C3,0.0168912619604338,1.0,583,10,167,4,583.0,Dataset 03,0.2864493996569468,0.0006861063464837049,0.017152658662092625,6.368187186350492,-4.065602093356446,0.45138035413356487,-0.8387077792621047,-0.19729221387688184,-0.5794896424076861
D003,ILPD Indian Liver Patient,gradient_boosted_trees,C4,0.0429115701650905,0.5,583,10,167,4,293.0,Dataset 03,0.2864493996569468,0.0006861063464837049,0.034129692832764506,5.680172609017068,-3.3775875160230218,-0.8087717354513566,-0.021844825315251296,-0.19729221387688184,-0.5794896424076861
D003,ILPD Indian Liver Patient,gradient_boosted_trees,C4,-0.0118439793662732,0.75,583,10,167,4,439.0,Dataset 03,0.2864493996569468,0.0006861063464837049,0.022779043280182234,6.0844994130751715,-3.7819143200811256,-0.06821581731403907,-0.5018921940830409,-0.19729221387688184,-0.5794896424076861
D003,ILPD Indian Liver Patient,gradient_boosted_trees,C4,0.0041200728494654,1.0,583,10,167,4,583.0,Dataset 03,0.2864493996569468,0.0006861063464837049,0.017152658662092625,6.368187186350492,-4.065602093356446,0.45138035413356487,-0.8387077792621047,-0.19729221387688184,-0.5794896424076861
D003,ILPD Indian Liver Patient,gradient_boosted_trees,C5,0.1313200613058744,0.5,583,10,167,4,293.0,Dataset 03,0.2864493996569468,0.0006861063464837049,0.034129692832764506,5.680172609017068,-3.3775875160230218,-0.8087717354513566,-0.021844825315251296,-0.19729221387688184,-0.5794896424076861
D003,ILPD Indian Liver Patient,gradient_boosted_trees,C5,0.1262063537251976,0.75,583,10,167,4,439.0,Dataset 03,0.2864493996569468,0.0006861063464837049,0.022779043280182234,6.0844994130751715,-3.7819143200811256,-0.06821581731403907,-0.5018921940830409,-0.19729221387688184,-0.5794896424076861
D003,ILPD Indian Liver Patient,gradient_boosted_trees,C5,0.1624723491892941,1.0,583,10,167,4,583.0,Dataset 03,0.2864493996569468,0.0006861063464837049,0.017152658662092625,6.368187186350492,-4.065602093356446,0.45138035413356487,-0.8387077792621047,-0.19729221387688184,-0.5794896424076861
D003,ILPD Indian Liver Patient,logistic_regression,C2,0.0314869924081507,0.5,583,10,167,4,293.0,Dataset 03,0.2864493996569468,0.0006861063464837049,0.034129692832764506,5.680172609017068,-3.3775875160230218,-0.8087717354513566,-0.021844825315251296,-0.19729221387688184,-0.5794896424076861
D003,ILPD Indian Liver Patient,logistic_regression,C2,0.0030085039919423,0.75,583,10,167,4,439.0,Dataset 03,0.2864493996569468,0.0006861063464837049,0.022779043280182234,6.0844994130751715,-3.7819143200811256,-0.06821581731403907,-0.5018921940830409,-0.19729221387688184,-0.5794896424076861
D003,ILPD Indian Liver Patient,logistic_regression,C2,0.0068597841566319,1.0,583,10,167,4,583.0,Dataset 03,0.2864493996569468,0.0006861063464837049,0.017152658662092625,6.368187186350492,-4.065602093356446,0.45138035413356487,-0.8387077792621047,-0.19729221387688184,-0.5794896424076861
D003,ILPD Indian Liver Patient,logistic_regression,C3,0.0205757699495763,0.5,583,10,167,4,293.0,Dataset 03,0.2864493996569468,0.0006861063464837049,0.034129692832764506,5.680172609017068,-3.3775875160230218,-0.8087717354513566,-0.021844825315251296,-0.19729221387688184,-0.5794896424076861
D003,ILPD Indian Liver Patient,logistic_regression,C3,0.0021897659131148,0.75,583,10,167,4,439.0,Dataset 03,0.2864493996569468,0.0006861063464837049,0.022779043280182234,6.0844994130751715,-3.7819143200811256,-0.06821581731403907,-0.5018921940830409,-0.19729221387688184,-0.5794896424076861
D003,ILPD Indian Liver Patient,logistic_regression,C3,0.0019914763655715,1.0,583,10,167,4,583.0,Dataset 03,0.2864493996569468,0.0006861063464837049,0.017152658662092625,6.368187186350492,-4.065602093356446,0.45138035413356487,-0.8387077792621047,-0.19729221387688184,-0.5794896424076861
D003,ILPD Indian Liver Patient,logistic_regression,C4,0.0421578890355267,0.5,583,10,167,4,293.0,Dataset 03,0.2864493996569468,0.0006861063464837049,0.034129692832764506,5.680172609017068,-3.3775875160230218,-0.8087717354513566,-0.021844825315251296,-0.19729221387688184,-0.5794896424076861
D003,ILPD Indian Liver Patient,logistic_regression,C4,0.012356905492954,0.75,583,10,167,4,439.0,Dataset 03,0.2864493996569468,0.0006861063464837049,0.022779043280182234,6.0844994130751715,-3.7819143200811256,-0.06821581731403907,-0.5018921940830409,-0.19729221387688184,-0.5794896424076861
D003,ILPD Indian Liver Patient,logistic_regression,C4,0.0049056087420075,1.0,583,10,167,4,583.0,Dataset 03,0.2864493996569468,0.0006861063464837049,0.017152658662092625,6.368187186350492,-4.065602093356446,0.45138035413356487,-0.8387077792621047,-0.19729221387688184,-0.5794896424076861
D003,ILPD Indian Liver Patient,logistic_regression,C5,0.0498559792881988,0.5,583,10,167,4,293.0,Dataset 03,0.2864493996569468,0.0006861063464837049,0.034129692832764506,5.680172609017068,-3.3775875160230218,-0.8087717354513566,-0.021844825315251296,-0.19729221387688184,-0.5794896424076861
D003,ILPD Indian Liver Patient,logistic_regression,C5,0.0098289877082885,0.75,583,10,167,4,439.0,Dataset 03,0.2864493996569468,0.0006861063464837049,0.022779043280182234,6.0844994130751715,-3.7819143200811256,-0.06821581731403907,-0.5018921940830409,-0.19729221387688184,-0.5794896424076861
D003,ILPD Indian Liver Patient,logistic_regression,C5,0.0123427497060477,1.0,583,10,167,4,583.0,Dataset 03,0.2864493996569468,0.0006861063464837049,0.017152658662092625,6.368187186350492,-4.065602093356446,0.45138035413356487,-0.8387077792621047,-0.19729221387688184,-0.5794896424076861
D003,ILPD Indian Liver Patient,random_forest,C2,0.0034660312748612,0.5,583,10,167,4,293.0,Dataset 03,0.2864493996569468,0.0006861063464837049,0.034129692832764506,5.680172609017068,-3.3775875160230218,-0.8087717354513566,-0.021844825315251296,-0.19729221387688184,-0.5794896424076861
D003,ILPD Indian Liver Patient,random_forest,C2,0.0111441902920098,0.75,583,10,167,4,439.0,Dataset 03,0.2864493996569468,0.0006861063464837049,0.022779043280182234,6.0844994130751715,-3.7819143200811256,-0.06821581731403907,-0.5018921940830409,-0.19729221387688184,-0.5794896424076861
D003,ILPD Indian Liver Patient,random_forest,C2,-0.000205426477454,1.0,583,10,167,4,583.0,Dataset 03,0.2864493996569468,0.0006861063464837049,0.017152658662092625,6.368187186350492,-4.065602093356446,0.45138035413356487,-0.8387077792621047,-0.19729221387688184,-0.5794896424076861
D003,ILPD Indian Liver Patient,random_forest,C3,0.0069931406819789,0.5,583,10,167,4,293.0,Dataset 03,0.2864493996569468,0.0006861063464837049,0.034129692832764506,5.680172609017068,-3.3775875160230218,-0.8087717354513566,-0.021844825315251296,-0.19729221387688184,-0.5794896424076861
D003,ILPD Indian Liver Patient,random_forest,C3,-0.0046411296904549,0.75,583,10,167,4,439.0,Dataset 03,0.2864493996569468,0.0006861063464837049,0.022779043280182234,6.0844994130751715,-3.7819143200811256,-0.06821581731403907,-0.5018921940830409,-0.19729221387688184,-0.5794896424076861
D003,ILPD Indian Liver Patient,random_forest,C3,-0.0050767049083406,1.0,583,10,167,4,583.0,Dataset 03,0.2864493996569468,0.0006861063464837049,0.017152658662092625,6.368187186350492,-4.065602093356446,0.45138035413356487,-0.8387077792621047,-0.19729221387688184,-0.5794896424076861
D003,ILPD Indian Liver Patient,random_forest,C4,0.0171418397281271,0.5,583,10,167,4,293.0,Dataset 03,0.2864493996569468,0.0006861063464837049,0.034129692832764506,5.680172609017068,-3.3775875160230218,-0.8087717354513566,-0.021844825315251296,-0.19729221387688184,-0.5794896424076861
D003,ILPD Indian Liver Patient,random_forest,C4,0.0111269334248591,0.75,583,10,167,4,439.0,Dataset 03,0.2864493996569468,0.0006861063464837049,0.022779043280182234,6.0844994130751715,-3.7819143200811256,-0.06821581731403907,-0.5018921940830409,-0.19729221387688184,-0.5794896424076861
D003,ILPD Indian Liver Patient,random_forest,C4,0.0071625770044492,1.0,583,10,167,4,583.0,Dataset 03,0.2864493996569468,0.0006861063464837049,0.017152658662092625,6.368187186350492,-4.065602093356446,0.45138035413356487,-0.8387077792621047,-0.19729221387688184,-0.5794896424076861
D003,ILPD Indian Liver Patient,random_forest,C5,0.1013124684738713,0.5,583,10,167,4,293.0,Dataset 03,0.2864493996569468,0.0006861063464837049,0.034129692832764506,5.680172609017068,-3.3775875160230218,-0.8087717354513566,-0.021844825315251296,-0.19729221387688184,-0.5794896424076861
D003,ILPD Indian Liver Patient,random_forest,C5,0.103715163821199,0.75,583,10,167,4,439.0,Dataset 03,0.2864493996569468,0.0006861063464837049,0.022779043280182234,6.0844994130751715,-3.7819143200811256,-0.06821581731403907,-0.5018921940830409,-0.19729221387688184,-0.5794896424076861
D003,ILPD Indian Liver Patient,random_forest,C5,0.1173571789240761,1.0,583,10,167,4,583.0,Dataset 03,0.2864493996569468,0.0006861063464837049,0.017152658662092625,6.368187186350492,-4.065602093356446,0.45138035413356487,-0.8387077792621047,-0.19729221387688184,-0.5794896424076861
D005,Heart Disease Cleveland,gradient_boosted_trees,C2,0.0142835557672971,0.75,303,13,139,6,228.0,Dataset 04,0.45874587458745875,0.0015232292460015233,0.05701754385964912,5.429345628954441,-2.864396271492904,-1.2681808140718174,0.587454642686251,1.206867262237678,-0.559764354815354
D005,Heart Disease Cleveland,gradient_boosted_trees,C2,0.0141055447728907,1.0,303,13,139,6,303.0,Dataset 04,0.45874587458745875,0.0015232292460015233,0.0429042904290429,5.713732805509369,-3.1487834480478325,-0.7473036312426302,0.24980867302435408,1.206867262237678,-0.559764354815354
D005,Heart Disease Cleveland,gradient_boosted_trees,C3,0.0033780634645049,0.75,303,13,139,6,228.0,Dataset 04,0.45874587458745875,0.0015232292460015233,0.05701754385964912,5.429345628954441,-2.864396271492904,-1.2681808140718174,0.587454642686251,1.206867262237678,-0.559764354815354
D005,Heart Disease Cleveland,gradient_boosted_trees,C3,-0.0069928220638434,1.0,303,13,139,6,303.0,Dataset 04,0.45874587458745875,0.0015232292460015233,0.0429042904290429,5.713732805509369,-3.1487834480478325,-0.7473036312426302,0.24980867302435408,1.206867262237678,-0.559764354815354
D005,Heart Disease Cleveland,gradient_boosted_trees,C4,0.0230201590287276,0.75,303,13,139,6,228.0,Dataset 04,0.45874587458745875,0.0015232292460015233,0.05701754385964912,5.429345628954441,-2.864396271492904,-1.2681808140718174,0.587454642686251,1.206867262237678,-0.559764354815354
D005,Heart Disease Cleveland,gradient_boosted_trees,C4,-0.0020609349115552,1.0,303,13,139,6,303.0,Dataset 04,0.45874587458745875,0.0015232292460015233,0.0429042904290429,5.713732805509369,-3.1487834480478325,-0.7473036312426302,0.24980867302435408,1.206867262237678,-0.559764354815354
D005,Heart Disease Cleveland,gradient_boosted_trees,C5,0.0217191090775118,0.75,303,13,139,6,228.0,Dataset 04,0.45874587458745875,0.0015232292460015233,0.05701754385964912,5.429345628954441,-2.864396271492904,-1.2681808140718174,0.587454642686251,1.206867262237678,-0.559764354815354
D005,Heart Disease Cleveland,gradient_boosted_trees,C5,0.0034273897696173,1.0,303,13,139,6,303.0,Dataset 04,0.45874587458745875,0.0015232292460015233,0.0429042904290429,5.713732805509369,-3.1487834480478325,-0.7473036312426302,0.24980867302435408,1.206867262237678,-0.559764354815354
D005,Heart Disease Cleveland,logistic_regression,C2,-0.0027524411752946,0.75,303,13,139,6,228.0,Dataset 04,0.45874587458745875,0.0015232292460015233,0.05701754385964912,5.429345628954441,-2.864396271492904,-1.2681808140718174,0.587454642686251,1.206867262237678,-0.559764354815354
D005,Heart Disease Cleveland,logistic_regression,C2,0.0126431843954147,1.0,303,13,139,6,303.0,Dataset 04,0.45874587458745875,0.0015232292460015233,0.0429042904290429,5.713732805509369,-3.1487834480478325,-0.7473036312426302,0.24980867302435408,1.206867262237678,-0.559764354815354
D005,Heart Disease Cleveland,logistic_regression,C3,-0.0004243298095565,0.75,303,13,139,6,228.0,Dataset 04,0.45874587458745875,0.0015232292460015233,0.05701754385964912,5.429345628954441,-2.864396271492904,-1.2681808140718174,0.587454642686251,1.206867262237678,-0.559764354815354
D005,Heart Disease Cleveland,logistic_regression,C3,0.0077685469115837,1.0,303,13,139,6,303.0,Dataset 04,0.45874587458745875,0.0015232292460015233,0.0429042904290429,5.713732805509369,-3.1487834480478325,-0.7473036312426302,0.24980867302435408,1.206867262237678,-0.559764354815354
D005,Heart Disease Cleveland,logistic_regression,C4,0.0025599569720126,0.75,303,13,139,6,228.0,Dataset 04,0.45874587458745875,0.0015232292460015233,0.05701754385964912,5.429345628954441,-2.864396271492904,-1.2681808140718174,0.587454642686251,1.206867262237678,-0.559764354815354
D005,Heart Disease Cleveland,logistic_regression,C4,0.0043631953302315,1.0,303,13,139,6,303.0,Dataset 04,0.45874587458745875,0.0015232292460015233,0.0429042904290429,5.713732805509369,-3.1487834480478325,-0.7473036312426302,0.24980867302435408,1.206867262237678,-0.559764354815354
D005,Heart Disease Cleveland,logistic_regression,C5,0.0071793221052465,0.75,303,13,139,6,228.0,Dataset 04,0.45874587458745875,0.0015232292460015233,0.05701754385964912,5.429345628954441,-2.864396271492904,-1.2681808140718174,0.587454642686251,1.206867262237678,-0.559764354815354
D005,Heart Disease Cleveland,logistic_regression,C5,0.0121399651217898,1.0,303,13,139,6,303.0,Dataset 04,0.45874587458745875,0.0015232292460015233,0.0429042904290429,5.713732805509369,-3.1487834480478325,-0.7473036312426302,0.24980867302435408,1.206867262237678,-0.559764354815354
D005,Heart Disease Cleveland,random_forest,C2,0.0146927025429379,0.75,303,13,139,6,228.0,Dataset 04,0.45874587458745875,0.0015232292460015233,0.05701754385964912,5.429345628954441,-2.864396271492904,-1.2681808140718174,0.587454642686251,1.206867262237678,-0.559764354815354
D005,Heart Disease Cleveland,random_forest,C2,0.0072920269308665,1.0,303,13,139,6,303.0,Dataset 04,0.45874587458745875,0.0015232292460015233,0.0429042904290429,5.713732805509369,-3.1487834480478325,-0.7473036312426302,0.24980867302435408,1.206867262237678,-0.559764354815354
D005,Heart Disease Cleveland,random_forest,C3,0.006224705594868,0.75,303,13,139,6,228.0,Dataset 04,0.45874587458745875,0.0015232292460015233,0.05701754385964912,5.429345628954441,-2.864396271492904,-1.2681808140718174,0.587454642686251,1.206867262237678,-0.559764354815354
D005,Heart Disease Cleveland,random_forest,C3,-0.0044608169828848,1.0,303,13,139,6,303.0,Dataset 04,0.45874587458745875,0.0015232292460015233,0.0429042904290429,5.713732805509369,-3.1487834480478325,-0.7473036312426302,0.24980867302435408,1.206867262237678,-0.559764354815354
D005,Heart Disease Cleveland,random_forest,C4,0.0140594781028644,0.75,303,13,139,6,228.0,Dataset 04,0.45874587458745875,0.0015232292460015233,0.05701754385964912,5.429345628954441,-2.864396271492904,-1.2681808140718174,0.587454642686251,1.206867262237678,-0.559764354815354
D005,Heart Disease Cleveland,random_forest,C4,-0.0054898508106693,1.0,303,13,139,6,303.0,Dataset 04,0.45874587458745875,0.0015232292460015233,0.0429042904290429,5.713732805509369,-3.1487834480478325,-0.7473036312426302,0.24980867302435408,1.206867262237678,-0.559764354815354
D005,Heart Disease Cleveland,random_forest,C5,0.0124551909473955,0.75,303,13,139,6,228.0,Dataset 04,0.45874587458745875,0.0015232292460015233,0.05701754385964912,5.429345628954441,-2.864396271492904,-1.2681808140718174,0.587454642686251,1.206867262237678,-0.559764354815354
D005,Heart Disease Cleveland,random_forest,C5,0.0069331695771184,1.0,303,13,139,6,303.0,Dataset 04,0.45874587458745875,0.0015232292460015233,0.0429042904290429,5.713732805509369,-3.1487834480478325,-0.7473036312426302,0.24980867302435408,1.206867262237678,-0.559764354815354
D006,SPECT Heart,gradient_boosted_trees,C2,0.0439968477224431,0.75,267,22,55,0,207.0,Dataset 05,0.20599250936329588,0.0,0.10628019323671498,5.332718793265369,-2.241676339907053,-1.4451603620568219,1.3267948537153647,-0.8529893485402732,-0.5956564979686924
D006,SPECT Heart,gradient_boosted_trees,C2,0.0141215272121864,1.0,267,22,55,0,267.0,Dataset 05,0.20599250936329588,0.0,0.08239700374531835,5.58724865840025,-2.4962062050419336,-0.9789691620758237,1.0245977428523885,-0.8529893485402732,-0.5956564979686924
D006,SPECT Heart,gradient_boosted_trees,C3,-0.006538083734546,0.75,267,22,55,0,207.0,Dataset 05,0.20599250936329588,0.0,0.10628019323671498,5.332718793265369,-2.241676339907053,-1.4451603620568219,1.3267948537153647,-0.8529893485402732,-0.5956564979686924
D006,SPECT Heart,gradient_boosted_trees,C3,-0.0161276255063403,1.0,267,22,55,0,267.0,Dataset 05,0.20599250936329588,0.0,0.08239700374531835,5.58724865840025,-2.4962062050419336,-0.9789691620758237,1.0245977428523885,-0.8529893485402732,-0.5956564979686924
D006,SPECT Heart,gradient_boosted_trees,C4,0.0207183170013789,0.75,267,22,55,0,207.0,Dataset 05,0.20599250936329588,0.0,0.10628019323671498,5.332718793265369,-2.241676339907053,-1.4451603620568219,1.3267948537153647,-0.8529893485402732,-0.5956564979686924
D006,SPECT Heart,gradient_boosted_trees,C4,0.0361058945692328,1.0,267,22,55,0,267.0,Dataset 05,0.20599250936329588,0.0,0.08239700374531835,5.58724865840025,-2.4962062050419336,-0.9789691620758237,1.0245977428523885,-0.8529893485402732,-0.5956564979686924
D006,SPECT Heart,gradient_boosted_trees,C5,0.0624930090832233,0.75,267,22,55,0,207.0,Dataset 05,0.20599250936329588,0.0,0.10628019323671498,5.332718793265369,-2.241676339907053,-1.4451603620568219,1.3267948537153647,-0.8529893485402732,-0.5956564979686924
D006,SPECT Heart,gradient_boosted_trees,C5,0.072718750755333,1.0,267,22,55,0,267.0,Dataset 05,0.20599250936329588,0.0,0.08239700374531835,5.58724865840025,-2.4962062050419336,-0.9789691620758237,1.0245977428523885,-0.8529893485402732,-0.5956564979686924
D006,SPECT Heart,logistic_regression,C2,0.071618042993842,0.75,267,22,55,0,207.0,Dataset 05,0.20599250936329588,0.0,0.10628019323671498,5.332718793265369,-2.241676339907053,-1.4451603620568219,1.3267948537153647,-0.8529893485402732,-0.5956564979686924
D006,SPECT Heart,logistic_regression,C2,0.0309884860243124,1.0,267,22,55,0,267.0,Dataset 05,0.20599250936329588,0.0,0.08239700374531835,5.58724865840025,-2.4962062050419336,-0.9789691620758237,1.0245977428523885,-0.8529893485402732,-0.5956564979686924
D006,SPECT Heart,logistic_regression,C3,0.0097957635418342,0.75,267,22,55,0,207.0,Dataset 05,0.20599250936329588,0.0,0.10628019323671498,5.332718793265369,-2.241676339907053,-1.4451603620568219,1.3267948537153647,-0.8529893485402732,-0.5956564979686924
D006,SPECT Heart,logistic_regression,C3,-0.004299884534075,1.0,267,22,55,0,267.0,Dataset 05,0.20599250936329588,0.0,0.08239700374531835,5.58724865840025,-2.4962062050419336,-0.9789691620758237,1.0245977428523885,-0.8529893485402732,-0.5956564979686924
D006,SPECT Heart,logistic_regression,C4,0.0478373669802538,0.75,267,22,55,0,207.0,Dataset 05,0.20599250936329588,0.0,0.10628019323671498,5.332718793265369,-2.241676339907053,-1.4451603620568219,1.3267948537153647,-0.8529893485402732,-0.5956564979686924
D006,SPECT Heart,logistic_regression,C4,0.026756424454331,1.0,267,22,55,0,267.0,Dataset 05,0.20599250936329588,0.0,0.08239700374531835,5.58724865840025,-2.4962062050419336,-0.9789691620758237,1.0245977428523885,-0.8529893485402732,-0.5956564979686924
D006,SPECT Heart,logistic_regression,C5,0.0612232537881191,0.75,267,22,55,0,207.0,Dataset 05,0.20599250936329588,0.0,0.10628019323671498,5.332718793265369,-2.241676339907053,-1.4451603620568219,1.3267948537153647,-0.8529893485402732,-0.5956564979686924
D006,SPECT Heart,logistic_regression,C5,0.0460542339075408,1.0,267,22,55,0,267.0,Dataset 05,0.20599250936329588,0.0,0.08239700374531835,5.58724865840025,-2.4962062050419336,-0.9789691620758237,1.0245977428523885,-0.8529893485402732,-0.5956564979686924
D006,SPECT Heart,random_forest,C2,0.0178320483906119,0.75,267,22,55,0,207.0,Dataset 05,0.20599250936329588,0.0,0.10628019323671498,5.332718793265369,-2.241676339907053,-1.4451603620568219,1.3267948537153647,-0.8529893485402732,-0.5956564979686924
D006,SPECT Heart,random_forest,C2,0.0391339820588824,1.0,267,22,55,0,267.0,Dataset 05,0.20599250936329588,0.0,0.08239700374531835,5.58724865840025,-2.4962062050419336,-0.9789691620758237,1.0245977428523885,-0.8529893485402732,-0.5956564979686924
D006,SPECT Heart,random_forest,C3,-0.0078685716192101,0.75,267,22,55,0,207.0,Dataset 05,0.20599250936329588,0.0,0.10628019323671498,5.332718793265369,-2.241676339907053,-1.4451603620568219,1.3267948537153647,-0.8529893485402732,-0.5956564979686924
D006,SPECT Heart,random_forest,C3,-0.0049906733641675,1.0,267,22,55,0,267.0,Dataset 05,0.20599250936329588,0.0,0.08239700374531835,5.58724865840025,-2.4962062050419336,-0.9789691620758237,1.0245977428523885,-0.8529893485402732,-0.5956564979686924
D006,SPECT Heart,random_forest,C4,0.0175524395785654,0.75,267,22,55,0,207.0,Dataset 05,0.20599250936329588,0.0,0.10628019323671498,5.332718793265369,-2.241676339907053,-1.4451603620568219,1.3267948537153647,-0.8529893485402732,-0.5956564979686924
D006,SPECT Heart,random_forest,C4,0.0203355111257731,1.0,267,22,55,0,267.0,Dataset 05,0.20599250936329588,0.0,0.08239700374531835,5.58724865840025,-2.4962062050419336,-0.9789691620758237,1.0245977428523885,-0.8529893485402732,-0.5956564979686924
D006,SPECT Heart,random_forest,C5,0.075328725210396,0.75,267,22,55,0,207.0,Dataset 05,0.20599250936329588,0.0,0.10628019323671498,5.332718793265369,-2.241676339907053,-1.4451603620568219,1.3267948537153647,-0.8529893485402732,-0.5956564979686924
D006,SPECT Heart,random_forest,C5,0.0861358900332295,1.0,267,22,55,0,267.0,Dataset 05,0.20599250936329588,0.0,0.08239700374531835,5.58724865840025,-2.4962062050419336,-0.9789691620758237,1.0245977428523885,-0.8529893485402732,-0.5956564979686924
D009,Cervical Cancer Risk Factors,gradient_boosted_trees,C2,0.0107167119989496,1.0,858,28,55,3622,858.0,Dataset 06,0.0641025641025641,0.15076590076590077,0.03263403263403263,6.754604099487962,-3.4223995893127586,1.1591329172092104,-0.07504910872129558,-2.0093456308355764,2.95686936584098
D009,Cervical Cancer Risk Factors,gradient_boosted_trees,C3,-0.005371525400335,1.0,858,28,55,3622,858.0,Dataset 06,0.0641025641025641,0.15076590076590077,0.03263403263403263,6.754604099487962,-3.4223995893127586,1.1591329172092104,-0.07504910872129558,-2.0093456308355764,2.95686936584098
D009,Cervical Cancer Risk Factors,gradient_boosted_trees,C4,-0.0112259318979558,1.0,858,28,55,3622,858.0,Dataset 06,0.0641025641025641,0.15076590076590077,0.03263403263403263,6.754604099487962,-3.4223995893127586,1.1591329172092104,-0.07504910872129558,-2.0093456308355764,2.95686936584098
D009,Cervical Cancer Risk Factors,gradient_boosted_trees,C5,0.4195601581475372,1.0,858,28,55,3622,858.0,Dataset 06,0.0641025641025641,0.15076590076590077,0.03263403263403263,6.754604099487962,-3.4223995893127586,1.1591329172092104,-0.07504910872129558,-2.0093456308355764,2.95686936584098
D009,Cervical Cancer Risk Factors,logistic_regression,C2,-0.0153139123086248,1.0,858,28,55,3622,858.0,Dataset 06,0.0641025641025641,0.15076590076590077,0.03263403263403263,6.754604099487962,-3.4223995893127586,1.1591329172092104,-0.07504910872129558,-2.0093456308355764,2.95686936584098
D009,Cervical Cancer Risk Factors,logistic_regression,C3,0.0084141718665994,1.0,858,28,55,3622,858.0,Dataset 06,0.0641025641025641,0.15076590076590077,0.03263403263403263,6.754604099487962,-3.4223995893127586,1.1591329172092104,-0.07504910872129558,-2.0093456308355764,2.95686936584098
D009,Cervical Cancer Risk Factors,logistic_regression,C4,0.0793009888834062,1.0,858,28,55,3622,858.0,Dataset 06,0.0641025641025641,0.15076590076590077,0.03263403263403263,6.754604099487962,-3.4223995893127586,1.1591329172092104,-0.07504910872129558,-2.0093456308355764,2.95686936584098
D009,Cervical Cancer Risk Factors,logistic_regression,C5,0.07568147165519,1.0,858,28,55,3622,858.0,Dataset 06,0.0641025641025641,0.15076590076590077,0.03263403263403263,6.754604099487962,-3.4223995893127586,1.1591329172092104,-0.07504910872129558,-2.0093456308355764,2.95686936584098
D009,Cervical Cancer Risk Factors,random_forest,C2,-0.032878649517366,1.0,858,28,55,3622,858.0,Dataset 06,0.0641025641025641,0.15076590076590077,0.03263403263403263,6.754604099487962,-3.4223995893127586,1.1591329172092104,-0.07504910872129558,-2.0093456308355764,2.95686936584098
D009,Cervical Cancer Risk Factors,random_forest,C3,-0.0414676750850817,1.0,858,28,55,3622,858.0,Dataset 06,0.0641025641025641,0.15076590076590077,0.03263403263403263,6.754604099487962,-3.4223995893127586,1.1591329172092104,-0.07504910872129558,-2.0093456308355764,2.95686936584098
D009,Cervical Cancer Risk Factors,random_forest,C4,-0.0281017915781087,1.0,858,28,55,3622,858.0,Dataset 06,0.0641025641025641,0.15076590076590077,0.03263403263403263,6.754604099487962,-3.4223995893127586,1.1591329172092104,-0.07504910872129558,-2.0093456308355764,2.95686936584098
D009,Cervical Cancer Risk Factors,random_forest,C5,0.3145910954648423,1.0,858,28,55,3622,858.0,Dataset 06,0.0641025641025641,0.15076590076590077,0.03263403263403263,6.754604099487962,-3.4223995893127586,1.1591329172092104,-0.07504910872129558,-2.0093456308355764,2.95686936584098
D010,HCV Data,gradient_boosted_trees,C2,-0.000855347832429,0.75,608,12,75,31,456.0,Dataset 07,0.12335526315789473,0.00424890350877193,0.02631578947368421,6.1224928095143865,-3.6375861597263857,0.001372036621943371,-0.33053488380332957,-1.5264556651676089,-0.4955387688862957
D010,HCV Data,gradient_boosted_trees,C2,0.0077706831987501,1.0,608,12,75,31,608.0,Dataset 07,0.12335526315789473,0.00424890350877193,0.019736842105263157,6.410174881966167,-3.925268232178167,0.5282840769762089,-0.6720928031301332,-1.5264556651676089,-0.4955387688862957
D010,HCV Data,gradient_boosted_trees,C3,0.0012696331051255,0.75,608,12,75,31,456.0,Dataset 07,0.12335526315789473,0.00424890350877193,0.02631578947368421,6.1224928095143865,-3.6375861597263857,0.001372036621943371,-0.33053488380332957,-1.5264556651676089,-0.4955387688862957
D010,HCV Data,gradient_boosted_trees,C3,-0.0087707385721299,1.0,608,12,75,31,608.0,Dataset 07,0.12335526315789473,0.00424890350877193,0.019736842105263157,6.410174881966167,-3.925268232178167,0.5282840769762089,-0.6720928031301332,-1.5264556651676089,-0.4955387688862957
D010,HCV Data,gradient_boosted_trees,C4,-0.0440582284412701,0.75,608,12,75,31,456.0,Dataset 07,0.12335526315789473,0.00424890350877193,0.02631578947368421,6.1224928095143865,-3.6375861597263857,0.001372036621943371,-0.33053488380332957,-1.5264556651676089,-0.4955387688862957
D010,HCV Data,gradient_boosted_trees,C4,-0.039809353329677,1.0,608,12,75,31,608.0,Dataset 07,0.12335526315789473,0.00424890350877193,0.019736842105263157,6.410174881966167,-3.925268232178167,0.5282840769762089,-0.6720928031301332,-1.5264556651676089,-0.4955387688862957
D010,HCV Data,gradient_boosted_trees,C5,0.0178707853500754,0.75,608,12,75,31,456.0,Dataset 07,0.12335526315789473,0.00424890350877193,0.02631578947368421,6.1224928095143865,-3.6375861597263857,0.001372036621943371,-0.33053488380332957,-1.5264556651676089,-0.4955387688862957
D010,HCV Data,gradient_boosted_trees,C5,0.0194283237024354,1.0,608,12,75,31,608.0,Dataset 07,0.12335526315789473,0.00424890350877193,0.019736842105263157,6.410174881966167,-3.925268232178167,0.5282840769762089,-0.6720928031301332,-1.5264556651676089,-0.4955387688862957
D010,HCV Data,logistic_regression,C2,0.0128396547275264,0.75,608,12,75,31,456.0,Dataset 07,0.12335526315789473,0.00424890350877193,0.02631578947368421,6.1224928095143865,-3.6375861597263857,0.001372036621943371,-0.33053488380332957,-1.5264556651676089,-0.4955387688862957
D010,HCV Data,logistic_regression,C2,0.0018079951918594,1.0,608,12,75,31,608.0,Dataset 07,0.12335526315789473,0.00424890350877193,0.019736842105263157,6.410174881966167,-3.925268232178167,0.5282840769762089,-0.6720928031301332,-1.5264556651676089,-0.4955387688862957
D010,HCV Data,logistic_regression,C3,0.0031973833351393,0.75,608,12,75,31,456.0,Dataset 07,0.12335526315789473,0.00424890350877193,0.02631578947368421,6.1224928095143865,-3.6375861597263857,0.001372036621943371,-0.33053488380332957,-1.5264556651676089,-0.4955387688862957
D010,HCV Data,logistic_regression,C3,-0.0016350230550398,1.0,608,12,75,31,608.0,Dataset 07,0.12335526315789473,0.00424890350877193,0.019736842105263157,6.410174881966167,-3.925268232178167,0.5282840769762089,-0.6720928031301332,-1.5264556651676089,-0.4955387688862957
D010,HCV Data,logistic_regression,C4,0.006541384495223,0.75,608,12,75,31,456.0,Dataset 07,0.12335526315789473,0.00424890350877193,0.02631578947368421,6.1224928095143865,-3.6375861597263857,0.001372036621943371,-0.33053488380332957,-1.5264556651676089,-0.4955387688862957
D010,HCV Data,logistic_regression,C4,-0.0092613147297253,1.0,608,12,75,31,608.0,Dataset 07,0.12335526315789473,0.00424890350877193,0.019736842105263157,6.410174881966167,-3.925268232178167,0.5282840769762089,-0.6720928031301332,-1.5264556651676089,-0.4955387688862957
D010,HCV Data,logistic_regression,C5,0.017889412709263,0.75,608,12,75,31,456.0,Dataset 07,0.12335526315789473,0.00424890350877193,0.02631578947368421,6.1224928095143865,-3.6375861597263857,0.001372036621943371,-0.33053488380332957,-1.5264556651676089,-0.4955387688862957
D010,HCV Data,logistic_regression,C5,0.012165964352394,1.0,608,12,75,31,608.0,Dataset 07,0.12335526315789473,0.00424890350877193,0.019736842105263157,6.410174881966167,-3.925268232178167,0.5282840769762089,-0.6720928031301332,-1.5264556651676089,-0.4955387688862957
D010,HCV Data,random_forest,C2,-0.0030305194991032,0.75,608,12,75,31,456.0,Dataset 07,0.12335526315789473,0.00424890350877193,0.02631578947368421,6.1224928095143865,-3.6375861597263857,0.001372036621943371,-0.33053488380332957,-1.5264556651676089,-0.4955387688862957
D010,HCV Data,random_forest,C2,0.0069333176592798,1.0,608,12,75,31,608.0,Dataset 07,0.12335526315789473,0.00424890350877193,0.019736842105263157,6.410174881966167,-3.925268232178167,0.5282840769762089,-0.6720928031301332,-1.5264556651676089,-0.4955387688862957
D010,HCV Data,random_forest,C3,-0.0091123766275384,0.75,608,12,75,31,456.0,Dataset 07,0.12335526315789473,0.00424890350877193,0.02631578947368421,6.1224928095143865,-3.6375861597263857,0.001372036621943371,-0.33053488380332957,-1.5264556651676089,-0.4955387688862957
D010,HCV Data,random_forest,C3,-0.0015617415350139,1.0,608,12,75,31,608.0,Dataset 07,0.12335526315789473,0.00424890350877193,0.019736842105263157,6.410174881966167,-3.925268232178167,0.5282840769762089,-0.6720928031301332,-1.5264556651676089,-0.4955387688862957
D010,HCV Data,random_forest,C4,-0.0383069663698814,0.75,608,12,75,31,456.0,Dataset 07,0.12335526315789473,0.00424890350877193,0.02631578947368421,6.1224928095143865,-3.6375861597263857,0.001372036621943371,-0.33053488380332957,-1.5264556651676089,-0.4955387688862957
D010,HCV Data,random_forest,C4,-0.0327353514547664,1.0,608,12,75,31,608.0,Dataset 07,0.12335526315789473,0.00424890350877193,0.019736842105263157,6.410174881966167,-3.925268232178167,0.5282840769762089,-0.6720928031301332,-1.5264556651676089,-0.4955387688862957
D010,HCV Data,random_forest,C5,0.015037250706202,0.75,608,12,75,31,456.0,Dataset 07,0.12335526315789473,0.00424890350877193,0.02631578947368421,6.1224928095143865,-3.6375861597263857,0.001372036621943371,-0.33053488380332957,-1.5264556651676089,-0.4955387688862957
D010,HCV Data,random_forest,C5,0.0212676167322548,1.0,608,12,75,31,608.0,Dataset 07,0.12335526315789473,0.00424890350877193,0.019736842105263157,6.410174881966167,-3.925268232178167,0.5282840769762089,-0.6720928031301332,-1.5264556651676089,-0.4955387688862957
D011,Mammographic Mass,gradient_boosted_trees,C2,-0.0011119519457196,0.5,961,4,445,160,471.0,Dataset 08,0.4630593132154006,0.04162330905306972,0.008492569002123142,6.154858094016418,-4.768563732896527,0.06065156679311865,-1.6733170161936564,1.2420203652045603,0.3851215240985975
D011,Mammographic Mass,gradient_boosted_trees,C2,-0.0061056450387132,0.75,961,4,445,160,740.0,Dataset 08,0.4630593132154006,0.04162330905306972,0.005405405405405406,6.606650186198215,-5.220355825078324,0.8881438435227865,-2.2097187657318824,1.2420203652045603,0.3851215240985975
D011,Mammographic Mass,gradient_boosted_trees,C2,-0.0040797726038509,1.0,961,4,445,160,961.0,Dataset 08,0.4630593132154006,0.04162330905306972,0.004162330905306972,6.8679744089702925,-5.481680047850402,1.36677943677098,-2.519982651969303,1.2420203652045603,0.3851215240985975
D011,Mammographic Mass,gradient_boosted_trees,C3,-0.0005308891435044,0.5,961,4,445,160,471.0,Dataset 08,0.4630593132154006,0.04162330905306972,0.008492569002123142,6.154858094016418,-4.768563732896527,0.06065156679311865,-1.6733170161936564,1.2420203652045603,0.3851215240985975
D011,Mammographic Mass,gradient_boosted_trees,C3,-0.0095603569291877,0.75,961,4,445,160,740.0,Dataset 08,0.4630593132154006,0.04162330905306972,0.005405405405405406,6.606650186198215,-5.220355825078324,0.8881438435227865,-2.2097187657318824,1.2420203652045603,0.3851215240985975
D011,Mammographic Mass,gradient_boosted_trees,C3,-0.0026993918478608,1.0,961,4,445,160,961.0,Dataset 08,0.4630593132154006,0.04162330905306972,0.004162330905306972,6.8679744089702925,-5.481680047850402,1.36677943677098,-2.519982651969303,1.2420203652045603,0.3851215240985975
D011,Mammographic Mass,gradient_boosted_trees,C4,0.0020098325969383,0.5,961,4,445,160,471.0,Dataset 08,0.4630593132154006,0.04162330905306972,0.008492569002123142,6.154858094016418,-4.768563732896527,0.06065156679311865,-1.6733170161936564,1.2420203652045603,0.3851215240985975
D011,Mammographic Mass,gradient_boosted_trees,C4,-0.0079643690965105,0.75,961,4,445,160,740.0,Dataset 08,0.4630593132154006,0.04162330905306972,0.005405405405405406,6.606650186198215,-5.220355825078324,0.8881438435227865,-2.2097187657318824,1.2420203652045603,0.3851215240985975
D011,Mammographic Mass,gradient_boosted_trees,C4,-0.0226764949671995,1.0,961,4,445,160,961.0,Dataset 08,0.4630593132154006,0.04162330905306972,0.004162330905306972,6.8679744089702925,-5.481680047850402,1.36677943677098,-2.519982651969303,1.2420203652045603,0.3851215240985975
D011,Mammographic Mass,gradient_boosted_trees,C5,0.0070354061784745,0.5,961,4,445,160,471.0,Dataset 08,0.4630593132154006,0.04162330905306972,0.008492569002123142,6.154858094016418,-4.768563732896527,0.06065156679311865,-1.6733170161936564,1.2420203652045603,0.3851215240985975
D011,Mammographic Mass,gradient_boosted_trees,C5,-0.0089366712396983,0.75,961,4,445,160,740.0,Dataset 08,0.4630593132154006,0.04162330905306972,0.005405405405405406,6.606650186198215,-5.220355825078324,0.8881438435227865,-2.2097187657318824,1.2420203652045603,0.3851215240985975
D011,Mammographic Mass,gradient_boosted_trees,C5,-0.0095125968711259,1.0,961,4,445,160,961.0,Dataset 08,0.4630593132154006,0.04162330905306972,0.004162330905306972,6.8679744089702925,-5.481680047850402,1.36677943677098,-2.519982651969303,1.2420203652045603,0.3851215240985975
D011,Mammographic Mass,logistic_regression,C2,0.0065022927933364,0.5,961,4,445,160,471.0,Dataset 08,0.4630593132154006,0.04162330905306972,0.008492569002123142,6.154858094016418,-4.768563732896527,0.06065156679311865,-1.6733170161936564,1.2420203652045603,0.3851215240985975
D011,Mammographic Mass,logistic_regression,C2,0.0025414643167075,0.75,961,4,445,160,740.0,Dataset 08,0.4630593132154006,0.04162330905306972,0.005405405405405406,6.606650186198215,-5.220355825078324,0.8881438435227865,-2.2097187657318824,1.2420203652045603,0.3851215240985975
D011,Mammographic Mass,logistic_regression,C2,-0.001349008915915,1.0,961,4,445,160,961.0,Dataset 08,0.4630593132154006,0.04162330905306972,0.004162330905306972,6.8679744089702925,-5.481680047850402,1.36677943677098,-2.519982651969303,1.2420203652045603,0.3851215240985975
D011,Mammographic Mass,logistic_regression,C3,0.0042334909362748,0.5,961,4,445,160,471.0,Dataset 08,0.4630593132154006,0.04162330905306972,0.008492569002123142,6.154858094016418,-4.768563732896527,0.06065156679311865,-1.6733170161936564,1.2420203652045603,0.3851215240985975
D011,Mammographic Mass,logistic_regression,C3,0.0005521253415324,0.75,961,4,445,160,740.0,Dataset 08,0.4630593132154006,0.04162330905306972,0.005405405405405406,6.606650186198215,-5.220355825078324,0.8881438435227865,-2.2097187657318824,1.2420203652045603,0.3851215240985975
D011,Mammographic Mass,logistic_regression,C3,-0.0004915949663838,1.0,961,4,445,160,961.0,Dataset 08,0.4630593132154006,0.04162330905306972,0.004162330905306972,6.8679744089702925,-5.481680047850402,1.36677943677098,-2.519982651969303,1.2420203652045603,0.3851215240985975
D011,Mammographic Mass,logistic_regression,C4,-0.0136281235237776,0.5,961,4,445,160,471.0,Dataset 08,0.4630593132154006,0.04162330905306972,0.008492569002123142,6.154858094016418,-4.768563732896527,0.06065156679311865,-1.6733170161936564,1.2420203652045603,0.3851215240985975
D011,Mammographic Mass,logistic_regression,C4,-0.0272337649828422,0.75,961,4,445,160,740.0,Dataset 08,0.4630593132154006,0.04162330905306972,0.005405405405405406,6.606650186198215,-5.220355825078324,0.8881438435227865,-2.2097187657318824,1.2420203652045603,0.3851215240985975
D011,Mammographic Mass,logistic_regression,C4,-0.0299331682504642,1.0,961,4,445,160,961.0,Dataset 08,0.4630593132154006,0.04162330905306972,0.004162330905306972,6.8679744089702925,-5.481680047850402,1.36677943677098,-2.519982651969303,1.2420203652045603,0.3851215240985975
D011,Mammographic Mass,logistic_regression,C5,0.0031776804970418,0.5,961,4,445,160,471.0,Dataset 08,0.4630593132154006,0.04162330905306972,0.008492569002123142,6.154858094016418,-4.768563732896527,0.06065156679311865,-1.6733170161936564,1.2420203652045603,0.3851215240985975
D011,Mammographic Mass,logistic_regression,C5,-0.0005785444711993,0.75,961,4,445,160,740.0,Dataset 08,0.4630593132154006,0.04162330905306972,0.005405405405405406,6.606650186198215,-5.220355825078324,0.8881438435227865,-2.2097187657318824,1.2420203652045603,0.3851215240985975
D011,Mammographic Mass,logistic_regression,C5,0.0011218039005288,1.0,961,4,445,160,961.0,Dataset 08,0.4630593132154006,0.04162330905306972,0.004162330905306972,6.8679744089702925,-5.481680047850402,1.36677943677098,-2.519982651969303,1.2420203652045603,0.3851215240985975
D011,Mammographic Mass,random_forest,C2,0.0012961982674232,0.5,961,4,445,160,471.0,Dataset 08,0.4630593132154006,0.04162330905306972,0.008492569002123142,6.154858094016418,-4.768563732896527,0.06065156679311865,-1.6733170161936564,1.2420203652045603,0.3851215240985975
D011,Mammographic Mass,random_forest,C2,-0.0084755876790177,0.75,961,4,445,160,740.0,Dataset 08,0.4630593132154006,0.04162330905306972,0.005405405405405406,6.606650186198215,-5.220355825078324,0.8881438435227865,-2.2097187657318824,1.2420203652045603,0.3851215240985975
D011,Mammographic Mass,random_forest,C2,-0.0088311525190925,1.0,961,4,445,160,961.0,Dataset 08,0.4630593132154006,0.04162330905306972,0.004162330905306972,6.8679744089702925,-5.481680047850402,1.36677943677098,-2.519982651969303,1.2420203652045603,0.3851215240985975
D011,Mammographic Mass,random_forest,C3,-0.003448566032899,0.5,961,4,445,160,471.0,Dataset 08,0.4630593132154006,0.04162330905306972,0.008492569002123142,6.154858094016418,-4.768563732896527,0.06065156679311865,-1.6733170161936564,1.2420203652045603,0.3851215240985975
D011,Mammographic Mass,random_forest,C3,-0.0128596044016003,0.75,961,4,445,160,740.0,Dataset 08,0.4630593132154006,0.04162330905306972,0.005405405405405406,6.606650186198215,-5.220355825078324,0.8881438435227865,-2.2097187657318824,1.2420203652045603,0.3851215240985975
D011,Mammographic Mass,random_forest,C3,-0.0063904617804253,1.0,961,4,445,160,961.0,Dataset 08,0.4630593132154006,0.04162330905306972,0.004162330905306972,6.8679744089702925,-5.481680047850402,1.36677943677098,-2.519982651969303,1.2420203652045603,0.3851215240985975
D011,Mammographic Mass,random_forest,C4,-0.0048449096837375,0.5,961,4,445,160,471.0,Dataset 08,0.4630593132154006,0.04162330905306972,0.008492569002123142,6.154858094016418,-4.768563732896527,0.06065156679311865,-1.6733170161936564,1.2420203652045603,0.3851215240985975
D011,Mammographic Mass,random_forest,C4,-0.0228488805125643,0.75,961,4,445,160,740.0,Dataset 08,0.4630593132154006,0.04162330905306972,0.005405405405405406,6.606650186198215,-5.220355825078324,0.8881438435227865,-2.2097187657318824,1.2420203652045603,0.3851215240985975
D011,Mammographic Mass,random_forest,C4,-0.0312850516215282,1.0,961,4,445,160,961.0,Dataset 08,0.4630593132154006,0.04162330905306972,0.004162330905306972,6.8679744089702925,-5.481680047850402,1.36677943677098,-2.519982651969303,1.2420203652045603,0.3851215240985975
D011,Mammographic Mass,random_forest,C5,0.0093419519318169,0.5,961,4,445,160,471.0,Dataset 08,0.4630593132154006,0.04162330905306972,0.008492569002123142,6.154858094016418,-4.768563732896527,0.06065156679311865,-1.6733170161936564,1.2420203652045603,0.3851215240985975
D011,Mammographic Mass,random_forest,C5,-0.0048497572716439,0.75,961,4,445,160,740.0,Dataset 08,0.4630593132154006,0.04162330905306972,0.005405405405405406,6.606650186198215,-5.220355825078324,0.8881438435227865,-2.2097187657318824,1.2420203652045603,0.3851215240985975
D011,Mammographic Mass,random_forest,C5,0.0002341157519928,1.0,961,4,445,160,961.0,Dataset 08,0.4630593132154006,0.04162330905306972,0.004162330905306972,6.8679744089702925,-5.481680047850402,1.36677943677098,-2.519982651969303,1.2420203652045603,0.3851215240985975
D013,Early Stage Diabetes Risk Prediction,gradient_boosted_trees,C2,0.0013967297592376,0.5,520,16,200,0,245.0,Dataset 09,0.38461538461538464,0.0,0.0653061224489796,5.501258210544727,-2.728669488304946,-1.1364673403403895,0.7485997473064542,0.6027282048060986,-0.5956564979686924
D013,Early Stage Diabetes Risk Prediction,gradient_boosted_trees,C2,0.0120887562385537,0.75,520,16,200,0,378.0,Dataset 09,0.38461538461538464,0.0,0.042328042328042326,5.934894195619588,-3.1623054733798064,-0.3422293827244378,0.23375430162014552,0.6027282048060986,-0.5956564979686924
D013,Early Stage Diabetes Risk Prediction,gradient_boosted_trees,C2,0.0074081414437849,1.0,520,16,200,0,520.0,Dataset 09,0.38461538461538464,0.0,0.03076923076923077,6.253828811575473,-3.481240089335692,0.24192411631254823,-0.14490900158392916,0.6027282048060986,-0.5956564979686924
D013,Early Stage Diabetes Risk Prediction,gradient_boosted_trees,C3,-0.0138009937555328,0.5,520,16,200,0,245.0,Dataset 09,0.38461538461538464,0.0,0.0653061224489796,5.501258210544727,-2.728669488304946,-1.1364673403403895,0.7485997473064542,0.6027282048060986,-0.5956564979686924
D013,Early Stage Diabetes Risk Prediction,gradient_boosted_trees,C3,0.008035366252926,0.75,520,16,200,0,378.0,Dataset 09,0.38461538461538464,0.0,0.042328042328042326,5.934894195619588,-3.1623054733798064,-0.3422293827244378,0.23375430162014552,0.6027282048060986,-0.5956564979686924
D013,Early Stage Diabetes Risk Prediction,gradient_boosted_trees,C3,0.0048775713301131,1.0,520,16,200,0,520.0,Dataset 09,0.38461538461538464,0.0,0.03076923076923077,6.253828811575473,-3.481240089335692,0.24192411631254823,-0.14490900158392916,0.6027282048060986,-0.5956564979686924
D013,Early Stage Diabetes Risk Prediction,gradient_boosted_trees,C4,-0.014031516848033,0.5,520,16,200,0,245.0,Dataset 09,0.38461538461538464,0.0,0.0653061224489796,5.501258210544727,-2.728669488304946,-1.1364673403403895,0.7485997473064542,0.6027282048060986,-0.5956564979686924
D013,Early Stage Diabetes Risk Prediction,gradient_boosted_trees,C4,0.0054022992261546,0.75,520,16,200,0,378.0,Dataset 09,0.38461538461538464,0.0,0.042328042328042326,5.934894195619588,-3.1623054733798064,-0.3422293827244378,0.23375430162014552,0.6027282048060986,-0.5956564979686924
D013,Early Stage Diabetes Risk Prediction,gradient_boosted_trees,C4,0.0065979807165384,1.0,520,16,200,0,520.0,Dataset 09,0.38461538461538464,0.0,0.03076923076923077,6.253828811575473,-3.481240089335692,0.24192411631254823,-0.14490900158392916,0.6027282048060986,-0.5956564979686924
D013,Early Stage Diabetes Risk Prediction,gradient_boosted_trees,C5,0.0267310661947659,0.5,520,16,200,0,245.0,Dataset 09,0.38461538461538464,0.0,0.0653061224489796,5.501258210544727,-2.728669488304946,-1.1364673403403895,0.7485997473064542,0.6027282048060986,-0.5956564979686924
D013,Early Stage Diabetes Risk Prediction,gradient_boosted_trees,C5,0.0312294716095082,0.75,520,16,200,0,378.0,Dataset 09,0.38461538461538464,0.0,0.042328042328042326,5.934894195619588,-3.1623054733798064,-0.3422293827244378,0.23375430162014552,0.6027282048060986,-0.5956564979686924
D013,Early Stage Diabetes Risk Prediction,gradient_boosted_trees,C5,0.036096411010226,1.0,520,16,200,0,520.0,Dataset 09,0.38461538461538464,0.0,0.03076923076923077,6.253828811575473,-3.481240089335692,0.24192411631254823,-0.14490900158392916,0.6027282048060986,-0.5956564979686924
D013,Early Stage Diabetes Risk Prediction,logistic_regression,C2,-0.0053567262429397,0.5,520,16,200,0,245.0,Dataset 09,0.38461538461538464,0.0,0.0653061224489796,5.501258210544727,-2.728669488304946,-1.1364673403403895,0.7485997473064542,0.6027282048060986,-0.5956564979686924
D013,Early Stage Diabetes Risk Prediction,logistic_regression,C2,-0.0010778352763443,0.75,520,16,200,0,378.0,Dataset 09,0.38461538461538464,0.0,0.042328042328042326,5.934894195619588,-3.1623054733798064,-0.3422293827244378,0.23375430162014552,0.6027282048060986,-0.5956564979686924
D013,Early Stage Diabetes Risk Prediction,logistic_regression,C2,-0.0008381396789733,1.0,520,16,200,0,520.0,Dataset 09,0.38461538461538464,0.0,0.03076923076923077,6.253828811575473,-3.481240089335692,0.24192411631254823,-0.14490900158392916,0.6027282048060986,-0.5956564979686924
D013,Early Stage Diabetes Risk Prediction,logistic_regression,C3,-0.0002578485607608,0.5,520,16,200,0,245.0,Dataset 09,0.38461538461538464,0.0,0.0653061224489796,5.501258210544727,-2.728669488304946,-1.1364673403403895,0.7485997473064542,0.6027282048060986,-0.5956564979686924
D013,Early Stage Diabetes Risk Prediction,logistic_regression,C3,-0.0142113627425515,0.75,520,16,200,0,378.0,Dataset 09,0.38461538461538464,0.0,0.042328042328042326,5.934894195619588,-3.1623054733798064,-0.3422293827244378,0.23375430162014552,0.6027282048060986,-0.5956564979686924
D013,Early Stage Diabetes Risk Prediction,logistic_regression,C3,-0.0033099617909354,1.0,520,16,200,0,520.0,Dataset 09,0.38461538461538464,0.0,0.03076923076923077,6.253828811575473,-3.481240089335692,0.24192411631254823,-0.14490900158392916,0.6027282048060986,-0.5956564979686924
D013,Early Stage Diabetes Risk Prediction,logistic_regression,C4,0.0252047833039764,0.5,520,16,200,0,245.0,Dataset 09,0.38461538461538464,0.0,0.0653061224489796,5.501258210544727,-2.728669488304946,-1.1364673403403895,0.7485997473064542,0.6027282048060986,-0.5956564979686924
D013,Early Stage Diabetes Risk Prediction,logistic_regression,C4,-0.0027217792514102,0.75,520,16,200,0,378.0,Dataset 09,0.38461538461538464,0.0,0.042328042328042326,5.934894195619588,-3.1623054733798064,-0.3422293827244378,0.23375430162014552,0.6027282048060986,-0.5956564979686924
D013,Early Stage Diabetes Risk Prediction,logistic_regression,C4,0.0011526968001237,1.0,520,16,200,0,520.0,Dataset 09,0.38461538461538464,0.0,0.03076923076923077,6.253828811575473,-3.481240089335692,0.24192411631254823,-0.14490900158392916,0.6027282048060986,-0.5956564979686924
D013,Early Stage Diabetes Risk Prediction,logistic_regression,C5,0.0180482892268507,0.5,520,16,200,0,245.0,Dataset 09,0.38461538461538464,0.0,0.0653061224489796,5.501258210544727,-2.728669488304946,-1.1364673403403895,0.7485997473064542,0.6027282048060986,-0.5956564979686924
D013,Early Stage Diabetes Risk Prediction,logistic_regression,C5,0.0070365620802732,0.75,520,16,200,0,378.0,Dataset 09,0.38461538461538464,0.0,0.042328042328042326,5.934894195619588,-3.1623054733798064,-0.3422293827244378,0.23375430162014552,0.6027282048060986,-0.5956564979686924
D013,Early Stage Diabetes Risk Prediction,logistic_regression,C5,0.0065486906981837,1.0,520,16,200,0,520.0,Dataset 09,0.38461538461538464,0.0,0.03076923076923077,6.253828811575473,-3.481240089335692,0.24192411631254823,-0.14490900158392916,0.6027282048060986,-0.5956564979686924
D013,Early Stage Diabetes Risk Prediction,random_forest,C2,-0.0100434461384047,0.5,520,16,200,0,245.0,Dataset 09,0.38461538461538464,0.0,0.0653061224489796,5.501258210544727,-2.728669488304946,-1.1364673403403895,0.7485997473064542,0.6027282048060986,-0.5956564979686924
D013,Early Stage Diabetes Risk Prediction,random_forest,C2,0.0144134431473316,0.75,520,16,200,0,378.0,Dataset 09,0.38461538461538464,0.0,0.042328042328042326,5.934894195619588,-3.1623054733798064,-0.3422293827244378,0.23375430162014552,0.6027282048060986,-0.5956564979686924
D013,Early Stage Diabetes Risk Prediction,random_forest,C2,0.009530345993342,1.0,520,16,200,0,520.0,Dataset 09,0.38461538461538464,0.0,0.03076923076923077,6.253828811575473,-3.481240089335692,0.24192411631254823,-0.14490900158392916,0.6027282048060986,-0.5956564979686924
D013,Early Stage Diabetes Risk Prediction,random_forest,C3,-8.840841148727296e-05,0.5,520,16,200,0,245.0,Dataset 09,0.38461538461538464,0.0,0.0653061224489796,5.501258210544727,-2.728669488304946,-1.1364673403403895,0.7485997473064542,0.6027282048060986,-0.5956564979686924
D013,Early Stage Diabetes Risk Prediction,random_forest,C3,0.0027596355329373,0.75,520,16,200,0,378.0,Dataset 09,0.38461538461538464,0.0,0.042328042328042326,5.934894195619588,-3.1623054733798064,-0.3422293827244378,0.23375430162014552,0.6027282048060986,-0.5956564979686924
D013,Early Stage Diabetes Risk Prediction,random_forest,C3,-0.0020062096467543,1.0,520,16,200,0,520.0,Dataset 09,0.38461538461538464,0.0,0.03076923076923077,6.253828811575473,-3.481240089335692,0.24192411631254823,-0.14490900158392916,0.6027282048060986,-0.5956564979686924
D013,Early Stage Diabetes Risk Prediction,random_forest,C4,-0.0174196196328406,0.5,520,16,200,0,245.0,Dataset 09,0.38461538461538464,0.0,0.0653061224489796,5.501258210544727,-2.728669488304946,-1.1364673403403895,0.7485997473064542,0.6027282048060986,-0.5956564979686924
D013,Early Stage Diabetes Risk Prediction,random_forest,C4,-0.0129757329268973,0.75,520,16,200,0,378.0,Dataset 09,0.38461538461538464,0.0,0.042328042328042326,5.934894195619588,-3.1623054733798064,-0.3422293827244378,0.23375430162014552,0.6027282048060986,-0.5956564979686924
D013,Early Stage Diabetes Risk Prediction,random_forest,C4,-0.0050196431983278,1.0,520,16,200,0,520.0,Dataset 09,0.38461538461538464,0.0,0.03076923076923077,6.253828811575473,-3.481240089335692,0.24192411631254823,-0.14490900158392916,0.6027282048060986,-0.5956564979686924
D013,Early Stage Diabetes Risk Prediction,random_forest,C5,0.0446680529842959,0.5,520,16,200,0,245.0,Dataset 09,0.38461538461538464,0.0,0.0653061224489796,5.501258210544727,-2.728669488304946,-1.1364673403403895,0.7485997473064542,0.6027282048060986,-0.5956564979686924
D013,Early Stage Diabetes Risk Prediction,random_forest,C5,0.0528098096072392,0.75,520,16,200,0,378.0,Dataset 09,0.38461538461538464,0.0,0.042328042328042326,5.934894195619588,-3.1623054733798064,-0.3422293827244378,0.23375430162014552,0.6027282048060986,-0.5956564979686924
D013,Early Stage Diabetes Risk Prediction,random_forest,C5,0.0159219731961869,1.0,520,16,200,0,520.0,Dataset 09,0.38461538461538464,0.0,0.03076923076923077,6.253828811575473,-3.481240089335692,0.24192411631254823,-0.14490900158392916,0.6027282048060986,-0.5956564979686924
D014,Diabetic Retinopathy Debrecen,gradient_boosted_trees,C2,0.0028773954027007,0.5,1151,17,540,0,576.0,Dataset 10,0.46915725456125107,0.0,0.029513888888888888,6.3561076606958915,-3.5228943166396753,0.4292557655037184,-0.1943640513472369,1.2917165770917738,-0.5956564979686924
D014,Diabetic Retinopathy Debrecen,gradient_boosted_trees,C2,0.0122378688957022,0.75,1151,17,540,0,865.0,Dataset 10,0.46915725456125107,0.0,0.019653179190751446,6.762729506931879,-3.929516162875663,1.1740152314893308,-0.6771362678066625,1.2917165770917738,-0.5956564979686924
D014,Diabetic Retinopathy Debrecen,gradient_boosted_trees,C2,0.0076676362483188,1.0,1151,17,540,0,1151.0,Dataset 10,0.46915725456125107,0.0,0.014769765421372719,7.048386408721883,-4.215173064665667,1.6972180146195777,-1.0162897513213096,1.2917165770917738,-0.5956564979686924
D014,Diabetic Retinopathy Debrecen,gradient_boosted_trees,C3,-0.0013599372722441,0.5,1151,17,540,0,576.0,Dataset 10,0.46915725456125107,0.0,0.029513888888888888,6.3561076606958915,-3.5228943166396753,0.4292557655037184,-0.1943640513472369,1.2917165770917738,-0.5956564979686924
D014,Diabetic Retinopathy Debrecen,gradient_boosted_trees,C3,0.0014975897701237,0.75,1151,17,540,0,865.0,Dataset 10,0.46915725456125107,0.0,0.019653179190751446,6.762729506931879,-3.929516162875663,1.1740152314893308,-0.6771362678066625,1.2917165770917738,-0.5956564979686924
D014,Diabetic Retinopathy Debrecen,gradient_boosted_trees,C3,-0.0006183816024618,1.0,1151,17,540,0,1151.0,Dataset 10,0.46915725456125107,0.0,0.014769765421372719,7.048386408721883,-4.215173064665667,1.6972180146195777,-1.0162897513213096,1.2917165770917738,-0.5956564979686924
D014,Diabetic Retinopathy Debrecen,gradient_boosted_trees,C4,-0.0045883987794551,0.5,1151,17,540,0,576.0,Dataset 10,0.46915725456125107,0.0,0.029513888888888888,6.3561076606958915,-3.5228943166396753,0.4292557655037184,-0.1943640513472369,1.2917165770917738,-0.5956564979686924
D014,Diabetic Retinopathy Debrecen,gradient_boosted_trees,C4,0.0060782043019047,0.75,1151,17,540,0,865.0,Dataset 10,0.46915725456125107,0.0,0.019653179190751446,6.762729506931879,-3.929516162875663,1.1740152314893308,-0.6771362678066625,1.2917165770917738,-0.5956564979686924
D014,Diabetic Retinopathy Debrecen,gradient_boosted_trees,C4,0.0028553593326021,1.0,1151,17,540,0,1151.0,Dataset 10,0.46915725456125107,0.0,0.014769765421372719,7.048386408721883,-4.215173064665667,1.6972180146195777,-1.0162897513213096,1.2917165770917738,-0.5956564979686924
D014,Diabetic Retinopathy Debrecen,gradient_boosted_trees,C5,-0.0043302576106333,0.5,1151,17,540,0,576.0,Dataset 10,0.46915725456125107,0.0,0.029513888888888888,6.3561076606958915,-3.5228943166396753,0.4292557655037184,-0.1943640513472369,1.2917165770917738,-0.5956564979686924
D014,Diabetic Retinopathy Debrecen,gradient_boosted_trees,C5,0.0341009998547777,0.75,1151,17,540,0,865.0,Dataset 10,0.46915725456125107,0.0,0.019653179190751446,6.762729506931879,-3.929516162875663,1.1740152314893308,-0.6771362678066625,1.2917165770917738,-0.5956564979686924
D014,Diabetic Retinopathy Debrecen,gradient_boosted_trees,C5,0.0163601363194276,1.0,1151,17,540,0,1151.0,Dataset 10,0.46915725456125107,0.0,0.014769765421372719,7.048386408721883,-4.215173064665667,1.6972180146195777,-1.0162897513213096,1.2917165770917738,-0.5956564979686924
D014,Diabetic Retinopathy Debrecen,logistic_regression,C2,-0.0159702460467598,0.5,1151,17,540,0,576.0,Dataset 10,0.46915725456125107,0.0,0.029513888888888888,6.3561076606958915,-3.5228943166396753,0.4292557655037184,-0.1943640513472369,1.2917165770917738,-0.5956564979686924
D014,Diabetic Retinopathy Debrecen,logistic_regression,C2,0.003142399265913,0.75,1151,17,540,0,865.0,Dataset 10,0.46915725456125107,0.0,0.019653179190751446,6.762729506931879,-3.929516162875663,1.1740152314893308,-0.6771362678066625,1.2917165770917738,-0.5956564979686924
D014,Diabetic Retinopathy Debrecen,logistic_regression,C2,0.0006757076098989,1.0,1151,17,540,0,1151.0,Dataset 10,0.46915725456125107,0.0,0.014769765421372719,7.048386408721883,-4.215173064665667,1.6972180146195777,-1.0162897513213096,1.2917165770917738,-0.5956564979686924
D014,Diabetic Retinopathy Debrecen,logistic_regression,C3,-0.0019759625061674,0.5,1151,17,540,0,576.0,Dataset 10,0.46915725456125107,0.0,0.029513888888888888,6.3561076606958915,-3.5228943166396753,0.4292557655037184,-0.1943640513472369,1.2917165770917738,-0.5956564979686924
D014,Diabetic Retinopathy Debrecen,logistic_regression,C3,-0.0010947383580888,0.75,1151,17,540,0,865.0,Dataset 10,0.46915725456125107,0.0,0.019653179190751446,6.762729506931879,-3.929516162875663,1.1740152314893308,-0.6771362678066625,1.2917165770917738,-0.5956564979686924
D014,Diabetic Retinopathy Debrecen,logistic_regression,C3,0.0030002843515054,1.0,1151,17,540,0,1151.0,Dataset 10,0.46915725456125107,0.0,0.014769765421372719,7.048386408721883,-4.215173064665667,1.6972180146195777,-1.0162897513213096,1.2917165770917738,-0.5956564979686924
D014,Diabetic Retinopathy Debrecen,logistic_regression,C4,-0.0059164626395405,0.5,1151,17,540,0,576.0,Dataset 10,0.46915725456125107,0.0,0.029513888888888888,6.3561076606958915,-3.5228943166396753,0.4292557655037184,-0.1943640513472369,1.2917165770917738,-0.5956564979686924
D014,Diabetic Retinopathy Debrecen,logistic_regression,C4,9.69698696372534e-05,0.75,1151,17,540,0,865.0,Dataset 10,0.46915725456125107,0.0,0.019653179190751446,6.762729506931879,-3.929516162875663,1.1740152314893308,-0.6771362678066625,1.2917165770917738,-0.5956564979686924
D014,Diabetic Retinopathy Debrecen,logistic_regression,C4,0.0027828337307681,1.0,1151,17,540,0,1151.0,Dataset 10,0.46915725456125107,0.0,0.014769765421372719,7.048386408721883,-4.215173064665667,1.6972180146195777,-1.0162897513213096,1.2917165770917738,-0.5956564979686924
D014,Diabetic Retinopathy Debrecen,logistic_regression,C5,-0.0004638908681505,0.5,1151,17,540,0,576.0,Dataset 10,0.46915725456125107,0.0,0.029513888888888888,6.3561076606958915,-3.5228943166396753,0.4292557655037184,-0.1943640513472369,1.2917165770917738,-0.5956564979686924
D014,Diabetic Retinopathy Debrecen,logistic_regression,C5,0.0056898779423286,0.75,1151,17,540,0,865.0,Dataset 10,0.46915725456125107,0.0,0.019653179190751446,6.762729506931879,-3.929516162875663,1.1740152314893308,-0.6771362678066625,1.2917165770917738,-0.5956564979686924
D014,Diabetic Retinopathy Debrecen,logistic_regression,C5,0.0043294764569949,1.0,1151,17,540,0,1151.0,Dataset 10,0.46915725456125107,0.0,0.014769765421372719,7.048386408721883,-4.215173064665667,1.6972180146195777,-1.0162897513213096,1.2917165770917738,-0.5956564979686924
D014,Diabetic Retinopathy Debrecen,random_forest,C2,-0.0042129341061726,0.5,1151,17,540,0,576.0,Dataset 10,0.46915725456125107,0.0,0.029513888888888888,6.3561076606958915,-3.5228943166396753,0.4292557655037184,-0.1943640513472369,1.2917165770917738,-0.5956564979686924
D014,Diabetic Retinopathy Debrecen,random_forest,C2,0.0211070463513586,0.75,1151,17,540,0,865.0,Dataset 10,0.46915725456125107,0.0,0.019653179190751446,6.762729506931879,-3.929516162875663,1.1740152314893308,-0.6771362678066625,1.2917165770917738,-0.5956564979686924
D014,Diabetic Retinopathy Debrecen,random_forest,C2,0.0055486166975967,1.0,1151,17,540,0,1151.0,Dataset 10,0.46915725456125107,0.0,0.014769765421372719,7.048386408721883,-4.215173064665667,1.6972180146195777,-1.0162897513213096,1.2917165770917738,-0.5956564979686924
D014,Diabetic Retinopathy Debrecen,random_forest,C3,0.0074358540844157,0.5,1151,17,540,0,576.0,Dataset 10,0.46915725456125107,0.0,0.029513888888888888,6.3561076606958915,-3.5228943166396753,0.4292557655037184,-0.1943640513472369,1.2917165770917738,-0.5956564979686924
D014,Diabetic Retinopathy Debrecen,random_forest,C3,0.00758989825128,0.75,1151,17,540,0,865.0,Dataset 10,0.46915725456125107,0.0,0.019653179190751446,6.762729506931879,-3.929516162875663,1.1740152314893308,-0.6771362678066625,1.2917165770917738,-0.5956564979686924
D014,Diabetic Retinopathy Debrecen,random_forest,C3,0.0053302317694496,1.0,1151,17,540,0,1151.0,Dataset 10,0.46915725456125107,0.0,0.014769765421372719,7.048386408721883,-4.215173064665667,1.6972180146195777,-1.0162897513213096,1.2917165770917738,-0.5956564979686924
D014,Diabetic Retinopathy Debrecen,random_forest,C4,-0.0068443544973109,0.5,1151,17,540,0,576.0,Dataset 10,0.46915725456125107,0.0,0.029513888888888888,6.3561076606958915,-3.5228943166396753,0.4292557655037184,-0.1943640513472369,1.2917165770917738,-0.5956564979686924
D014,Diabetic Retinopathy Debrecen,random_forest,C4,0.0126747324892213,0.75,1151,17,540,0,865.0,Dataset 10,0.46915725456125107,0.0,0.019653179190751446,6.762729506931879,-3.929516162875663,1.1740152314893308,-0.6771362678066625,1.2917165770917738,-0.5956564979686924
D014,Diabetic Retinopathy Debrecen,random_forest,C4,0.0004095338539388,1.0,1151,17,540,0,1151.0,Dataset 10,0.46915725456125107,0.0,0.014769765421372719,7.048386408721883,-4.215173064665667,1.6972180146195777,-1.0162897513213096,1.2917165770917738,-0.5956564979686924
D014,Diabetic Retinopathy Debrecen,random_forest,C5,0.003169694473305,0.5,1151,17,540,0,576.0,Dataset 10,0.46915725456125107,0.0,0.029513888888888888,6.3561076606958915,-3.5228943166396753,0.4292557655037184,-0.1943640513472369,1.2917165770917738,-0.5956564979686924
D014,Diabetic Retinopathy Debrecen,random_forest,C5,0.0349603943432796,0.75,1151,17,540,0,865.0,Dataset 10,0.46915725456125107,0.0,0.019653179190751446,6.762729506931879,-3.929516162875663,1.1740152314893308,-0.6771362678066625,1.2917165770917738,-0.5956564979686924
D014,Diabetic Retinopathy Debrecen,random_forest,C5,0.0167299082948393,1.0,1151,17,540,0,1151.0,Dataset 10,0.46915725456125107,0.0,0.014769765421372719,7.048386408721883,-4.215173064665667,1.6972180146195777,-1.0162897513213096,1.2917165770917738,-0.5956564979686924
D015,Thoracic Surgery Data,gradient_boosted_trees,C2,-0.036782153934416,0.75,470,16,70,0,353.0,Dataset 11,0.14893617021276595,0.0,0.0453257790368272,5.8664680569332965,-3.0938793346935154,-0.4675571657228065,0.3149949898495943,-1.3179797049763757,-0.5956564979686924
D015,Thoracic Surgery Data,gradient_boosted_trees,C2,0.0036740504687154,1.0,470,16,70,0,470.0,Dataset 11,0.14893617021276595,0.0,0.03404255319148936,6.152732694704104,-3.380143972464323,0.056758733017714384,-0.024880043796190437,-1.3179797049763757,-0.5956564979686924
D015,Thoracic Surgery Data,gradient_boosted_trees,C3,-0.02569071125693,0.75,470,16,70,0,353.0,Dataset 11,0.14893617021276595,0.0,0.0453257790368272,5.8664680569332965,-3.0938793346935154,-0.4675571657228065,0.3149949898495943,-1.3179797049763757,-0.5956564979686924
D015,Thoracic Surgery Data,gradient_boosted_trees,C3,0.0041530178866562,1.0,470,16,70,0,470.0,Dataset 11,0.14893617021276595,0.0,0.03404255319148936,6.152732694704104,-3.380143972464323,0.056758733017714384,-0.024880043796190437,-1.3179797049763757,-0.5956564979686924
D015,Thoracic Surgery Data,gradient_boosted_trees,C4,-0.0432653890959868,0.75,470,16,70,0,353.0,Dataset 11,0.14893617021276595,0.0,0.0453257790368272,5.8664680569332965,-3.0938793346935154,-0.4675571657228065,0.3149949898495943,-1.3179797049763757,-0.5956564979686924
D015,Thoracic Surgery Data,gradient_boosted_trees,C4,-0.005982890355056,1.0,470,16,70,0,470.0,Dataset 11,0.14893617021276595,0.0,0.03404255319148936,6.152732694704104,-3.380143972464323,0.056758733017714384,-0.024880043796190437,-1.3179797049763757,-0.5956564979686924
D015,Thoracic Surgery Data,gradient_boosted_trees,C5,0.2208710784335626,0.75,470,16,70,0,353.0,Dataset 11,0.14893617021276595,0.0,0.0453257790368272,5.8664680569332965,-3.0938793346935154,-0.4675571657228065,0.3149949898495943,-1.3179797049763757,-0.5956564979686924
D015,Thoracic Surgery Data,gradient_boosted_trees,C5,0.3440254572312218,1.0,470,16,70,0,470.0,Dataset 11,0.14893617021276595,0.0,0.03404255319148936,6.152732694704104,-3.380143972464323,0.056758733017714384,-0.024880043796190437,-1.3179797049763757,-0.5956564979686924
D015,Thoracic Surgery Data,logistic_regression,C2,0.0266647289594836,0.75,470,16,70,0,353.0,Dataset 11,0.14893617021276595,0.0,0.0453257790368272,5.8664680569332965,-3.0938793346935154,-0.4675571657228065,0.3149949898495943,-1.3179797049763757,-0.5956564979686924
D015,Thoracic Surgery Data,logistic_regression,C2,0.0335105942518878,1.0,470,16,70,0,470.0,Dataset 11,0.14893617021276595,0.0,0.03404255319148936,6.152732694704104,-3.380143972464323,0.056758733017714384,-0.024880043796190437,-1.3179797049763757,-0.5956564979686924
D015,Thoracic Surgery Data,logistic_regression,C3,0.0106141854652208,0.75,470,16,70,0,353.0,Dataset 11,0.14893617021276595,0.0,0.0453257790368272,5.8664680569332965,-3.0938793346935154,-0.4675571657228065,0.3149949898495943,-1.3179797049763757,-0.5956564979686924
D015,Thoracic Surgery Data,logistic_regression,C3,0.019626550719249,1.0,470,16,70,0,470.0,Dataset 11,0.14893617021276595,0.0,0.03404255319148936,6.152732694704104,-3.380143972464323,0.056758733017714384,-0.024880043796190437,-1.3179797049763757,-0.5956564979686924
D015,Thoracic Surgery Data,logistic_regression,C4,0.0412236963552515,0.75,470,16,70,0,353.0,Dataset 11,0.14893617021276595,0.0,0.0453257790368272,5.8664680569332965,-3.0938793346935154,-0.4675571657228065,0.3149949898495943,-1.3179797049763757,-0.5956564979686924
D015,Thoracic Surgery Data,logistic_regression,C4,0.0123012603105562,1.0,470,16,70,0,470.0,Dataset 11,0.14893617021276595,0.0,0.03404255319148936,6.152732694704104,-3.380143972464323,0.056758733017714384,-0.024880043796190437,-1.3179797049763757,-0.5956564979686924
D015,Thoracic Surgery Data,logistic_regression,C5,0.1263325385729546,0.75,470,16,70,0,353.0,Dataset 11,0.14893617021276595,0.0,0.0453257790368272,5.8664680569332965,-3.0938793346935154,-0.4675571657228065,0.3149949898495943,-1.3179797049763757,-0.5956564979686924
D015,Thoracic Surgery Data,logistic_regression,C5,0.1447892433999786,1.0,470,16,70,0,470.0,Dataset 11,0.14893617021276595,0.0,0.03404255319148936,6.152732694704104,-3.380143972464323,0.056758733017714384,-0.024880043796190437,-1.3179797049763757,-0.5956564979686924
D015,Thoracic Surgery Data,random_forest,C2,-0.0027170646791999,0.75,470,16,70,0,353.0,Dataset 11,0.14893617021276595,0.0,0.0453257790368272,5.8664680569332965,-3.0938793346935154,-0.4675571657228065,0.3149949898495943,-1.3179797049763757,-0.5956564979686924
D015,Thoracic Surgery Data,random_forest,C2,0.0078692075531453,1.0,470,16,70,0,470.0,Dataset 11,0.14893617021276595,0.0,0.03404255319148936,6.152732694704104,-3.380143972464323,0.056758733017714384,-0.024880043796190437,-1.3179797049763757,-0.5956564979686924
D015,Thoracic Surgery Data,random_forest,C3,-0.0139441407382041,0.75,470,16,70,0,353.0,Dataset 11,0.14893617021276595,0.0,0.0453257790368272,5.8664680569332965,-3.0938793346935154,-0.4675571657228065,0.3149949898495943,-1.3179797049763757,-0.5956564979686924
D015,Thoracic Surgery Data,random_forest,C3,-0.0088516112431541,1.0,470,16,70,0,470.0,Dataset 11,0.14893617021276595,0.0,0.03404255319148936,6.152732694704104,-3.380143972464323,0.056758733017714384,-0.024880043796190437,-1.3179797049763757,-0.5956564979686924
D015,Thoracic Surgery Data,random_forest,C4,0.0343691608587265,0.75,470,16,70,0,353.0,Dataset 11,0.14893617021276595,0.0,0.0453257790368272,5.8664680569332965,-3.0938793346935154,-0.4675571657228065,0.3149949898495943,-1.3179797049763757,-0.5956564979686924
D015,Thoracic Surgery Data,random_forest,C4,-0.0316006046769147,1.0,470,16,70,0,470.0,Dataset 11,0.14893617021276595,0.0,0.03404255319148936,6.152732694704104,-3.380143972464323,0.056758733017714384,-0.024880043796190437,-1.3179797049763757,-0.5956564979686924
D015,Thoracic Surgery Data,random_forest,C5,0.2542111146330743,0.75,470,16,70,0,353.0,Dataset 11,0.14893617021276595,0.0,0.0453257790368272,5.8664680569332965,-3.0938793346935154,-0.4675571657228065,0.3149949898495943,-1.3179797049763757,-0.5956564979686924
D015,Thoracic Surgery Data,random_forest,C5,0.2920862012131466,1.0,470,16,70,0,470.0,Dataset 11,0.14893617021276595,0.0,0.03404255319148936,6.152732694704104,-3.380143972464323,0.056758733017714384,-0.024880043796190437,-1.3179797049763757,-0.5956564979686924
D016,Haberman's Survival,gradient_boosted_trees,C2,0.1156104894422421,0.75,306,3,81,0,230.0,Dataset 12,0.2647058823529412,0.0,0.013043478260869565,5.438079308923196,-4.339467020255086,-1.2521844014593877,-1.1638609381325271,-0.3744947125280811,-0.5956564979686924
D016,Haberman's Survival,gradient_boosted_trees,C2,0.0421412485525436,1.0,306,3,81,0,306.0,Dataset 12,0.2647058823529412,0.0,0.00980392156862745,5.723585101952381,-4.624972813284271,-0.7292583857508987,-1.5028350138950772,-0.3744947125280811,-0.5956564979686924
D016,Haberman's Survival,gradient_boosted_trees,C3,0.036180319955165,0.75,306,3,81,0,230.0,Dataset 12,0.2647058823529412,0.0,0.013043478260869565,5.438079308923196,-4.339467020255086,-1.2521844014593877,-1.1638609381325271,-0.3744947125280811,-0.5956564979686924
D016,Haberman's Survival,gradient_boosted_trees,C3,-0.0083256682632891,1.0,306,3,81,0,306.0,Dataset 12,0.2647058823529412,0.0,0.00980392156862745,5.723585101952381,-4.624972813284271,-0.7292583857508987,-1.5028350138950772,-0.3744947125280811,-0.5956564979686924
D016,Haberman's Survival,gradient_boosted_trees,C4,0.0949969639583332,0.75,306,3,81,0,230.0,Dataset 12,0.2647058823529412,0.0,0.013043478260869565,5.438079308923196,-4.339467020255086,-1.2521844014593877,-1.1638609381325271,-0.3744947125280811,-0.5956564979686924
D016,Haberman's Survival,gradient_boosted_trees,C4,0.0130515486576804,1.0,306,3,81,0,306.0,Dataset 12,0.2647058823529412,0.0,0.00980392156862745,5.723585101952381,-4.624972813284271,-0.7292583857508987,-1.5028350138950772,-0.3744947125280811,-0.5956564979686924
D016,Haberman's Survival,gradient_boosted_trees,C5,0.2280839466536542,0.75,306,3,81,0,230.0,Dataset 12,0.2647058823529412,0.0,0.013043478260869565,5.438079308923196,-4.339467020255086,-1.2521844014593877,-1.1638609381325271,-0.3744947125280811,-0.5956564979686924
D016,Haberman's Survival,gradient_boosted_trees,C5,0.0750488604879756,1.0,306,3,81,0,306.0,Dataset 12,0.2647058823529412,0.0,0.00980392156862745,5.723585101952381,-4.624972813284271,-0.7292583857508987,-1.5028350138950772,-0.3744947125280811,-0.5956564979686924
D016,Haberman's Survival,logistic_regression,C2,0.0359197645723307,0.75,306,3,81,0,230.0,Dataset 12,0.2647058823529412,0.0,0.013043478260869565,5.438079308923196,-4.339467020255086,-1.2521844014593877,-1.1638609381325271,-0.3744947125280811,-0.5956564979686924
D016,Haberman's Survival,logistic_regression,C2,0.001885041644183,1.0,306,3,81,0,306.0,Dataset 12,0.2647058823529412,0.0,0.00980392156862745,5.723585101952381,-4.624972813284271,-0.7292583857508987,-1.5028350138950772,-0.3744947125280811,-0.5956564979686924
D016,Haberman's Survival,logistic_regression,C3,0.0315610633243013,0.75,306,3,81,0,230.0,Dataset 12,0.2647058823529412,0.0,0.013043478260869565,5.438079308923196,-4.339467020255086,-1.2521844014593877,-1.1638609381325271,-0.3744947125280811,-0.5956564979686924
D016,Haberman's Survival,logistic_regression,C3,-0.001248144681736,1.0,306,3,81,0,306.0,Dataset 12,0.2647058823529412,0.0,0.00980392156862745,5.723585101952381,-4.624972813284271,-0.7292583857508987,-1.5028350138950772,-0.3744947125280811,-0.5956564979686924
D016,Haberman's Survival,logistic_regression,C4,0.0489555590082373,0.75,306,3,81,0,230.0,Dataset 12,0.2647058823529412,0.0,0.013043478260869565,5.438079308923196,-4.339467020255086,-1.2521844014593877,-1.1638609381325271,-0.3744947125280811,-0.5956564979686924
D016,Haberman's Survival,logistic_regression,C4,-0.0115517668091673,1.0,306,3,81,0,306.0,Dataset 12,0.2647058823529412,0.0,0.00980392156862745,5.723585101952381,-4.624972813284271,-0.7292583857508987,-1.5028350138950772,-0.3744947125280811,-0.5956564979686924
D016,Haberman's Survival,logistic_regression,C5,0.0441805049303447,0.75,306,3,81,0,230.0,Dataset 12,0.2647058823529412,0.0,0.013043478260869565,5.438079308923196,-4.339467020255086,-1.2521844014593877,-1.1638609381325271,-0.3744947125280811,-0.5956564979686924
D016,Haberman's Survival,logistic_regression,C5,0.0125570776255709,1.0,306,3,81,0,306.0,Dataset 12,0.2647058823529412,0.0,0.00980392156862745,5.723585101952381,-4.624972813284271,-0.7292583857508987,-1.5028350138950772,-0.3744947125280811,-0.5956564979686924
D016,Haberman's Survival,random_forest,C2,0.0220722115561087,0.75,306,3,81,0,230.0,Dataset 12,0.2647058823529412,0.0,0.013043478260869565,5.438079308923196,-4.339467020255086,-1.2521844014593877,-1.1638609381325271,-0.3744947125280811,-0.5956564979686924
D016,Haberman's Survival,random_forest,C2,0.0073824474752087,1.0,306,3,81,0,306.0,Dataset 12,0.2647058823529412,0.0,0.00980392156862745,5.723585101952381,-4.624972813284271,-0.7292583857508987,-1.5028350138950772,-0.3744947125280811,-0.5956564979686924
D016,Haberman's Survival,random_forest,C3,-0.0162561636734863,0.75,306,3,81,0,230.0,Dataset 12,0.2647058823529412,0.0,0.013043478260869565,5.438079308923196,-4.339467020255086,-1.2521844014593877,-1.1638609381325271,-0.3744947125280811,-0.5956564979686924
D016,Haberman's Survival,random_forest,C3,-0.0025982316775571,1.0,306,3,81,0,306.0,Dataset 12,0.2647058823529412,0.0,0.00980392156862745,5.723585101952381,-4.624972813284271,-0.7292583857508987,-1.5028350138950772,-0.3744947125280811,-0.5956564979686924
D016,Haberman's Survival,random_forest,C4,0.0327886992947791,0.75,306,3,81,0,230.0,Dataset 12,0.2647058823529412,0.0,0.013043478260869565,5.438079308923196,-4.339467020255086,-1.2521844014593877,-1.1638609381325271,-0.3744947125280811,-0.5956564979686924
D016,Haberman's Survival,random_forest,C4,-0.0014744967540775,1.0,306,3,81,0,306.0,Dataset 12,0.2647058823529412,0.0,0.00980392156862745,5.723585101952381,-4.624972813284271,-0.7292583857508987,-1.5028350138950772,-0.3744947125280811,-0.5956564979686924
D016,Haberman's Survival,random_forest,C5,0.0838330459561655,0.75,306,3,81,0,230.0,Dataset 12,0.2647058823529412,0.0,0.013043478260869565,5.438079308923196,-4.339467020255086,-1.2521844014593877,-1.1638609381325271,-0.3744947125280811,-0.5956564979686924
D016,Haberman's Survival,random_forest,C5,0.0619120861434356,1.0,306,3,81,0,306.0,Dataset 12,0.2647058823529412,0.0,0.00980392156862745,5.723585101952381,-4.624972813284271,-0.7292583857508987,-1.5028350138950772,-0.3744947125280811,-0.5956564979686924
D019,Myocardial Infarction Complications,gradient_boosted_trees,C2,0.0148126264875199,0.5,1700,91,271,13098,850.0,Dataset 13,0.15941176470588236,0.08466709760827408,0.10705882352941176,6.745236349484363,-2.234376842967512,1.1419751561229585,1.3354613686829246,-1.2326070629570003,1.3993705773785774
D019,Myocardial Infarction Complications,gradient_boosted_trees,C2,0.0080075664011797,0.75,1700,91,271,13098,1275.0,Dataset 13,0.15941176470588236,0.08466709760827408,0.07137254901960784,7.150701457592526,-2.6398419510756765,1.8846159664624522,0.8540625192351384,-1.2326070629570003,1.3993705773785774
D019,Myocardial Infarction Complications,gradient_boosted_trees,C2,0.009250060112192,1.0,1700,91,271,13098,1700.0,Dataset 13,0.15941176470588236,0.08466709760827408,0.05352941176470588,7.438383530044307,-2.9275240235274573,2.411528006816718,0.5125045999083353,-1.2326070629570003,1.3993705773785774
D019,Myocardial Infarction Complications,gradient_boosted_trees,C3,0.004274641257439,0.5,1700,91,271,13098,850.0,Dataset 13,0.15941176470588236,0.08466709760827408,0.10705882352941176,6.745236349484363,-2.234376842967512,1.1419751561229585,1.3354613686829246,-1.2326070629570003,1.3993705773785774
D019,Myocardial Infarction Complications,gradient_boosted_trees,C3,0.0153471651998013,0.75,1700,91,271,13098,1275.0,Dataset 13,0.15941176470588236,0.08466709760827408,0.07137254901960784,7.150701457592526,-2.6398419510756765,1.8846159664624522,0.8540625192351384,-1.2326070629570003,1.3993705773785774
D019,Myocardial Infarction Complications,gradient_boosted_trees,C3,0.0012273579110705,1.0,1700,91,271,13098,1700.0,Dataset 13,0.15941176470588236,0.08466709760827408,0.05352941176470588,7.438383530044307,-2.9275240235274573,2.411528006816718,0.5125045999083353,-1.2326070629570003,1.3993705773785774
D019,Myocardial Infarction Complications,gradient_boosted_trees,C4,0.0003958887490701,0.5,1700,91,271,13098,850.0,Dataset 13,0.15941176470588236,0.08466709760827408,0.10705882352941176,6.745236349484363,-2.234376842967512,1.1419751561229585,1.3354613686829246,-1.2326070629570003,1.3993705773785774
D019,Myocardial Infarction Complications,gradient_boosted_trees,C4,-0.0092850187821148,0.75,1700,91,271,13098,1275.0,Dataset 13,0.15941176470588236,0.08466709760827408,0.07137254901960784,7.150701457592526,-2.6398419510756765,1.8846159664624522,0.8540625192351384,-1.2326070629570003,1.3993705773785774
D019,Myocardial Infarction Complications,gradient_boosted_trees,C4,-0.0100060036962332,1.0,1700,91,271,13098,1700.0,Dataset 13,0.15941176470588236,0.08466709760827408,0.05352941176470588,7.438383530044307,-2.9275240235274573,2.411528006816718,0.5125045999083353,-1.2326070629570003,1.3993705773785774
D019,Myocardial Infarction Complications,gradient_boosted_trees,C5,0.1298093875764348,0.5,1700,91,271,13098,850.0,Dataset 13,0.15941176470588236,0.08466709760827408,0.10705882352941176,6.745236349484363,-2.234376842967512,1.1419751561229585,1.3354613686829246,-1.2326070629570003,1.3993705773785774
D019,Myocardial Infarction Complications,gradient_boosted_trees,C5,0.1483820925721095,0.75,1700,91,271,13098,1275.0,Dataset 13,0.15941176470588236,0.08466709760827408,0.07137254901960784,7.150701457592526,-2.6398419510756765,1.8846159664624522,0.8540625192351384,-1.2326070629570003,1.3993705773785774
D019,Myocardial Infarction Complications,gradient_boosted_trees,C5,0.1371328515513957,1.0,1700,91,271,13098,1700.0,Dataset 13,0.15941176470588236,0.08466709760827408,0.05352941176470588,7.438383530044307,-2.9275240235274573,2.411528006816718,0.5125045999083353,-1.2326070629570003,1.3993705773785774
D019,Myocardial Infarction Complications,logistic_regression,C2,0.0069346825207723,0.5,1700,91,271,13098,850.0,Dataset 13,0.15941176470588236,0.08466709760827408,0.10705882352941176,6.745236349484363,-2.234376842967512,1.1419751561229585,1.3354613686829246,-1.2326070629570003,1.3993705773785774
D019,Myocardial Infarction Complications,logistic_regression,C2,0.0080017701880366,0.75,1700,91,271,13098,1275.0,Dataset 13,0.15941176470588236,0.08466709760827408,0.07137254901960784,7.150701457592526,-2.6398419510756765,1.8846159664624522,0.8540625192351384,-1.2326070629570003,1.3993705773785774
D019,Myocardial Infarction Complications,logistic_regression,C2,-0.0064475319491951,1.0,1700,91,271,13098,1700.0,Dataset 13,0.15941176470588236,0.08466709760827408,0.05352941176470588,7.438383530044307,-2.9275240235274573,2.411528006816718,0.5125045999083353,-1.2326070629570003,1.3993705773785774
D019,Myocardial Infarction Complications,logistic_regression,C3,-0.0033915070558437,0.5,1700,91,271,13098,850.0,Dataset 13,0.15941176470588236,0.08466709760827408,0.10705882352941176,6.745236349484363,-2.234376842967512,1.1419751561229585,1.3354613686829246,-1.2326070629570003,1.3993705773785774
D019,Myocardial Infarction Complications,logistic_regression,C3,0.003104807657301,0.75,1700,91,271,13098,1275.0,Dataset 13,0.15941176470588236,0.08466709760827408,0.07137254901960784,7.150701457592526,-2.6398419510756765,1.8846159664624522,0.8540625192351384,-1.2326070629570003,1.3993705773785774
D019,Myocardial Infarction Complications,logistic_regression,C3,-0.0008492721461315,1.0,1700,91,271,13098,1700.0,Dataset 13,0.15941176470588236,0.08466709760827408,0.05352941176470588,7.438383530044307,-2.9275240235274573,2.411528006816718,0.5125045999083353,-1.2326070629570003,1.3993705773785774
D019,Myocardial Infarction Complications,logistic_regression,C4,0.0015309431933157,0.5,1700,91,271,13098,850.0,Dataset 13,0.15941176470588236,0.08466709760827408,0.10705882352941176,6.745236349484363,-2.234376842967512,1.1419751561229585,1.3354613686829246,-1.2326070629570003,1.3993705773785774
D019,Myocardial Infarction Complications,logistic_regression,C4,0.0039679065403738,0.75,1700,91,271,13098,1275.0,Dataset 13,0.15941176470588236,0.08466709760827408,0.07137254901960784,7.150701457592526,-2.6398419510756765,1.8846159664624522,0.8540625192351384,-1.2326070629570003,1.3993705773785774
D019,Myocardial Infarction Complications,logistic_regression,C4,-0.0105274176335736,1.0,1700,91,271,13098,1700.0,Dataset 13,0.15941176470588236,0.08466709760827408,0.05352941176470588,7.438383530044307,-2.9275240235274573,2.411528006816718,0.5125045999083353,-1.2326070629570003,1.3993705773785774
D019,Myocardial Infarction Complications,logistic_regression,C5,0.0439926122951096,0.5,1700,91,271,13098,850.0,Dataset 13,0.15941176470588236,0.08466709760827408,0.10705882352941176,6.745236349484363,-2.234376842967512,1.1419751561229585,1.3354613686829246,-1.2326070629570003,1.3993705773785774
D019,Myocardial Infarction Complications,logistic_regression,C5,0.0513791771907699,0.75,1700,91,271,13098,1275.0,Dataset 13,0.15941176470588236,0.08466709760827408,0.07137254901960784,7.150701457592526,-2.6398419510756765,1.8846159664624522,0.8540625192351384,-1.2326070629570003,1.3993705773785774
D019,Myocardial Infarction Complications,logistic_regression,C5,0.0328311346620786,1.0,1700,91,271,13098,1700.0,Dataset 13,0.15941176470588236,0.08466709760827408,0.05352941176470588,7.438383530044307,-2.9275240235274573,2.411528006816718,0.5125045999083353,-1.2326070629570003,1.3993705773785774
D019,Myocardial Infarction Complications,random_forest,C2,0.008224443352683,0.5,1700,91,271,13098,850.0,Dataset 13,0.15941176470588236,0.08466709760827408,0.10705882352941176,6.745236349484363,-2.234376842967512,1.1419751561229585,1.3354613686829246,-1.2326070629570003,1.3993705773785774
D019,Myocardial Infarction Complications,random_forest,C2,-4.431916281433246e-05,0.75,1700,91,271,13098,1275.0,Dataset 13,0.15941176470588236,0.08466709760827408,0.07137254901960784,7.150701457592526,-2.6398419510756765,1.8846159664624522,0.8540625192351384,-1.2326070629570003,1.3993705773785774
D019,Myocardial Infarction Complications,random_forest,C2,-0.0006034012962905,1.0,1700,91,271,13098,1700.0,Dataset 13,0.15941176470588236,0.08466709760827408,0.05352941176470588,7.438383530044307,-2.9275240235274573,2.411528006816718,0.5125045999083353,-1.2326070629570003,1.3993705773785774
D019,Myocardial Infarction Complications,random_forest,C3,-0.0065897393234131,0.5,1700,91,271,13098,850.0,Dataset 13,0.15941176470588236,0.08466709760827408,0.10705882352941176,6.745236349484363,-2.234376842967512,1.1419751561229585,1.3354613686829246,-1.2326070629570003,1.3993705773785774
D019,Myocardial Infarction Complications,random_forest,C3,0.0005512305735538,0.75,1700,91,271,13098,1275.0,Dataset 13,0.15941176470588236,0.08466709760827408,0.07137254901960784,7.150701457592526,-2.6398419510756765,1.8846159664624522,0.8540625192351384,-1.2326070629570003,1.3993705773785774
D019,Myocardial Infarction Complications,random_forest,C3,-0.0020053830298508,1.0,1700,91,271,13098,1700.0,Dataset 13,0.15941176470588236,0.08466709760827408,0.05352941176470588,7.438383530044307,-2.9275240235274573,2.411528006816718,0.5125045999083353,-1.2326070629570003,1.3993705773785774
D019,Myocardial Infarction Complications,random_forest,C4,-0.0049080033852904,0.5,1700,91,271,13098,850.0,Dataset 13,0.15941176470588236,0.08466709760827408,0.10705882352941176,6.745236349484363,-2.234376842967512,1.1419751561229585,1.3354613686829246,-1.2326070629570003,1.3993705773785774
D019,Myocardial Infarction Complications,random_forest,C4,-0.0038282799073734,0.75,1700,91,271,13098,1275.0,Dataset 13,0.15941176470588236,0.08466709760827408,0.07137254901960784,7.150701457592526,-2.6398419510756765,1.8846159664624522,0.8540625192351384,-1.2326070629570003,1.3993705773785774
D019,Myocardial Infarction Complications,random_forest,C4,-0.0068173473191528,1.0,1700,91,271,13098,1700.0,Dataset 13,0.15941176470588236,0.08466709760827408,0.05352941176470588,7.438383530044307,-2.9275240235274573,2.411528006816718,0.5125045999083353,-1.2326070629570003,1.3993705773785774
D019,Myocardial Infarction Complications,random_forest,C5,0.1208165696075291,0.5,1700,91,271,13098,850.0,Dataset 13,0.15941176470588236,0.08466709760827408,0.10705882352941176,6.745236349484363,-2.234376842967512,1.1419751561229585,1.3354613686829246,-1.2326070629570003,1.3993705773785774
D019,Myocardial Infarction Complications,random_forest,C5,0.1319693467533357,0.75,1700,91,271,13098,1275.0,Dataset 13,0.15941176470588236,0.08466709760827408,0.07137254901960784,7.150701457592526,-2.6398419510756765,1.8846159664624522,0.8540625192351384,-1.2326070629570003,1.3993705773785774
D019,Myocardial Infarction Complications,random_forest,C5,0.1272165629016686,1.0,1700,91,271,13098,1700.0,Dataset 13,0.15941176470588236,0.08466709760827408,0.05352941176470588,7.438383530044307,-2.9275240235274573,2.411528006816718,0.5125045999083353,-1.2326070629570003,1.3993705773785774
D020,Differentiated Thyroid Cancer Recurrence,gradient_boosted_trees,C2,0.0117452409778862,0.75,383,15,108,0,287.0,Dataset 14,0.2819843342036554,0.0,0.05226480836236934,5.659482215759621,-2.951432014657411,-0.8466677963150049,0.48411922421899917,-0.23368102548918865,-0.5956564979686924
D020,Differentiated Thyroid Cancer Recurrence,gradient_boosted_trees,C2,0.0065345045772341,1.0,383,15,108,0,383.0,Dataset 14,0.2819843342036554,0.0,0.0391644908616188,5.948034989180646,-3.239984788078436,-0.31816099956757055,0.14152754283369734,-0.23368102548918865,-0.5956564979686924
D020,Differentiated Thyroid Cancer Recurrence,gradient_boosted_trees,C3,0.0063573445515191,0.75,383,15,108,0,287.0,Dataset 14,0.2819843342036554,0.0,0.05226480836236934,5.659482215759621,-2.951432014657411,-0.8466677963150049,0.48411922421899917,-0.23368102548918865,-0.5956564979686924
D020,Differentiated Thyroid Cancer Recurrence,gradient_boosted_trees,C3,-0.0041442618813291,1.0,383,15,108,0,383.0,Dataset 14,0.2819843342036554,0.0,0.0391644908616188,5.948034989180646,-3.239984788078436,-0.31816099956757055,0.14152754283369734,-0.23368102548918865,-0.5956564979686924
D020,Differentiated Thyroid Cancer Recurrence,gradient_boosted_trees,C4,0.0068064691882689,0.75,383,15,108,0,287.0,Dataset 14,0.2819843342036554,0.0,0.05226480836236934,5.659482215759621,-2.951432014657411,-0.8466677963150049,0.48411922421899917,-0.23368102548918865,-0.5956564979686924
D020,Differentiated Thyroid Cancer Recurrence,gradient_boosted_trees,C4,0.0072919680033994,1.0,383,15,108,0,383.0,Dataset 14,0.2819843342036554,0.0,0.0391644908616188,5.948034989180646,-3.239984788078436,-0.31816099956757055,0.14152754283369734,-0.23368102548918865,-0.5956564979686924
D020,Differentiated Thyroid Cancer Recurrence,gradient_boosted_trees,C5,0.0287822928915173,0.75,383,15,108,0,287.0,Dataset 14,0.2819843342036554,0.0,0.05226480836236934,5.659482215759621,-2.951432014657411,-0.8466677963150049,0.48411922421899917,-0.23368102548918865,-0.5956564979686924
D020,Differentiated Thyroid Cancer Recurrence,gradient_boosted_trees,C5,0.0371091177355547,1.0,383,15,108,0,383.0,Dataset 14,0.2819843342036554,0.0,0.0391644908616188,5.948034989180646,-3.239984788078436,-0.31816099956757055,0.14152754283369734,-0.23368102548918865,-0.5956564979686924
D020,Differentiated Thyroid Cancer Recurrence,logistic_regression,C2,0.0064601728368473,0.75,383,15,108,0,287.0,Dataset 14,0.2819843342036554,0.0,0.05226480836236934,5.659482215759621,-2.951432014657411,-0.8466677963150049,0.48411922421899917,-0.23368102548918865,-0.5956564979686924
D020,Differentiated Thyroid Cancer Recurrence,logistic_regression,C2,0.0035787945886854,1.0,383,15,108,0,383.0,Dataset 14,0.2819843342036554,0.0,0.0391644908616188,5.948034989180646,-3.239984788078436,-0.31816099956757055,0.14152754283369734,-0.23368102548918865,-0.5956564979686924
D020,Differentiated Thyroid Cancer Recurrence,logistic_regression,C3,-0.0041152685318791,0.75,383,15,108,0,287.0,Dataset 14,0.2819843342036554,0.0,0.05226480836236934,5.659482215759621,-2.951432014657411,-0.8466677963150049,0.48411922421899917,-0.23368102548918865,-0.5956564979686924
D020,Differentiated Thyroid Cancer Recurrence,logistic_regression,C3,-0.0008620994855843,1.0,383,15,108,0,383.0,Dataset 14,0.2819843342036554,0.0,0.0391644908616188,5.948034989180646,-3.239984788078436,-0.31816099956757055,0.14152754283369734,-0.23368102548918865,-0.5956564979686924
D020,Differentiated Thyroid Cancer Recurrence,logistic_regression,C4,-0.0006315932731935,0.75,383,15,108,0,287.0,Dataset 14,0.2819843342036554,0.0,0.05226480836236934,5.659482215759621,-2.951432014657411,-0.8466677963150049,0.48411922421899917,-0.23368102548918865,-0.5956564979686924
D020,Differentiated Thyroid Cancer Recurrence,logistic_regression,C4,-0.0014254062627092,1.0,383,15,108,0,383.0,Dataset 14,0.2819843342036554,0.0,0.0391644908616188,5.948034989180646,-3.239984788078436,-0.31816099956757055,0.14152754283369734,-0.23368102548918865,-0.5956564979686924
D020,Differentiated Thyroid Cancer Recurrence,logistic_regression,C5,0.0125038866581846,0.75,383,15,108,0,287.0,Dataset 14,0.2819843342036554,0.0,0.05226480836236934,5.659482215759621,-2.951432014657411,-0.8466677963150049,0.48411922421899917,-0.23368102548918865,-0.5956564979686924
D020,Differentiated Thyroid Cancer Recurrence,logistic_regression,C5,0.0210359091720296,1.0,383,15,108,0,383.0,Dataset 14,0.2819843342036554,0.0,0.0391644908616188,5.948034989180646,-3.239984788078436,-0.31816099956757055,0.14152754283369734,-0.23368102548918865,-0.5956564979686924
D020,Differentiated Thyroid Cancer Recurrence,random_forest,C2,0.0066694267837401,0.75,383,15,108,0,287.0,Dataset 14,0.2819843342036554,0.0,0.05226480836236934,5.659482215759621,-2.951432014657411,-0.8466677963150049,0.48411922421899917,-0.23368102548918865,-0.5956564979686924
D020,Differentiated Thyroid Cancer Recurrence,random_forest,C2,-0.0039735752002304,1.0,383,15,108,0,383.0,Dataset 14,0.2819843342036554,0.0,0.0391644908616188,5.948034989180646,-3.239984788078436,-0.31816099956757055,0.14152754283369734,-0.23368102548918865,-0.5956564979686924
D020,Differentiated Thyroid Cancer Recurrence,random_forest,C3,0.0040280887274716,0.75,383,15,108,0,287.0,Dataset 14,0.2819843342036554,0.0,0.05226480836236934,5.659482215759621,-2.951432014657411,-0.8466677963150049,0.48411922421899917,-0.23368102548918865,-0.5956564979686924
D020,Differentiated Thyroid Cancer Recurrence,random_forest,C3,0.0011699118638248,1.0,383,15,108,0,383.0,Dataset 14,0.2819843342036554,0.0,0.0391644908616188,5.948034989180646,-3.239984788078436,-0.31816099956757055,0.14152754283369734,-0.23368102548918865,-0.5956564979686924
D020,Differentiated Thyroid Cancer Recurrence,random_forest,C4,-0.0052406755949151,0.75,383,15,108,0,287.0,Dataset 14,0.2819843342036554,0.0,0.05226480836236934,5.659482215759621,-2.951432014657411,-0.8466677963150049,0.48411922421899917,-0.23368102548918865,-0.5956564979686924
D020,Differentiated Thyroid Cancer Recurrence,random_forest,C4,-0.0037214466426154,1.0,383,15,108,0,383.0,Dataset 14,0.2819843342036554,0.0,0.0391644908616188,5.948034989180646,-3.239984788078436,-0.31816099956757055,0.14152754283369734,-0.23368102548918865,-0.5956564979686924
D020,Differentiated Thyroid Cancer Recurrence,random_forest,C5,0.024456399128276,0.75,383,15,108,0,287.0,Dataset 14,0.2819843342036554,0.0,0.05226480836236934,5.659482215759621,-2.951432014657411,-0.8466677963150049,0.48411922421899917,-0.23368102548918865,-0.5956564979686924
D020,Differentiated Thyroid Cancer Recurrence,random_forest,C5,0.0187201768287048,1.0,383,15,108,0,383.0,Dataset 14,0.2819843342036554,0.0,0.0391644908616188,5.948034989180646,-3.239984788078436,-0.31816099956757055,0.14152754283369734,-0.23368102548918865,-0.5956564979686924
