dataset_id,model,condition,sample_fraction,chain,AUROC_mean,AUROC_median,AUROC_std,AUROC_count,AUPRC_mean,AUPRC_median,AUPRC_std,AUPRC_count,balanced_accuracy_mean,balanced_accuracy_median,balanced_accuracy_std,balanced_accuracy_count,F1_mean,F1_median,F1_std,F1_count,Brier_mean,Brier_median,Brier_std,Brier_count,calibration_intercept_mean,calibration_intercept_median,calibration_intercept_std,calibration_intercept_count,calibration_slope_mean,calibration_slope_median,calibration_slope_std,calibration_slope_count,dataset_name
D001,gradient_boosted_trees,C0,0.5,0,0.9715119443420143,0.9710703812316716,0.015844423572552644,6,0.9686666100105144,0.9684699032475879,0.014302988109137708,6,0.9262143396539585,0.9286620938041257,0.034846200050101875,6,0.9001886714352058,0.8957219251336899,0.038895543382106226,6,0.05160975132108394,0.051914556716473964,0.01530955889615142,6,-0.11651552188705074,-0.017892819559217586,0.8818687161152939,6,0.570103152167752,0.5262229017506997,0.2812609737784361,6,Breast Cancer Wisconsin Diagnostic
D001,gradient_boosted_trees,C0,0.75,0,0.9910125847797563,0.9910135378232312,0.006084590681405153,6,0.9896891149552944,0.9896866196614105,0.005989101246315244,6,0.953464604061253,0.949750830564784,0.024087219241472717,6,0.9371196200670971,0.9395652173913043,0.03446600436688725,6,0.03065078343540827,0.028154869251602918,0.01344027793469624,6,-0.5959668609007492,-0.3080631575434747,2.3944539470691995,6,1.1478985284375505,0.6142068634870839,1.2671959137509863,6,Breast Cancer Wisconsin Diagnostic
D001,gradient_boosted_trees,C0,1.0,PRIMARY,0.9903848422094965,0.9926141456298878,0.008655687346545761,6,0.989047603485132,0.9910990999474083,0.007734459880600479,6,0.9589391714826879,0.9615739507980887,0.013161350447999553,6,0.9472362351038822,0.9484797297297297,0.01852505141387667,6,0.029931299075937556,0.025677173714871684,0.014024275793171042,6,0.07375694568503845,0.06446160948697494,0.672357105663784,6,0.674675244957891,0.530551900729234,0.4312593552813743,6,Breast Cancer Wisconsin Diagnostic
D001,gradient_boosted_trees,C1,1.0,PRIMARY,0.9805128205128205,0.9805128205128205,,1,0.9798328238177862,0.9798328238177862,,1,0.9487179487179487,0.9487179487179487,,1,0.9459459459459459,0.9459459459459459,,1,0.0259325595866277,0.0259325595866277,,1,0.6980137924320565,0.6980137924320565,,1,0.6578171582727305,0.6578171582727305,,1,Breast Cancer Wisconsin Diagnostic
D001,gradient_boosted_trees,C2,0.5,0,0.9815945945945945,0.9815945945945945,0.0006497737989281879,2,0.9776778724706684,0.9776778724706684,0.0038787907600985215,2,0.9524324324324325,0.9524324324324325,0.013951025682869815,2,0.9383186413666019,0.9383186413666019,0.028912528878637208,2,0.04175522330386903,0.04175522330386903,0.01685665997616542,2,0.13707770603933003,0.13707770603933003,0.33304868182546654,2,0.766124954991076,0.766124954991076,0.29636410193251744,2,Breast Cancer Wisconsin Diagnostic
D001,gradient_boosted_trees,C2,0.75,0,0.9887052144458757,0.9887052144458757,0.0028505568918592854,2,0.985894161888589,0.985894161888589,0.002917764769481551,2,0.9652628691379228,0.9652628691379228,0.009993816322051268,2,0.9557282177687279,0.9557282177687279,0.007866004060354093,2,0.0292628904651564,0.0292628904651564,0.00550116510748668,2,-0.09706169370356112,-0.09706169370356112,0.0350291258244792,2,0.5367497294396815,0.5367497294396815,0.021177777647493713,2,Breast Cancer Wisconsin Diagnostic
D001,gradient_boosted_trees,C2,1.0,PRIMARY,0.9881216637598436,0.9881216637598436,0.0008782310320746366,2,0.9869764112441943,0.9869764112441943,0.001144139245600109,2,0.9631097722107711,0.9631097722107711,0.004951728159569643,2,0.9539883800028994,0.9539883800028994,0.007964246194488971,2,0.028809071330242294,0.028809071330242294,0.0035773415931970066,2,-0.11226710829119824,-0.11226710829119824,0.15383551689987224,2,0.6889515374272359,0.6889515374272359,0.021578807776079182,2,Breast Cancer Wisconsin Diagnostic
D001,gradient_boosted_trees,C3,0.5,0,0.9752279332488974,0.9722580645161291,0.017624165541907665,6,0.9741962004542466,0.9749312982768865,0.014125046189722965,6,0.9228853019082489,0.936487428489015,0.0347443054270708,6,0.8973748196552284,0.9078787878787878,0.039184405316270814,6,0.04733350406532599,0.04348861322440674,0.01438071794903605,6,-0.42034013916600826,-0.13180441199151377,1.1430054202765916,6,1.087132807570886,0.8363323511603011,0.8750037447895452,6,Breast Cancer Wisconsin Diagnostic
D001,gradient_boosted_trees,C3,0.75,0,0.9867453556334257,0.9841521883727895,0.008639224107244865,6,0.9835384191577559,0.9822070094064264,0.010485781128753948,6,0.944050572362315,0.9367359500477096,0.021102269740947442,6,0.9247965876383525,0.9276106855968616,0.021463200036082077,6,0.04092732492973037,0.0438477910956946,0.017801049064032636,6,-0.46082226824130545,-0.33520266941736776,1.4395996803951554,6,1.0205023648647062,0.8202048018165186,0.7247058057764149,6,Breast Cancer Wisconsin Diagnostic
D001,gradient_boosted_trees,C3,1.0,PRIMARY,0.9913228184903885,0.9931369923146534,0.007132432989106475,6,0.9891864810569989,0.9912387185897977,0.008229768195839857,6,0.9562230138637386,0.9581955724197103,0.012393080634731974,6,0.9399866186277257,0.9409722222222222,0.01752070279379966,6,0.02870160968129995,0.02884814180524056,0.01431731619595699,6,0.07160083504654689,0.07695984778197804,0.3427577534425253,6,0.6740276069295706,0.6347963797392719,0.30229291754743876,6,Breast Cancer Wisconsin Diagnostic
D001,gradient_boosted_trees,C4,0.5,0,0.9757536477680713,0.9811577031839128,0.014108768122388692,6,0.9678721923341772,0.9703261451497931,0.017293548725084675,6,0.9102649291207179,0.9261661837266676,0.03452843519910993,6,0.8748355515919912,0.8832450649975927,0.03823835263275164,6,0.06074806248359335,0.05683823077618154,0.02478957674733176,6,-0.42282334070884514,-0.30649601010638045,0.6746668286374458,6,0.599484498189881,0.5113718842363945,0.3376250636651204,6,Breast Cancer Wisconsin Diagnostic
D001,gradient_boosted_trees,C4,0.75,0,0.9852244632223446,0.9836475381600502,0.008832475541244979,6,0.9805695495736,0.976698950345154,0.008037527296576478,6,0.924627704661258,0.913651244443764,0.0288778134935398,6,0.9010515615240707,0.8910760069473163,0.025577244295873193,6,0.05500431852399138,0.06207923868773793,0.02144961736382474,6,-0.37710241032848585,-0.575905698462146,1.0138707522522783,6,0.6574784374757131,0.5361734352772572,0.3816615294891267,6,Breast Cancer Wisconsin Diagnostic
D001,gradient_boosted_trees,C4,1.0,PRIMARY,0.9861356199946685,0.9885768838936542,0.008870843113292769,6,0.9816659155492732,0.9830186889718532,0.010010750175200296,6,0.9393636061342256,0.9340510697032436,0.01572218963409462,6,0.9188209561637554,0.9177927927927928,0.020407415967199215,6,0.04628907321451448,0.04508293272067291,0.01339240704359912,6,-0.24850825496835915,-0.21820559392513955,0.17359223587576503,6,0.594467571530651,0.5805974037612431,0.25249615446031165,6,Breast Cancer Wisconsin Diagnostic
D001,gradient_boosted_trees,C5,0.5,0,0.9932190283011696,0.9964458186653661,0.008856922862737643,6,0.9915298565948052,0.992739348705741,0.009034591093821522,6,0.9621505673464776,0.956661367440135,0.02314848097631943,6,0.9439193565042405,0.93521421107628,0.03100197896618767,6,0.033143868217349916,0.038804143917035766,0.016613275640002333,6,-2.5944554261703225,-1.6795751675976542,2.6034337465142157,6,1.6951304842869082,1.394865199837557,1.3572386171066828,6,Breast Cancer Wisconsin Diagnostic
D001,gradient_boosted_trees,C5,0.75,0,0.9948270496919897,0.9944479104469994,0.0037269177315634758,6,0.9928320930742536,0.9915981422781452,0.0039761063891145905,6,0.9597281393606671,0.9631043360008915,0.02265260062192286,6,0.9410899300998353,0.9453329948379453,0.03662872529007389,6,0.032630534761749284,0.0348784415966632,0.01833374793320139,6,0.47471580959950943,-0.688420719432783,4.789645653870463,6,3.0251712266094555,1.159492623067488,4.846281177720264,6,Breast Cancer Wisconsin Diagnostic
D001,gradient_boosted_trees,C5,1.0,PRIMARY,0.9955087263876582,0.9974069035021416,0.005393091671903191,6,0.994304949897045,0.9959788562160605,0.006339556038616557,6,0.976677059274163,0.9823906418734005,0.014255663079052263,6,0.9687797905960215,0.9777959183673469,0.020224068555158573,6,0.021593166051745716,0.017528760526834067,0.012358791369443192,6,-1.9019707010613685,-0.756907308121785,3.148762679285113,6,1.1486817295049991,0.9716853709652984,0.720550720593961,6,Breast Cancer Wisconsin Diagnostic
D001,gradient_boosted_trees,C6,1.0,PRIMARY,0.991866659934178,0.9925542363953158,0.006003694526663571,6,0.9899263222617053,0.9908422887451225,0.0067572700813259634,6,0.9583279545440943,0.9568013210254589,0.01239536270203937,6,0.9492663496440756,0.9484091913389306,0.017436097939164626,6,0.0314857162172109,0.032171152118840245,0.012457299500041586,6,0.09048694047600574,0.11088351636205734,0.5543357811550147,6,0.41384261522600624,0.3873936473020158,0.11788589795082312,6,Breast Cancer Wisconsin Diagnostic
D001,logistic_regression,C0,0.5,0,0.9909680447318868,0.9941984359726295,0.009736994680220363,6,0.9885635634489792,0.9923937339906239,0.010595207380662552,6,0.9554179672079687,0.9592497556207233,0.014566862495391098,6,0.9372430196200324,0.9344086021505376,0.014522077584453291,6,0.039004247681053185,0.04093095897495791,0.011130293697707148,6,-2.353384618528556,-0.7134636221715717,3.8848157271240544,6,4.071181329001715,2.103020152429998,5.74609828141488,6,Breast Cancer Wisconsin Diagnostic
D001,logistic_regression,C0,0.75,0,0.9922062894074674,0.9925166240539727,0.005936217109126524,6,0.9907465384270681,0.9910720737921533,0.005257949267897718,6,0.9593354843380116,0.9608696523284956,0.01917266902601452,6,0.9458257518080359,0.9470642201834862,0.01904499543664082,6,0.0347896774001091,0.03636737140582723,0.012961105288169012,6,-0.6007057557509473,-1.1435346600822744,1.2814698238524673,6,1.5502468714710895,1.2249420091463397,1.0986585484671145,6,Breast Cancer Wisconsin Diagnostic
D001,logistic_regression,C0,1.0,PRIMARY,0.9925440230083615,0.9951668365389026,0.0068077159139557225,6,0.9910639039446628,0.9938157418569171,0.0077399342120493,6,0.9717228899282757,0.9741363211951448,0.013362418696225706,6,0.9634621867289991,0.966388450259418,0.017109737811465763,6,0.028378314926302235,0.027830903065030693,0.010999760793573317,6,-0.29999865599665265,-0.31180082585182173,0.3182584649669155,6,2.0273581863582266,1.9559480189332237,1.171984438307961,6,Breast Cancer Wisconsin Diagnostic
D001,logistic_regression,C1,1.0,PRIMARY,0.9897435897435898,0.9897435897435898,,1,0.9855425629390462,0.9855425629390462,,1,0.9548717948717949,0.9548717948717949,,1,0.9473684210526315,0.9473684210526315,,1,0.028702963531961494,0.028702963531961494,,1,-0.502907247686439,-0.502907247686439,,1,0.7042456622607,0.7042456622607,,1,Breast Cancer Wisconsin Diagnostic
D001,logistic_regression,C2,0.5,0,0.9910270270270272,0.9910270270270272,0.000458663858067,2,0.9889850798874722,0.9889850798874722,0.0024540373765194953,2,0.966891891891892,0.966891891891892,0.007071067811865481,2,0.9595694207075989,0.9595694207075989,0.007431267858298017,2,0.027701475732238807,0.027701475732238807,0.0058070935283882855,2,-0.49234894074091645,-0.49234894074091645,0.07032279325621456,2,1.029307025464535,1.029307025464535,0.2217652191339954,2,Breast Cancer Wisconsin Diagnostic
D001,logistic_regression,C2,0.75,0,0.9905777396116597,0.9905777396116597,0.003474643311970625,2,0.9878905033876966,0.9878905033876966,0.005670833331259152,2,0.9627164734506941,0.9627164734506941,0.016175645321260833,2,0.9523993227458797,0.9523993227458797,0.016973351227607354,2,0.033235010933112846,0.033235010933112846,0.0059713866685438,2,-0.5055136946936776,-0.5055136946936776,0.2002870971966513,2,1.3735211393684463,1.3735211393684463,0.8123844923487118,2,Breast Cancer Wisconsin Diagnostic
D001,logistic_regression,C2,1.0,PRIMARY,0.9920656942022092,0.9920656942022092,0.0004017439827574889,2,0.9898314819455261,0.9898314819455261,0.000682864904116014,2,0.9657622482955446,0.9657622482955446,0.0006773590406958333,2,0.9535960378983634,0.9535960378983634,0.0001522624421159186,2,0.04657749656592296,0.04657749656592296,0.0005527930501724725,2,-0.32889922920090964,-0.32889922920090964,0.06400322910932155,2,3.085063938844023,3.085063938844023,0.1960317039414264,2,Breast Cancer Wisconsin Diagnostic
D001,logistic_regression,C3,0.5,0,0.9895115170319793,0.9873338220918866,0.008302790282124476,6,0.9875397197970983,0.9833379576021192,0.008500841791245281,6,0.9558328602809851,0.9498669733044733,0.02438671780248224,6,0.9425569915932813,0.9423182066703116,0.026250208669369165,6,0.033533465440343566,0.0257569961318201,0.016783427741480974,6,-1.9781244510444027,-0.2393739253359726,4.15302072687634,6,2.70010158558177,0.8853854654282869,4.792952746724903,6,Breast Cancer Wisconsin Diagnostic
D001,logistic_regression,C3,0.75,0,0.9907580826783012,0.99078218802821,0.007625128738292207,6,0.989190416515146,0.9893355395877363,0.0075206641834242105,6,0.9565451950323611,0.9560751442559887,0.02358090609028627,6,0.9434336598935884,0.9384781435509983,0.02631882125755912,6,0.031201215242345214,0.030235036851374894,0.013379554478602944,6,-0.4340090735394933,-0.7008688056650363,0.9562236164268597,6,1.364274319759831,1.505782978596443,0.38280246638921667,6,Breast Cancer Wisconsin Diagnostic
D001,logistic_regression,C3,1.0,PRIMARY,0.9914623401951879,0.9935554395671313,0.0077372395246517196,6,0.9895006914953249,0.9913538812686967,0.008331148004877213,6,0.9625891634770003,0.9644391928874687,0.008998093216546705,6,0.9511990964998521,0.9525574499629355,0.00971825267109562,6,0.03420884182211418,0.036688097388937566,0.011679926089165727,6,-0.2613881209910096,-0.33506853828419153,0.27938763607806916,6,2.15520751021671,2.321401847973471,1.4830597167657678,6,Breast Cancer Wisconsin Diagnostic
D001,logistic_regression,C4,0.5,0,0.979913026127103,0.9787243401759531,0.010529929783164447,6,0.9736078837312313,0.9732341884528397,0.014137362670208523,6,0.9304569793421025,0.9416184453986873,0.03107719744180919,6,0.9034465763832848,0.9069024809629084,0.03394441029568983,6,0.055118484328179486,0.054059997418524755,0.019139838871642664,6,-1.1452608955883639,-0.7508981763097624,1.7747623801439718,6,2.1926861120033827,2.0997190003339887,1.7239170606690224,6,Breast Cancer Wisconsin Diagnostic
D001,logistic_regression,C4,0.75,0,0.9866749123127966,0.9869226692502928,0.01057653820336222,6,0.9844812404530878,0.9832089469917111,0.008525208571812232,6,0.9470638297791876,0.9453649993168296,0.016164918782244384,6,0.9307702376511674,0.9354166666666667,0.014665171091136216,6,0.04013793032161533,0.03547471273642737,0.012614927703069444,6,-1.0197615612511575,-1.0616914793770156,1.522223524397787,6,1.7597639645681917,1.2548338214552037,1.4956328409798678,6,Breast Cancer Wisconsin Diagnostic
D001,logistic_regression,C4,1.0,PRIMARY,0.987633344504558,0.9902309071776858,0.007695021087077617,6,0.9822201696739586,0.982871655957942,0.008509904013109412,6,0.9326986251112878,0.932736369910283,0.01954329419174979,6,0.915076456650036,0.916083916083916,0.021510755199008205,6,0.041929011354655155,0.037469446034062256,0.009596559053282319,6,-0.526750406304696,-0.4631513177766713,0.2376858072642582,6,1.0201562782762679,0.965770613109076,0.35056837705348554,6,Breast Cancer Wisconsin Diagnostic
D001,logistic_regression,C5,0.5,0,0.9930343179877736,0.9936241446725318,0.006729564360811196,6,0.9914519506692087,0.990347031350008,0.006071833562315642,6,0.9614567355723116,0.9617500296138356,0.01584751653177093,6,0.9446223835152033,0.9396051103368177,0.028579170607100513,6,0.029353170362604483,0.028193030906186266,0.009894759635311978,6,-0.3317423492113461,0.07056489105189681,1.1359282379883373,6,2.95568549574076,1.4185584858856624,3.5701950806144866,6,Breast Cancer Wisconsin Diagnostic
D001,logistic_regression,C5,0.75,0,0.9942096958552802,0.9958034789309572,0.004370634416235925,6,0.9922077212825576,0.9935018495859481,0.004780142339183675,6,0.9635050980060079,0.9656676252844092,0.018782831379051484,6,0.9501669206974522,0.9422863485016648,0.020696501197390887,6,0.030772344325580143,0.032648925155940714,0.00928853785384782,6,-0.605929342901215,-0.9349944388226321,1.2343307522477822,6,1.6208748894933995,1.6090232827793833,0.5835809054973201,6,Breast Cancer Wisconsin Diagnostic
D001,logistic_regression,C5,1.0,PRIMARY,0.9932139399517695,0.992898528815713,0.0029828664230327337,6,0.991037069598276,0.9902964415042002,0.0036021357254909193,6,0.9592277005038756,0.9567460317460317,0.01974678855346352,6,0.9472172872462643,0.9462162162162162,0.027512882804625906,6,0.029121560711112604,0.029632047614832534,0.00841429852964815,6,-0.41979674245187976,-0.5998984683059936,0.6065795700334582,6,1.2821357704355112,1.0234896453986628,0.9899200207392814,6,Breast Cancer Wisconsin Diagnostic
D001,logistic_regression,C6,1.0,PRIMARY,0.9922145449423144,0.9930049842803467,0.0064390844923874055,6,0.990978393087107,0.99171967510916,0.0072987857440446,6,0.9741347595576307,0.9750966183574878,0.015584820759995772,6,0.9682526574746347,0.9705376344086022,0.020291575837222353,6,0.022204325159146818,0.019038411389029855,0.010439993032669155,6,-0.2769680192940901,-0.30172557449259096,0.35253328827064123,6,1.2488736673338778,1.1398888254423225,0.5322040359661762,6,Breast Cancer Wisconsin Diagnostic
D001,random_forest,C0,0.5,0,0.9755956032746477,0.9764939910835433,0.017798847605214458,6,0.9677366492641095,0.9655467968453217,0.02396564691247764,6,0.9275220403793766,0.8988830199651094,0.050578289027838626,6,0.9020730074013065,0.8722654801631442,0.07122794795986101,6,0.048376128263344316,0.054872603385267366,0.019664103436743983,6,-1.0538412612444992,-0.3631791463650108,1.8866233850270047,6,3.589554160499155,1.0825999322987165,6.4327914945920455,6,Breast Cancer Wisconsin Diagnostic
D001,random_forest,C0,0.75,0,0.985577673100878,0.9864206080078614,0.010626040405798976,6,0.9826013791668267,0.9837854344585186,0.010622661900571463,6,0.942341518132786,0.9504249896053498,0.028428936595236806,6,0.9242342975883306,0.9250413564929694,0.030992282616315824,6,0.04213989678739374,0.040474505301679974,0.012948095173937066,6,-0.3822691340047575,-0.40991330499178424,0.9842669731846878,6,1.4597924482417708,1.2386239020969338,0.7423943993032831,6,Breast Cancer Wisconsin Diagnostic
D001,random_forest,C0,1.0,PRIMARY,0.9891365894893459,0.9922806159500839,0.00862356691839154,6,0.9865141396705001,0.9877465749672403,0.009053156075485479,6,0.9495873929044057,0.9484369982848685,0.010764771665451025,6,0.9329917659845327,0.9319727891156463,0.018573784747239364,6,0.033770184209734606,0.032613850503956855,0.007798914065015907,6,-0.24557436605792304,-0.25747366505795366,0.47036019875824997,6,1.6595279351203782,1.457492561787201,1.2040783990721304,6,Breast Cancer Wisconsin Diagnostic
D001,random_forest,C1,1.0,PRIMARY,0.9806837606837606,0.9806837606837606,,1,0.9785042543663234,0.9785042543663234,,1,0.9358974358974359,0.9358974358974359,,1,0.9315068493150684,0.9315068493150684,,1,0.03371143092105263,0.03371143092105263,,1,0.6867767974265332,0.6867767974265332,,1,1.1629077615025896,1.1629077615025896,,1,Breast Cancer Wisconsin Diagnostic
D001,random_forest,C2,0.5,0,0.9807837837837837,0.9807837837837837,0.005007080450564198,2,0.9775375142235099,0.9775375142235099,0.006425065698472108,2,0.9499324324324324,0.9499324324324324,0.016339899943635113,2,0.935,0.935,0.021213203435596326,2,0.04101444692982456,0.04101444692982456,0.007067587481910004,2,-0.10846189862575237,-0.10846189862575237,0.07116127668709035,2,1.2570721808390397,1.2570721808390397,0.08392389631308468,2,Breast Cancer Wisconsin Diagnostic
D001,random_forest,C2,0.75,0,0.9870115929583512,0.9870115929583512,0.0029517600951206487,2,0.9841524470638356,0.9841524470638356,0.002654109269211357,2,0.9586851772339107,0.9586851772339107,0.010592601941347061,2,0.9438783980078854,0.9438783980078854,0.019089975561811554,2,0.034953969189110076,0.034953969189110076,0.001895825005331769,2,-0.1491880517394574,-0.1491880517394574,0.002295313489990506,2,1.3253988801261822,1.3253988801261822,0.1676926063651612,2,Breast Cancer Wisconsin Diagnostic
D001,random_forest,C2,1.0,PRIMARY,0.9890696844775647,0.9890696844775647,0.0006026159741363708,2,0.9864154148127928,0.9864154148127928,0.0007044941641485942,2,0.9573225516621743,0.9573225516621743,0.00531610060904746,2,0.9422632794457275,0.9422632794457275,0.006532164260383837,2,0.03538569861202555,0.03538569861202555,0.0033330366929470246,2,-0.12494775912512938,-0.12494775912512938,0.1414954785050106,2,1.4677898552749469,1.4677898552749469,0.08989393685510082,2,Breast Cancer Wisconsin Diagnostic
D001,random_forest,C3,0.5,0,0.9814409305732429,0.9814623468330739,0.012836376681539178,6,0.9755031963804895,0.974064512027377,0.018068957672354818,6,0.9416443103812254,0.950647605083089,0.048435577828102795,6,0.9211795053485261,0.9388327721661055,0.06404437690118939,6,0.04224740484226025,0.0427563157894737,0.017884276748208573,6,-31.13558714725494,-0.07736434529246511,76.09005163975027,6,97.21059115228644,1.2076576603127287,235.37335306599516,6,Breast Cancer Wisconsin Diagnostic
D001,random_forest,C3,0.75,0,0.9883569027025394,0.9887095394051311,0.007321793944940887,6,0.985763901241481,0.9860302542569354,0.006193711060016793,6,0.9447022799903193,0.9468700083184062,0.01069377878179911,6,0.92749292848569,0.9296322489391797,0.01953555695283347,6,0.03874078035210909,0.03842761444231235,0.007398178171498345,6,-0.3195045791941729,-0.4657615960700259,1.113900024310976,6,1.4891675405773892,1.4961073870279264,0.4364878532783039,6,Breast Cancer Wisconsin Diagnostic
D001,random_forest,C3,1.0,PRIMARY,0.9904247488618544,0.9933610481229529,0.008171696337324494,6,0.9880617463100964,0.9899774718345623,0.008893188779463468,6,0.955572882389935,0.9601138716356108,0.016125139048721253,6,0.9427059542335657,0.9462015503875969,0.02133154043648372,6,0.03192236888909659,0.029289906491840073,0.009265896686727285,6,-0.09142083912903341,-0.18935495499091587,0.5173989517559098,6,1.7037432852823298,1.624244079534674,0.6853073423372841,6,Breast Cancer Wisconsin Diagnostic
D001,random_forest,C4,0.5,0,0.9797726368307881,0.9759805679395231,0.009968167641785767,6,0.9712461067673922,0.9720015789971004,0.018723670167229027,6,0.9210175994078608,0.9141124082144786,0.04724492301987721,6,0.8949987895254949,0.8834310850439883,0.05832645218610367,6,0.04763936731916574,0.049705869278553055,0.0166833665748072,6,-1.0426694090256692,-0.18532013871945438,2.12002061111903,6,1.7932461488980624,0.8913668562475414,2.1835021402542445,6,Breast Cancer Wisconsin Diagnostic
D001,random_forest,C4,0.75,0,0.9846265366218593,0.9827434605410433,0.009395715916720341,6,0.9807063687438747,0.9783421191131589,0.008643710416157064,6,0.9393851426327845,0.9382341494114383,0.017881945067022658,6,0.9197424487873831,0.9207843137254902,0.008897818210616203,6,0.04341420263833031,0.04480198417600588,0.009373509707458092,6,-0.39656596868893246,-0.5521705481839921,0.9560622165358128,6,1.2343398531984027,1.1668489517585363,0.49016975005189356,6,Breast Cancer Wisconsin Diagnostic
D001,random_forest,C4,1.0,PRIMARY,0.9869983164744388,0.989871197432274,0.007243980275769284,6,0.9820523184836357,0.9836441315852501,0.008471208725382309,6,0.9410190142785927,0.94267122908999,0.014438820171475604,6,0.9198401525098575,0.9219124187478618,0.022161444512576654,6,0.04094840941061613,0.040364409739844405,0.008615516991879705,6,-0.25441545800491855,-0.20779107875407726,0.3930054579995318,6,1.0220596100900956,1.1290304462617136,0.26416142755271504,6,Breast Cancer Wisconsin Diagnostic
D001,random_forest,C5,0.5,0,0.9900013379883156,0.9910710377730118,0.010160417380492892,6,0.985238764195237,0.9889991063812786,0.014525871328134597,6,0.941993887846086,0.9445259042033236,0.03462580912123735,6,0.9166533578770021,0.9142156862745098,0.041190566266192226,6,0.039455415795330566,0.041446391441766595,0.015065411662100561,6,-1.8974964119864641,-1.110914667235949,1.7971812015122866,6,2.040887265833017,1.6597763410721431,1.409394138094266,6,Breast Cancer Wisconsin Diagnostic
D001,random_forest,C5,0.75,0,0.9911527840498655,0.9938505557993271,0.007773358645832653,6,0.9891936626236678,0.990751009507405,0.008072712730489507,6,0.9485702805116761,0.950504999059738,0.018762185337388895,6,0.9290656728892023,0.9336363636363636,0.026510626726553133,6,0.038259233562650076,0.035767415346455986,0.008980938770741688,6,-1.0540862777162927,-1.0560888244736735,1.5468608191943827,6,1.8834937256072521,1.6345582451119451,0.9463156436639877,6,Breast Cancer Wisconsin Diagnostic
D001,random_forest,C5,1.0,PRIMARY,0.9950541092147779,0.9958627895602685,0.0032882624485120887,6,0.9929933977349211,0.9929938260257172,0.004146427580633475,6,0.9623720351407586,0.9647964113181504,0.014215787410965595,6,0.9485167224131237,0.9492621369348699,0.020236324628605293,6,0.03007189118556788,0.029805663291528152,0.007895750552785241,6,-1.135534468497467,-0.9151459814413473,1.0326067390174354,6,2.1960726365597094,1.8239635451927965,1.1734427749573646,6,Breast Cancer Wisconsin Diagnostic
D001,random_forest,C6,1.0,PRIMARY,0.9898876226968207,0.9924102974523143,0.008686248582159183,6,0.9876832500978895,0.9889603540039202,0.00968267992616541,6,0.9577203189468156,0.9547964113181504,0.018238447195928615,6,0.9461497488630345,0.9422396026000106,0.022268962455526876,6,0.03236142771744175,0.031022021609579505,0.009209795748297028,6,-0.16375435671668967,-0.1939874771144307,0.47437106529639367,6,1.8087303241038508,1.6706987745216673,1.0698754107312456,6,Breast Cancer Wisconsin Diagnostic
D002,gradient_boosted_trees,C0,0.5,0,0.9991925064599484,1.0,0.0019779471437202825,6,0.9995710390048106,1.0,0.0010507355577706828,6,0.9787270367490556,0.9848214285714286,0.022508137227053415,6,0.9804801443728213,0.9871773795824429,0.02211147461134433,6,0.010204801447319022,0.008127787748220889,0.01007792028223064,6,-4.047687836369849,1.4897847789356413,21.991976646446112,6,10.069883609906714,3.422167784027933,17.042558319194697,6,Chronic Kidney Disease
D002,gradient_boosted_trees,C0,0.75,0,0.9987970259623715,0.9989528163093737,0.0010433681977516818,6,0.9992822184583345,0.9993469614842235,0.0006292483991409083,6,0.9804486483209734,0.9825410798122065,0.017270686294157647,6,0.9839552838819702,0.9845238095238096,0.011496591671218422,6,0.012151452652273909,0.01297739277606654,0.006930023594378837,6,1.1721733882869463,1.0385204450504175,1.2744643180200943,6,1.7225216102401502,1.550458817539845,0.9265268108578476,6,Chronic Kidney Disease
D002,gradient_boosted_trees,C0,1.0,PRIMARY,0.9992697878822759,0.9996464308049674,0.0009952654983650918,6,0.999577536871226,0.9997023809523811,0.0004991241003367911,6,0.9802057007392713,0.9779018726326596,0.012605185869615029,6,0.9838649439002682,0.9851566402626133,0.01212543808227235,6,0.013550560235131981,0.013636876878514767,0.00939006801726963,6,0.6065512801004008,0.4738402439523869,1.8063654734363697,6,1.9451446505549954,0.7828684740054515,1.8768553027833346,6,Chronic Kidney Disease
D002,gradient_boosted_trees,C1,1.0,PRIMARY,1.0,1.0,,1,1.0,1.0,,1,1.0,1.0,,1,1.0,1.0,,1,4.7745623854766536e-05,4.7745623854766536e-05,,1,-0.47705842399318504,-0.47705842399318504,,1,2.149807622400713,2.149807622400713,,1,Chronic Kidney Disease
D002,gradient_boosted_trees,C2,0.5,0,0.9990449915110357,0.9990449915110357,0.00030013021272771984,2,0.9994385853819082,0.9994385853819082,0.00016028240647561947,2,0.9899193548387097,0.9899193548387097,0.0028512370209135347,2,0.9898125103700016,0.9898125103700016,0.0029096147624732608,2,0.012550279852173935,0.012550279852173935,0.001097161556602987,2,0.8536962770438908,0.8536962770438908,0.9010917494812388,2,0.789716000900456,0.789716000900456,0.31641573014724117,2,Chronic Kidney Disease
D002,gradient_boosted_trees,C2,0.75,0,0.9986199215534357,0.9986199215534357,0.0013353912385005594,2,0.9992357557876992,0.9992357557876992,0.0007413863856810533,2,0.9831364098590867,0.9831364098590867,0.009912711885792685,2,0.9883719373410096,0.9883719373410096,0.005424717975898859,2,0.015392737897775871,0.015392737897775871,0.005759306218317379,2,0.8330370986841231,0.8330370986841231,1.024144903815658,2,0.8101348317234028,0.8101348317234028,0.1970081658384656,2,Chronic Kidney Disease
D002,gradient_boosted_trees,C2,1.0,PRIMARY,0.9996400000000001,0.9996400000000001,0.0001319932658214508,2,0.9997846906970211,0.9997846906970211,7.682432924032303e-05,2,0.991,0.991,0.0032998316455373294,2,0.992977787040971,0.992977787040971,0.004296591822964876,2,0.009163449652556239,0.009163449652556239,0.0033173150537555516,2,1.108006675338646,1.108006675338646,0.9191369077429499,2,1.1368509576827484,1.1368509576827484,0.18891309823482222,2,Chronic Kidney Disease
D002,gradient_boosted_trees,C3,0.5,0,0.9990455790639389,1.0,0.001478841012056517,6,0.9994166716358083,1.0,0.000910484127153186,6,0.97898852880021,0.977632296781233,0.019880928530656285,6,0.9819715168552378,0.9818785865297492,0.01651742099440041,6,0.016573715441543718,0.01680205278187498,0.014502634453715475,6,4.593111986235633,2.7203201667260286,6.2773665612628715,6,2.7049280667941855,2.763842285829406,1.7019952312977662,6,Chronic Kidney Disease
D002,gradient_boosted_trees,C3,0.75,0,0.9991977173408043,0.9991549943406904,0.0007528282758565366,6,0.9995489510709686,0.9995778912137722,0.0004403094929296122,6,0.9785682951145186,0.9849910394265233,0.020756668437159932,6,0.9829164537127753,0.9847610251673978,0.011936593996641865,6,0.014783181906236948,0.015399594035512856,0.005091786331879235,6,9.068469523764763,0.8926395167298571,13.429204426617044,6,3.5738817303364225,2.523614011099678,3.1798578369215753,6,Chronic Kidney Disease
D002,gradient_boosted_trees,C3,1.0,PRIMARY,0.9987623888471721,0.9995180761479141,0.0019220497741159455,6,0.9993382243097746,0.9997023809523808,0.0009275036443614909,6,0.9746771079454554,0.9733039721517125,0.008681382276089814,6,0.9798813271441998,0.9823376623376623,0.009334478075874938,6,0.016314846243393702,0.013123407803693915,0.009316432209702822,6,1.1855760845963774,0.1369698951367011,2.701776140584601,6,0.9679309201387826,0.9140980609747429,0.44821535620419156,6,Chronic Kidney Disease
D002,gradient_boosted_trees,C4,0.5,0,0.9993419258046918,1.0,0.0011708432733874249,6,0.9996354252570235,1.0,0.0006987385878654862,6,0.9779328305178071,0.9876524390243903,0.025518180105725003,6,0.981321269248971,0.9874980465697765,0.017478087459800416,6,0.00879077044552611,0.0074981014371115935,0.00569435451553213,6,1.8091977903561902,0.7939364402774461,3.5831932505659823,6,5.356201022686013,3.5614793540290117,5.013885065741873,6,Chronic Kidney Disease
D002,gradient_boosted_trees,C4,0.75,0,0.9965727101307111,0.9977786546867411,0.003932354770533619,6,0.9984128057308469,0.9988205483322734,0.0017881015305610361,6,0.9732905987982292,0.981386612021858,0.016113903831584946,6,0.9794071554708959,0.9810283687943262,0.008849851237741919,6,0.021434122154287454,0.020619196314890693,0.01023616881114032,6,6.344123234980543,0.7942962195438652,13.520032355541513,6,3.8355872578415564,0.7774163865607673,6.897078555490223,6,Chronic Kidney Disease
D002,gradient_boosted_trees,C4,1.0,PRIMARY,0.9984959073896819,0.9992699941139682,0.002096167122391009,6,0.9991364781363589,0.9995892017449653,0.0011817536630407835,6,0.9859046010884085,0.9910610465116279,0.010444207832031378,6,0.9880183608940826,0.9909729929707732,0.007475255846764322,6,0.012242881995078834,0.012962725621329767,0.009297482269391633,6,4.720401144038333,2.3007723223021177,5.8633633954576645,6,5.9686375956255056,1.7736227702535055,10.104247135359637,6,Chronic Kidney Disease
D002,gradient_boosted_trees,C5,0.5,0,1.0,1.0,0.0,6,1.0,1.0,0.0,6,0.9928545370618541,0.9939024390243902,0.008069922624213438,6,0.9936133825022714,0.9938271604938271,0.007000107207061957,6,0.009021923884957319,0.010551396838882454,0.004503804682978311,6,7.783497777405471,4.919696945319361,11.334939492226686,6,8.117707297491604,7.054119362503404,5.726493355036932,6,Chronic Kidney Disease
D002,gradient_boosted_trees,C5,0.75,0,0.9999305555555557,1.0,0.00017010345435996725,6,0.9999544626593807,1.0,0.00011154324876052777,6,0.9937336984872197,0.9964788732394366,0.007545503814949073,6,0.9936456903056357,0.9964539007092199,0.007663979137456398,6,0.010113672961818582,0.011056058342678698,0.007078901930641508,6,27.766315450915204,8.61368727823243,44.0497120377127,6,6.519177401885034,4.0776333980708594,6.113278479329531,6,Chronic Kidney Disease
D002,gradient_boosted_trees,C5,1.0,PRIMARY,0.999796918767507,1.0,0.00039253183353611323,6,0.9998196248196248,1.0,0.00032455463603340884,6,0.9889775213453006,0.9899638699317543,0.008004790914238329,6,0.991002428253767,0.9938641069075851,0.00733045508999919,6,0.007810614949643223,0.007349602603962994,0.006933625843040355,6,41.52599449342116,2.3584198224142225,100.48276057277735,6,23.59127668620404,3.7832181382592527,44.84281447248495,6,Chronic Kidney Disease
D002,gradient_boosted_trees,C6,1.0,PRIMARY,0.9995614175416895,0.9996382036238542,0.0004581494295350566,6,0.9997392344254555,0.9997947454844005,0.0002878917003790421,6,0.9927025461981948,0.9922161172161172,0.006594760764447715,6,0.9940697835176321,0.993975684993649,0.005263347759271111,6,0.007866202447079565,0.009890018753207223,0.006249318339350078,6,1.4907449170021432,0.5606388743465054,2.908639197250625,6,1.2356745510176907,0.8997027699756961,0.8508719916410715,6,Chronic Kidney Disease
D002,logistic_regression,C0,0.5,0,1.0,1.0,0.0,6,1.0,1.0,1.4043333874306804e-16,6,0.983496017330994,0.9849738675958188,0.012544010891184938,6,0.985576554665666,0.9880800340570455,0.012950400408449185,6,0.03115111880083997,0.023381441247797875,0.029554653614677854,6,55.382110455986094,13.555101265565366,107.90262640986141,6,31.03540789052379,13.007806146790244,43.911018873012374,6,Chronic Kidney Disease
D002,logistic_regression,C0,0.75,0,0.9994179894179894,0.9995039682539683,0.000644479955755235,6,0.9996715897377046,0.9998084200067646,0.00038973194312804884,6,0.9802371936215767,0.9864766081871346,0.01787037222594916,6,0.9854123168332481,0.9888255150739146,0.012031089101714436,6,0.01718490037190007,0.01482081756054221,0.010555606895535667,6,55.13978502133623,3.5676366601632123,120.5221717276418,6,48.127782070419975,5.425687726538909,107.05787424366368,6,Chronic Kidney Disease
D002,logistic_regression,C0,1.0,PRIMARY,0.9998821436016558,1.0,0.00019664691049167592,6,0.999927382299675,0.9999999999999998,0.00012278822066654383,6,0.9925581357681125,0.9938988095238095,0.008137282812336138,6,0.9939229021792557,0.9941158146135474,0.006722769780402479,6,0.01394429063406362,0.0086980463721736,0.011253110261857597,6,9.614841899103453,11.103067957904212,4.087311036188588,6,14.091433688664884,12.058581154203177,10.285203180642977,6,Chronic Kidney Disease
D002,logistic_regression,C1,1.0,PRIMARY,1.0,1.0,,1,1.0,1.0,,1,1.0,1.0,,1,1.0,1.0,,1,0.009295238802678627,0.009295238802678627,,1,13.606598811007553,13.606598811007553,,1,26.569939065669697,26.569939065669697,,1,Chronic Kidney Disease
D002,logistic_regression,C2,0.5,0,0.9998938879456706,0.9998938879456706,0.0,2,0.9999354838709678,0.9999354838709678,0.0,2,0.9959677419354839,0.9959677419354839,0.0,2,0.9959514170040485,0.9959514170040485,0.0,2,0.0203975628675101,0.0203975628675101,0.014051609735702108,2,4.0476577476711615,4.0476577476711615,0.3332939930567778,2,5.916837727693689,5.916837727693689,0.4975524212728407,2,Chronic Kidney Disease
D002,logistic_regression,C2,0.75,0,0.9996610333640017,0.9996610333640017,6.84816019743927e-05,2,0.9998139182796044,0.9998139182796044,3.883536807198028e-05,2,0.9922279792746114,0.9922279792746114,0.0036637657056297927,2,0.9921602312390925,0.9921602312390925,0.003721411670184419,2,0.02112286663828873,0.02112286663828873,0.01191837057367145,2,3.349925993630992,3.349925993630992,2.4243466862654457,2,5.443020040414458,5.443020040414458,2.8840981752171877,2,Chronic Kidney Disease
D002,logistic_regression,C2,1.0,PRIMARY,0.99992,0.99992,3.771236166321558e-05,2,0.9999522226016568,0.9999522226016568,2.2402759787536113e-05,2,0.9963333333333333,0.9963333333333333,0.00047140452079097976,2,0.9969939638794699,0.9969939638794699,0.001428395489014018,2,0.010561333402532416,0.010561333402532416,0.001507894448826019,2,3.3141137524881383,3.3141137524881383,1.732483869919563,2,6.01036672805473,6.01036672805473,1.9615861095279636,2,Chronic Kidney Disease
D002,logistic_regression,C3,0.5,0,0.9995306629613433,1.0,0.0007850703707661742,6,0.9996984677030651,1.0,0.0004892253432461013,6,0.987972967685604,0.9849738675958188,0.009863293739281036,6,0.990238987448716,0.9880800340570455,0.008415720309333852,6,0.03556133398071492,0.022098565632542942,0.03970441220417553,6,6.164534070869959,4.025593370024255,8.037873412924352,6,11.934929937478907,10.90746149925463,10.396685489627696,6,Chronic Kidney Disease
D002,logistic_regression,C3,0.75,0,0.9997209252971139,1.0,0.0005050465622965158,6,0.9998250554702167,1.0,0.0003199351311342513,6,0.9864929263058703,0.99231220657277,0.013632736864109795,6,0.9894986928200652,0.992252220036951,0.008522709354301114,6,0.017328025574489654,0.011552935786878908,0.011842409363490564,6,35.920496362842556,10.025867218812254,62.166500959496595,6,18.643883372157102,16.094314983202636,16.56230259691777,6,Chronic Kidney Disease
D002,logistic_regression,C3,1.0,PRIMARY,0.9998412842525543,0.9998820754716982,0.00019271222649700387,6,0.9999027291216039,0.9999331729484093,0.00012026443571257974,6,0.9888136756452249,0.9892510421237385,0.010691840185627676,6,0.9898094824842878,0.9908260233918129,0.010009928157567296,6,0.019723698632542922,0.015793515382240945,0.013426787908277999,6,36.98315077104965,7.546381139750504,74.41617183527826,6,36.73163381213973,13.48594632397614,62.6683497042062,6,Chronic Kidney Disease
D002,logistic_regression,C4,0.5,0,0.9991475722858701,1.0,0.0013801471770089582,6,0.9995888213441404,0.9999999999999999,0.0006375771221148854,6,0.9961436170212766,1.0,0.006003219861859408,6,0.9960981806633092,1.0,0.006074633657474279,6,0.058263395616004,0.03361698721221616,0.04728871301186854,6,12.62569427249256,7.78423330480198,11.882609743356948,6,21.89430998776166,11.148517327467063,24.99153402807778,6,Chronic Kidney Disease
D002,logistic_regression,C4,0.75,0,0.9998611111111111,1.0,0.00021516574145595823,6,0.9999089253187613,1.0,0.00014109228947926515,6,0.9848297043601709,0.9896516393442623,0.01076066141430906,6,0.9896320717551316,0.9917355371900827,0.00393239000192837,6,0.04526339003437652,0.024397560159956328,0.04604714624783883,6,30.257323052426642,11.128078173020167,41.00289721913852,6,34.34206927636486,10.089270585079035,58.92637795122964,6,Chronic Kidney Disease
D002,logistic_regression,C4,1.0,PRIMARY,0.999484126984127,1.0,0.001263625660959577,6,0.9997283635676492,1.0,0.0006653706548093465,6,0.9949781267928858,0.9969879518072289,0.006970143832557856,6,0.9949113779302459,0.996969696969697,0.007092255045326323,6,0.028290304756908257,0.018754673531489928,0.033215579582390055,6,105.19549499879948,24.15853353174517,143.87124867085598,6,82.98045988769051,40.80445302917218,104.73373045706212,6,Chronic Kidney Disease
D002,logistic_regression,C5,0.5,0,0.9995099996008143,1.0,0.0008013931773546313,6,0.9997370512732836,1.0,0.000462290098768985,6,0.991918114239933,0.98858329008822,0.006314638711738505,6,0.9918183452723629,0.9884508164078056,0.006393868292976949,6,0.012805887573664075,0.012795303494451227,0.011119078578291343,6,8.297319536160138,3.052054005849885,11.145445404322759,6,5.061858048459877,3.272428249564083,5.7643004545594225,6,Chronic Kidney Disease
D002,logistic_regression,C5,0.75,0,0.9979280133577673,0.9991511035653651,0.0033947897915051423,6,0.9989905759397669,0.9996345029239765,0.0016793338611381385,6,0.9933766427718042,0.9965277777777778,0.008036611253104953,6,0.9932773996402782,0.9965034965034965,0.00817019884900805,6,0.01680982348409724,0.012769233431960531,0.014927287950272915,6,5.350639143900998,4.359132047792505,3.274138558149888,6,3.7817355814777667,3.5942041421862196,2.236395375625508,6,Chronic Kidney Disease
D002,logistic_regression,C5,1.0,PRIMARY,0.9998825179652377,1.0,0.00019637417598017217,6,0.9999258864943146,0.9999999999999998,0.00012261080984932112,6,0.9871682770003165,0.9857522796352584,0.00884244633172824,6,0.9889101335196174,0.9907596758312505,0.008908080888076196,6,0.020181676144887774,0.00958187178889419,0.0287442228487609,6,17.902167194786536,6.97122055008524,21.297202571879033,6,14.378039201183439,2.7436589003900758,23.999979522796586,6,Chronic Kidney Disease
D002,logistic_regression,C6,1.0,PRIMARY,1.0,1.0,0.0,6,0.9999999999999999,0.9999999999999999,1.790180836524724e-16,6,0.9879348519323763,0.9876524390243903,0.008471922173922246,6,0.9877254980075466,0.9874980465697765,0.008677434178147212,6,0.010972224412057377,0.00929509617172378,0.005266915398331435,6,22.032209656582722,10.464508647536302,22.627748123405382,6,33.64881593031168,24.52206441409679,35.496040260381605,6,Chronic Kidney Disease
D002,random_forest,C0,0.5,0,0.9995252180839697,1.0,0.0007898997447083091,6,0.9996840290275837,1.0,0.0005567399923476071,6,0.9832467916244512,0.9884308510638298,0.017871903936436295,6,0.9880367976019263,0.9882945419899278,0.010873204560013935,6,0.023046480089936646,0.023610168656945818,0.012295850667155564,6,4.797543363892461,3.795150560180174,5.0639783145996615,6,9.596323985056832,6.938948792723933,7.992439227731149,6,Chronic Kidney Disease
D002,random_forest,C0,0.75,0,0.9987047732458386,0.9992393197375158,0.001755104933043745,6,0.9991411372568565,0.9995326621873242,0.0011845887607130703,6,0.9799636345549813,0.9793032786885245,0.01497658199678501,6,0.985259439969156,0.9834699453551912,0.00961877562995406,6,0.016923356810071014,0.014874538171013387,0.009724542307068667,6,2.8611912025710926,1.6985825095389666,3.5571041067280817,6,5.919009750467434,5.279625576819289,3.8553935196816966,6,Chronic Kidney Disease
D002,random_forest,C0,1.0,PRIMARY,0.9996548804005719,1.0,0.0006054074638583163,6,0.9997931539488913,1.0,0.00034037533107115456,6,0.9881649012804985,0.9917796184738955,0.011570765825966283,6,0.9911087468110359,0.993975684993649,0.008025129480780206,6,0.010353935655329183,0.010005645523975848,0.003148051124173256,6,10.08098877809215,-0.013619658728097894,24.13484779556822,6,22.44451771942788,7.711553874203467,41.471858459830734,6,Chronic Kidney Disease
D002,random_forest,C1,1.0,PRIMARY,1.0,1.0,,1,1.0,1.0,,1,1.0,1.0,,1,1.0,1.0,,1,0.005046793412623398,0.005046793412623398,,1,-1.2086726990337855,-1.2086726990337855,,1,6.348233379743521,6.348233379743521,,1,Chronic Kidney Disease
D002,random_forest,C2,0.5,0,0.9985144312393888,0.9985144312393888,0.0013505859572748179,2,0.9990897253585649,0.9990897253585649,0.0008288701233642547,2,0.9820670628183361,0.9820670628183361,0.010354492339106885,2,0.9858462844456053,0.9858462844456053,0.008611428411342005,2,0.017504982757443544,0.017504982757443544,0.004922078976533584,2,0.6269651753844283,0.6269651753844283,0.7257012944297634,2,2.405401982839768,2.405401982839768,0.36026380377683015,2,Chronic Kidney Disease
D002,random_forest,C2,0.75,0,0.9980388358917245,0.9980388358917245,0.0025680600740395493,2,0.9988764935982078,0.9988764935982078,0.0014767218977980337,2,0.9880635320323471,0.9880635320323471,0.013216949181056965,2,0.9922745634827896,0.9922745634827896,0.0072521351177013615,2,0.01884345218838194,0.01884345218838194,0.011075176188593787,2,0.738859163650413,0.738859163650413,0.480891869495462,2,3.0677923460962333,3.0677923460962333,1.0750102248612945,2,Chronic Kidney Disease
D002,random_forest,C2,1.0,PRIMARY,0.9997066666666666,0.9997066666666666,0.00018856180831639191,2,0.9998235681731822,0.9998235681731822,0.00011301492321973108,2,0.9933333333333333,0.9933333333333333,0.004714045207910269,2,0.9960198886521192,0.9960198886521192,0.0028059458863050517,2,0.010098194135454985,0.010098194135454985,0.002290649294334175,2,-0.013181235432610482,-0.013181235432610482,0.13724148163740962,2,3.3570721767725447,3.3570721767725447,0.3294249580093905,2,Chronic Kidney Disease
D002,random_forest,C3,0.5,0,0.9982235142118863,1.0,0.004351483716184587,6,0.9990171197670938,1.0,0.002407555048888018,6,0.9833921404616605,0.9946808510638298,0.022689509359454813,6,0.9881872545943736,0.9946236559139785,0.014999316096627774,6,0.01726677870261224,0.015265598800552185,0.011006794691049347,6,-3.9103951107417703,2.1372438519475936,18.617805604566396,6,18.270006814150367,6.234192962983959,26.97190651727348,6,Chronic Kidney Disease
D002,random_forest,C3,0.75,0,0.9993029617053386,0.9997916666666666,0.001138947444524537,6,0.999549291554132,0.999863387978142,0.0007514224632519295,6,0.9845713541378193,0.9865474900686169,0.006547461192899688,6,0.9883007099549221,0.9887249114521842,0.004359671185127733,6,0.015899784036092407,0.013321378981741436,0.00751877166754152,6,1.0601588723123614,0.5580400059673615,6.398358735551636,6,8.629138795106718,5.679187713947048,7.590419928843599,6,Chronic Kidney Disease
D002,random_forest,C3,1.0,PRIMARY,0.9998799027548962,0.9998827392120074,0.0001316031218174696,6,0.9999288068413223,0.9999316005471957,7.805606050764201e-05,6,0.9842542537559358,0.9816374663072777,0.006368228029141862,6,0.989038188472386,0.9884389200748462,0.004534631016872999,6,0.011211648338507234,0.010628629085689175,0.002590727327673227,6,-4.635844861331962,-2.1920207515124233,9.775144888456914,6,10.291287581028627,9.058171810316788,6.5304621133384515,6,Chronic Kidney Disease
D002,random_forest,C4,0.5,0,0.9998226950354611,1.0,0.00043430669198284404,6,0.9999261229314421,1.0,0.00018096112165951028,6,0.9939506345651363,0.9946808510638298,0.006678093179034159,6,0.9938759584410871,0.9946236559139785,0.0067617379846554165,6,0.012616945351037023,0.013042364395384939,0.007065504763234986,6,13.67294136670774,3.707365978437688,25.229937160625095,6,13.675325168077109,4.446904486074365,21.482578063064032,6,Chronic Kidney Disease
D002,random_forest,C4,0.75,0,0.9990207092552169,1.0,0.0015444822859230743,6,0.9995271569038172,1.0,0.0008021008125182762,6,0.98508884677909,0.9856854838709678,0.012692998140635807,6,0.9878820295008365,0.9876710472835659,0.0086895221348403,6,0.020831549653180886,0.011132828176631467,0.017657392980663558,6,4.451950467267037,3.0764739711355387,4.496163518241541,6,8.66060754704516,9.186715848456704,4.890086540159899,6,Chronic Kidney Disease
D002,random_forest,C4,1.0,PRIMARY,0.9996825396825396,1.0,0.0007776157913597531,6,0.9998274672187716,1.0,0.00042261727791294447,6,0.9949551399558746,0.9970238095238095,0.007122347193688378,6,0.9948863049357711,0.9970059880239521,0.007251164599334055,6,0.010863365904181596,0.008908180518135602,0.0059241004859235495,6,12.719491481036712,2.5164310030170256,19.007403996069606,6,15.807006958299112,11.779814855477543,13.773476378847057,6,Chronic Kidney Disease
D002,random_forest,C5,0.5,0,1.0,1.0,0.0,6,1.0,1.0,0.0,6,0.9978632478632479,1.0,0.005233952441844379,6,0.9978354978354979,1.0,0.005301925850180048,6,0.013750569559151772,0.011365526467652326,0.008849441192813553,6,6.250057265862377,5.7000643316446435,3.641916068423978,6,7.689259412413065,6.558491296567763,3.7826627200033145,6,Chronic Kidney Disease
D002,random_forest,C5,0.75,0,0.999595272786142,1.0,0.0009913751589700221,6,0.9998455646157648,1.0,0.00037828788960704487,6,0.9974374021909234,1.0,0.003990897992025316,6,0.9974174066789837,1.0,0.004022363311204211,6,0.012526342948881245,0.011976711360206223,0.010566745725997594,6,5.082009261692657,4.623431441589142,3.5268975171001546,6,5.8995761837933225,4.579575895308894,3.4090767807206297,6,Chronic Kidney Disease
D002,random_forest,C5,1.0,PRIMARY,1.0,1.0,0.0,6,1.0,1.0,7.021666937153402e-17,6,0.9990310077519379,1.0,0.0023735365724643263,6,0.9990253411306043,1.0,0.0023874169032974714,6,0.009384559125949012,0.007303606583509582,0.007818088964914705,6,7.050622427870625,4.73262797273847,5.799605666857914,6,7.27548626445158,4.982384271118992,4.892783561035962,6,Chronic Kidney Disease
D002,random_forest,C6,1.0,PRIMARY,1.0,1.0,0.0,6,1.0,1.0,4.965068306494546e-17,6,0.9928921955846142,0.9921802594995366,0.004067707511293413,6,0.9950437439815847,0.9940820114157649,0.002430738421297626,6,0.008253063965884861,0.007926740545393333,0.0016401736465521213,6,-1.4748975083269051,-4.246836584972188,11.859499972180497,6,16.107066569368808,12.625196118916959,11.728911097809105,6,Chronic Kidney Disease
D003,gradient_boosted_trees,C0,0.5,0,0.6664142698796439,0.673303345959596,0.04129241596352442,6,0.8193314575603999,0.826859690694054,0.035365533171326645,6,0.6083495031606039,0.6254340277777778,0.03307745265895797,6,0.6846445324457888,0.6864181570063923,0.056786678938976674,6,0.2563677137915554,0.23240902351629172,0.0539676334975111,6,0.590662134139231,0.6380945097614451,0.25359189641619095,6,0.35966599622456713,0.39515634252007503,0.23471986963247357,6,ILPD Indian Liver Patient
D003,gradient_boosted_trees,C0,0.75,0,0.7125673685581569,0.7143394199785177,0.0628999763928693,6,0.8466106615466299,0.8407229720608951,0.04879116568572251,6,0.6726570887078019,0.6937609119852111,0.07444994464141028,6,0.6737318540889189,0.7099129993014542,0.09198229667670144,6,0.2276189182383921,0.23243993980018796,0.03194376872487962,6,0.5420856035183323,0.5992671825342606,0.30260483035370767,6,0.49660082565963887,0.31351041330866347,0.4927613334198525,6,ILPD Indian Liver Patient
D003,gradient_boosted_trees,C0,1.0,PRIMARY,0.6987617116536793,0.6772382607688321,0.03799433999448121,6,0.8659506636002018,0.8657576086640977,0.008107672822320056,6,0.6431723506021806,0.6286168908538936,0.05083495896220734,6,0.6746206446694641,0.6771062908401964,0.0389902025106221,6,0.22861628373220358,0.22413424435997778,0.020246738340146172,6,0.5095052830868019,0.6157769349139157,0.22048797375064413,6,0.30157207716870543,0.3360564045750949,0.08253728104759724,6,ILPD Indian Liver Patient
D003,gradient_boosted_trees,C1,1.0,PRIMARY,0.7633136094674555,0.7633136094674555,,1,0.890580732003903,0.890580732003903,,1,0.6987179487179487,0.6987179487179487,,1,0.706766917293233,0.706766917293233,,1,0.18696102835684672,0.18696102835684672,,1,0.21927228220317246,0.21927228220317246,,1,0.7163614978893541,0.7163614978893541,,1,ILPD Indian Liver Patient
D003,gradient_boosted_trees,C2,0.5,0,0.7054569892473117,0.7054569892473117,0.0003421484425097796,2,0.8348292206385494,0.8348292206385494,0.003214931160966514,2,0.6867876344086021,0.6867876344086021,0.010169412041258276,2,0.6876172607879925,0.6876172607879925,0.006633271868541634,2,0.2308935370760039,0.2308935370760039,0.014113125591503899,2,0.4590259524408271,0.4590259524408271,0.012730382248155765,2,0.3107819843975862,0.3107819843975862,0.0852335196272553,2,ILPD Indian Liver Patient
D003,gradient_boosted_trees,C2,0.75,0,0.711964766332273,0.711964766332273,0.016124872034887768,2,0.8501845374896548,0.8501845374896548,0.006656114783039461,2,0.6905493026669929,0.6905493026669929,0.00935138769834419,2,0.6851175267250917,0.6851175267250917,0.0377330743293822,2,0.21310805653923168,0.21310805653923168,0.010328475934686972,2,0.5413788053140353,0.5413788053140353,0.007112860742872028,2,0.44787217129857887,0.44787217129857887,0.11908442843508495,2,ILPD Indian Liver Patient
D003,gradient_boosted_trees,C2,1.0,PRIMARY,0.703758348687241,0.703758348687241,0.01517584366002341,2,0.8624632175716518,0.8624632175716518,0.00366951563851446,2,0.6892453074619991,0.6892453074619991,0.02327268043503916,2,0.6549269098378205,0.6549269098378205,0.001939863270607812,2,0.21361303632188833,0.21361303632188833,0.00023054691476873996,2,0.5640841998903197,0.5640841998903197,0.12087299777878506,2,0.4319967092255631,0.4319967092255631,0.07777768997055949,2,ILPD Indian Liver Patient
D003,gradient_boosted_trees,C3,0.5,0,0.6924769275022751,0.7056500377928949,0.054461973412008625,6,0.8301507106310839,0.8412006201552359,0.03988677514458213,6,0.6334866036280836,0.6240079365079365,0.050304890108208836,6,0.6888235679910825,0.7109359984624255,0.09699505794030334,6,0.22357841510186094,0.21938040825478472,0.028896772764513304,6,0.5494606977221869,0.5975867631728272,0.3200430067446021,6,0.5072586248922951,0.546478559351634,0.17489158701332935,6,ILPD Indian Liver Patient
D003,gradient_boosted_trees,C3,0.75,0,0.6814492516701245,0.665007735697241,0.06308793690978834,6,0.8330634663280133,0.838841484352679,0.03424589225764018,6,0.6290398731058618,0.6075671210942345,0.060582027376324454,6,0.6692096277685082,0.6584795321637427,0.07843519484508835,6,0.23211771399796574,0.23440435022120817,0.03900538456835021,6,0.5460433042526726,0.643621474779321,0.2564347414478577,6,0.4089902741821718,0.3317555827856956,0.2703309122121868,6,ILPD Indian Liver Patient
D003,gradient_boosted_trees,C3,1.0,PRIMARY,0.7156529736141132,0.720685275678828,0.026498798896424657,6,0.8733313230090705,0.8687649472516256,0.01208995111146455,6,0.6661356945321233,0.6701812728221179,0.031972206243687816,6,0.67581272584892,0.6817861339600471,0.03772381513572018,6,0.20619878134231687,0.20560871096215463,0.008547898088347874,6,0.5701796093449137,0.6243555837167856,0.16112425840052017,6,0.5299847872391678,0.5270723478533844,0.1843318729878049,6,ILPD Indian Liver Patient
D003,gradient_boosted_trees,C4,0.5,0,0.7093258400447344,0.7122543461829176,0.036789827349167865,6,0.839902127602132,0.8472367092138848,0.0398846107017636,6,0.6414781046816184,0.6486979166666667,0.040085924355758994,6,0.638926024029374,0.675494071146245,0.11316564829874058,6,0.22826729731108922,0.23157455612286734,0.022316343073586542,6,0.5875211363104279,0.6261766924538059,0.2958059454843383,6,0.4672590821223879,0.37993004916824097,0.2783477237088347,6,ILPD Indian Liver Patient
D003,gradient_boosted_trees,C4,0.75,0,0.7007233891918837,0.7201694712972908,0.042349068164148615,6,0.8349333890035989,0.8464582895956256,0.047873943454705456,6,0.6678607399824936,0.6526698456842014,0.04057238441046351,6,0.6752086741953024,0.6551178838412881,0.09228551744793653,6,0.21845108800578641,0.21115768484537778,0.026491267300615122,6,0.5747766803913004,0.6031142570883334,0.19923115569801841,6,0.4870469090844228,0.4475115997128982,0.16427521537897286,6,ILPD Indian Liver Patient
D003,gradient_boosted_trees,C4,1.0,PRIMARY,0.7028817845031448,0.7047749085785735,0.03889729985587656,6,0.8657338604551544,0.8589471031862455,0.02045720661988606,6,0.6672428756076627,0.67212441314554,0.03904855925889858,6,0.6402318744977334,0.6472346786248131,0.03796686320130801,6,0.21287049539762867,0.21751147445407265,0.0149883318158909,6,0.679221918410504,0.7113144471427557,0.16091767151513087,6,0.5787654267899246,0.4975611886964739,0.220834962230772,6,ILPD Indian Liver Patient
D003,gradient_boosted_trees,C5,0.5,0,0.7977343311855184,0.8012307787698414,0.045639576262815174,6,0.8945746972937796,0.8880809446320024,0.020599866200953262,6,0.7125050739867281,0.7230271464646465,0.04430572622904264,6,0.717159622499327,0.7456651557666019,0.0773797903945212,6,0.2086599567909898,0.2051015261179741,0.029534544297774874,6,0.9517425735168045,0.8742339583023844,0.30720539940503594,6,0.6364329744869958,0.6786865637843549,0.25570574539940777,6,ILPD Indian Liver Patient
D003,gradient_boosted_trees,C5,0.75,0,0.8387737222833546,0.8599048024309615,0.05155452603636079,6,0.9203572505722012,0.9248567392876321,0.03588042690669803,6,0.7470042881914365,0.7536340852130325,0.03523895990876165,6,0.7315155216174082,0.7433182415656492,0.07062057858808973,6,0.1992075028232849,0.19487338114055552,0.04313838813220092,6,1.0744551685043768,1.0616788866050428,0.47415464968325827,6,0.6697228713625161,0.6469215480170554,0.34057519401982334,6,ILPD Indian Liver Patient
D003,gradient_boosted_trees,C5,1.0,PRIMARY,0.8612340608429734,0.8700086682644033,0.05647699171782982,6,0.94329802393879,0.9476472074197267,0.022900809468054156,6,0.7316226964090128,0.7424697572556627,0.032216651037626505,6,0.67311178429324,0.6896405919661734,0.056667829692772974,6,0.18621322479566405,0.19134757639690658,0.02221779063941527,6,1.4825489670836942,1.318602051957495,0.4855934213573282,6,0.9282780348869428,0.9561447014819131,0.29931499723582855,6,ILPD Indian Liver Patient
D003,gradient_boosted_trees,C6,1.0,PRIMARY,0.7119147196184908,0.6997353060947469,0.028339980851273337,6,0.8736234936484643,0.8727024670302934,0.007793864316039781,6,0.6023163676264902,0.6008026272110779,0.035554892542404425,6,0.7883059219333779,0.7887715121757675,0.01672713829203734,6,0.25542523262128886,0.2551129435987535,0.019632697471523356,6,0.4183634177894709,0.4879511623887956,0.1572078222646243,6,0.16805840452948081,0.16097712104157919,0.02982923068401455,6,ILPD Indian Liver Patient
D003,logistic_regression,C0,0.5,0,0.6898033301724943,0.6935468631897204,0.045791553428610667,6,0.8452165198806757,0.8576354163620961,0.04047370241360286,6,0.6482348396605238,0.6328125,0.03646540145393299,6,0.5824929297324138,0.5943527540266454,0.10025933971525998,6,0.22566211303279357,0.23368309906712886,0.01707905641227439,6,0.7108295241704446,0.7131164199032546,0.28019644757736895,6,0.6155636622271732,0.5272487586620536,0.264469089296875,6,ILPD Indian Liver Patient
D003,logistic_regression,C0,0.75,0,0.7339623792965333,0.7305452446974476,0.0677068572459137,6,0.8769793076452207,0.8732113131273731,0.03934683732080844,6,0.6816782851764535,0.6911027568922306,0.061018458157655095,6,0.6813008770792853,0.6810088536051488,0.09099629819368356,6,0.2152907830405348,0.21908562434834777,0.029591562131758488,6,1.060841456714863,0.8132903464924135,0.8320506692314243,6,2.066171551175436,0.45341876731638686,3.6441077461420868,6,ILPD Indian Liver Patient
D003,logistic_regression,C0,1.0,PRIMARY,0.7327619339456252,0.7270144322726482,0.03305386159316539,6,0.8889183963865234,0.8889398356157301,0.009420841241583244,6,0.6836846757329411,0.6825321862905003,0.03475169951948093,6,0.6695099311097121,0.698744769874477,0.07836357622699096,6,0.20892876533938587,0.20963888542428247,0.01778268358047575,6,0.8654899961269132,0.8232966029875067,0.2200346228242855,6,0.8066709359102502,0.7743499552344861,0.3165900966121378,6,ILPD Indian Liver Patient
D003,logistic_regression,C1,1.0,PRIMARY,0.772189349112426,0.772189349112426,,1,0.8870758986106435,0.8870758986106435,,1,0.6923076923076923,0.6923076923076923,,1,0.5555555555555556,0.5555555555555556,,1,0.1942970970570909,0.1942970970570909,,1,0.7916945128588875,0.7916945128588875,,1,1.2608723622053533,1.2608723622053533,,1,ILPD Indian Liver Patient
D003,logistic_regression,C2,0.5,0,0.7212903225806451,0.7212903225806451,0.009123958466923099,2,0.861115858145909,0.861115858145909,0.006222407369127469,2,0.6859274193548387,0.6859274193548387,0.010701642951828665,2,0.6070092404778002,0.6070092404778002,0.019665759927523167,2,0.21396180166074658,0.21396180166074658,0.0064893670303740976,2,0.6698723035137752,0.6698723035137752,0.028277971784523383,2,0.5925989757172255,0.5925989757172255,0.24959579065800525,2,ILPD Indian Liver Patient
D003,logistic_regression,C2,0.75,0,0.7369708832884756,0.7369708832884756,0.020104185949076685,2,0.8773365949763454,0.8773365949763454,0.008742256538001685,2,0.6975348666503548,0.6975348666503548,0.017223508702500813,2,0.6449922543274735,0.6449922543274735,0.08479375720512757,2,0.21138805414953313,0.21138805414953313,0.0030529046201892107,2,0.8201806114995391,0.8201806114995391,0.1298672030189918,2,0.9754989496107932,0.9754989496107932,0.4710743165816958,2,ILPD Indian Liver Patient
D003,logistic_regression,C2,1.0,PRIMARY,0.7396217181022571,0.7396217181022571,0.007328375208059536,2,0.8890875001680636,0.8890875001680636,0.003733510993916933,2,0.704586020267158,0.704586020267158,0.01264144723390281,2,0.686251563158282,0.686251563158282,0.01759054432022814,2,0.21010542113262892,0.21010542113262892,0.00044287438167866405,2,0.9160705157270411,0.9160705157270411,0.08893949770004568,2,0.9842812253294196,0.9842812253294196,0.3255098787861963,2,ILPD Indian Liver Patient
D003,logistic_regression,C3,0.5,0,0.7103791001220706,0.7037175807823128,0.04093214552996477,6,0.8555863233637592,0.85574847012473,0.03606734757166644,6,0.6495366556467302,0.6599431818181818,0.033311226049648014,6,0.6521055334144895,0.6415959840747794,0.07343365824388733,6,0.2193102518437334,0.22582902836511237,0.02318987772287262,6,0.7132816411581938,0.7324362787201484,0.2950622011697653,6,0.7533839101269432,0.7440510055168932,0.3014141875583276,6,ILPD Indian Liver Patient
D003,logistic_regression,C3,0.75,0,0.7361521452096481,0.7279853805888519,0.07268238767075227,6,0.8776539240322773,0.8790732487555326,0.03614678672257585,6,0.6492362939165778,0.6452260748136203,0.07286067209536246,6,0.6871038044921273,0.6455259239204008,0.08464892120999828,6,0.2092024808495114,0.20538899021432944,0.029473794732115807,6,0.7876273328544662,0.8147131571529937,0.2849552509004558,6,0.8002245891202012,0.5835399863414348,0.5388863110679545,6,ILPD Indian Liver Patient
D003,logistic_regression,C3,1.0,PRIMARY,0.7347534103111967,0.7318195846370119,0.03323817015717331,6,0.889093361163748,0.890546909725201,0.012027286091237724,6,0.6800132251648826,0.6803090770869378,0.02843602334703264,6,0.6923072680799501,0.6950369891546362,0.04681895182240756,6,0.20793278198171236,0.20668668614618174,0.018262050143597552,6,0.8495393489516446,0.8144934411913316,0.21589614742569008,6,0.783447623757939,0.7856707486599623,0.2220607626887961,6,ILPD Indian Liver Patient
D003,logistic_regression,C4,0.5,0,0.731961219208021,0.7386712271973466,0.04501150302104284,6,0.8649164897681884,0.8739351071653185,0.0368357622486738,6,0.6613484517946583,0.6555803571428571,0.04219411086565271,6,0.6555882632063864,0.6724394297209831,0.10493533466451585,6,0.2214543799688661,0.2230183941601811,0.01494627572400914,6,0.8581340263275411,0.828866156904586,0.4584725734786271,6,0.9407998822698006,0.7127694195931004,0.7293288071266377,6,ILPD Indian Liver Patient
D003,logistic_regression,C4,0.75,0,0.7463192847894874,0.7485209420456416,0.05148989735986129,6,0.8825580592874149,0.8876031941029277,0.03143447345959398,6,0.6934172562172028,0.7013873970640887,0.0490653959534876,6,0.6725343670467864,0.6537168176603236,0.08184358771533824,6,0.20845834298744995,0.20506542810211228,0.023390544952526807,6,0.8943948401103562,0.8345167985311208,0.34959045343083545,6,1.09294342694692,0.7612383207055671,0.695050070659554,6,ILPD Indian Liver Patient
D003,logistic_regression,C4,1.0,PRIMARY,0.7376675426876327,0.7279681794470527,0.03958585829897559,6,0.8890533757432157,0.8873349849433692,0.016249951527997002,6,0.6745951868977839,0.6753306878306878,0.034166924054604725,6,0.6828461663187965,0.6847165991902835,0.048187726046372524,6,0.2116514173058968,0.20935360643776604,0.016343419280767355,6,1.0102030818706982,0.8173358447440139,0.48690170442561476,6,1.4532851630818742,0.8666533012117024,1.7467093708441357,6,ILPD Indian Liver Patient
D003,logistic_regression,C5,0.5,0,0.7396593094606931,0.7350649350649352,0.04454198347725784,6,0.8719553090683311,0.8765110216162604,0.03872889443533484,6,0.6885526316379861,0.6811507936507936,0.06149095539147101,6,0.6759144586095216,0.6963636363636363,0.07452159434990663,6,0.2275827936271498,0.24297625756556662,0.03470551392526153,6,0.8701564414333015,0.8449666194639577,0.35659380597786583,6,0.7103841059708152,0.6652894226075243,0.3223531614120301,6,ILPD Indian Liver Patient
D003,logistic_regression,C5,0.75,0,0.7437913670048218,0.7468421061211448,0.06763985879788591,6,0.8819577851984883,0.8834269993532287,0.03434981158936805,6,0.6873205804546254,0.6956705415815305,0.050464776962511226,6,0.6686035605499975,0.6473303979823024,0.0743572188389172,6,0.2187928555183961,0.22137381290557784,0.023849569360143832,6,1.0196393967910453,0.9581201004057888,0.35938651430191537,6,1.0360460476229731,0.8305866864399198,0.6022063836582479,6,ILPD Indian Liver Patient
D003,logistic_regression,C5,1.0,PRIMARY,0.7451046836516729,0.7467443088668404,0.03688535636927405,6,0.8932088802124998,0.8925093119988365,0.014545986096545796,6,0.7009552107509709,0.7044312169312169,0.03927276586922999,6,0.660661234122604,0.6757990867579908,0.06838203282774588,6,0.22751275802476603,0.2250431042642666,0.019505375541869752,6,1.176464889590345,1.082361522614459,0.26778293672462405,6,1.1200091179069618,0.9620714307222505,0.48726689590493355,6,ILPD Indian Liver Patient
D003,logistic_regression,C6,1.0,PRIMARY,0.7440159248855173,0.745650029841356,0.032231103316957964,6,0.891758256344489,0.8939394551380335,0.010227138498607421,6,0.6891290573085382,0.6906783292346673,0.024705167929484767,6,0.697597692793631,0.7035683107813182,0.04548805492306005,6,0.20494130522927026,0.20535061639598395,0.017873604120057732,6,0.8629970044472297,0.895036900429073,0.18778111712894138,6,0.9074619810634998,0.9139543990772176,0.22279197789564817,6,ILPD Indian Liver Patient
D003,random_forest,C0,0.5,0,0.7067221407681495,0.6922438672438672,0.06456649189149354,6,0.8431786339491819,0.8568489303524226,0.05196435652651786,6,0.6512441419196705,0.6385623346560847,0.03695661267803134,6,0.6801417718084385,0.6844729344729346,0.03035795933090506,6,0.21752063126446022,0.22748347858161894,0.02834435830195849,6,0.6441186177591377,0.6570319875193225,0.2144069270889834,6,0.7659088296897284,0.6726680101914086,0.3954537190006183,6,ILPD Indian Liver Patient
D003,random_forest,C0,0.75,0,0.7182539012176549,0.7279765918311774,0.05756503030245226,6,0.8509912275642573,0.8573810827864854,0.03233991910589484,6,0.6705958279095166,0.6814863051543137,0.061664546986168044,6,0.6620224465640053,0.6847662141779789,0.08115136996240137,6,0.20513137183956984,0.20008959569885992,0.02961017375562643,6,0.6065055803422627,0.5952138297381094,0.22109163978206167,6,0.6884978009318178,0.6396931470788356,0.27015302221221327,6,ILPD Indian Liver Patient
D003,random_forest,C0,1.0,PRIMARY,0.7210821825806323,0.7199075151379346,0.026511481997763583,6,0.879066146873432,0.8788404846385645,0.013379411365774085,6,0.6806624504707116,0.675039297409326,0.020709992969387407,6,0.6975613749840152,0.6991499696417729,0.04595848547484577,6,0.20129470555408957,0.201228858773198,0.008893256818672486,6,0.6883079056362792,0.7042412758195348,0.0878022106634726,6,0.7681016354443878,0.7195933255024817,0.23275729005405804,6,ILPD Indian Liver Patient
D003,random_forest,C1,1.0,PRIMARY,0.7922419460880998,0.7922419460880998,,1,0.9026342142047041,0.9026342142047041,,1,0.7115384615384616,0.7115384615384616,,1,0.6140350877192983,0.6140350877192983,,1,0.18177786241117316,0.18177786241117316,,1,0.5381846104416007,0.5381846104416007,,1,1.1802162447245923,1.1802162447245923,,1,ILPD Indian Liver Patient
D003,random_forest,C2,0.5,0,0.7101881720430108,0.7101881720430108,0.004523962739849424,2,0.8387179589622571,0.8387179589622571,0.0038402270666620625,2,0.6783467741935484,0.6783467741935484,0.01484544075555628,2,0.6894706316566488,0.6894706316566488,0.04089930079941162,2,0.2094874890740902,0.2094874890740902,0.003873044677858897,2,0.5997327272516125,0.5997327272516125,0.0020064931766290814,2,0.7350535202018096,0.7350535202018096,0.10820125583600666,2,ILPD Indian Liver Patient
D003,random_forest,C2,0.75,0,0.7293980915096647,0.7293980915096647,0.004896286250937079,2,0.8613296843050353,0.8613296843050353,0.005501055286890864,2,0.6942194763885491,0.6942194763885491,0.01959379568616995,2,0.732561302201021,0.732561302201021,0.04268146003270552,2,0.19748189438430666,0.19748189438430666,0.005262177355742105,2,0.5361831867140071,0.5361831867140071,0.16473263593518453,2,0.7451122724828296,0.7451122724828296,0.11185381144532988,2,ILPD Indian Liver Patient
D003,random_forest,C2,1.0,PRIMARY,0.7208767561031783,0.7208767561031783,0.007730418014612797,2,0.8716609333025906,0.8716609333025906,0.009743504862192479,2,0.7034920543528328,0.7034920543528328,0.003521691419428539,2,0.7202354482167547,0.7202354482167547,0.04498351502175596,2,0.19384384822325817,0.19384384822325817,0.009669009240243028,2,0.5555089041285504,0.5555089041285504,0.18669783669511772,2,0.7303568246726324,0.7303568246726324,0.028054857299983024,2,ILPD Indian Liver Patient
D003,random_forest,C3,0.5,0,0.7137152814501285,0.7244236583522299,0.05317901002059908,6,0.8549660269735581,0.875119456371374,0.045033550884318804,6,0.6786246755191097,0.673478835978836,0.03392471440781841,6,0.6817236761509208,0.6877149877149877,0.07866973916762517,6,0.21302203202445305,0.21203156847305465,0.02482914934473348,6,0.6257928629875741,0.6665601043628959,0.28825531197329723,6,0.7956868438968862,0.8913149707256451,0.2926356489123243,6,ILPD Indian Liver Patient
D003,random_forest,C3,0.75,0,0.7136127715271999,0.7179383624170628,0.05384058549656639,6,0.854248351643219,0.8579470902241538,0.03159176975954353,6,0.6695032001012297,0.6667652125971413,0.051572897934371704,6,0.6826444890893123,0.6925465838509317,0.06742867575345288,6,0.20687118924242662,0.20287700559772998,0.025626380818769785,6,0.600949491995897,0.6195026889981325,0.21532261702695843,6,0.6490478091120234,0.5790183540461686,0.24118489541645605,6,ILPD Indian Liver Patient
D003,random_forest,C3,1.0,PRIMARY,0.7160054776722916,0.7136960995469726,0.037398498745171614,6,0.8795077593543015,0.8779041395862075,0.01322947298284327,6,0.6902845340336459,0.6907289484229716,0.022844502633677374,6,0.6924980657431163,0.6979091564527757,0.020022596429456065,6,0.20169693812395117,0.19948777259587286,0.01760776208802326,6,0.6650664135965947,0.7074989538430316,0.21530656155642305,6,0.7606434542937568,0.7830159763406068,0.18171849904478338,6,ILPD Indian Liver Patient
D003,random_forest,C4,0.5,0,0.7238639804962766,0.7252164502164502,0.0492847194882748,6,0.8423680765532119,0.8611136260750968,0.04003131370135983,6,0.6740468046671405,0.6740327380952381,0.03493984436216619,6,0.6870917023938706,0.6786255281830503,0.056728421676036034,6,0.2110154812781974,0.21369740334809484,0.02742155298259228,6,0.6412694720834313,0.6577472564186253,0.2895901177766824,6,0.8194484360182845,0.8474500941258354,0.23270091039250976,6,ILPD Indian Liver Patient
D003,random_forest,C4,0.75,0,0.729380834642514,0.7366634552215328,0.05989326438578772,6,0.8558603057392021,0.8632335731427339,0.04943166092931148,6,0.684056223747939,0.6659568014026894,0.043479860853991886,6,0.699900914535671,0.7082070707070707,0.07996725416878009,6,0.20457587562139534,0.19633177009245897,0.02947503995893913,6,0.6567532076781538,0.6674720239165313,0.24227173361222068,6,0.6761985441105045,0.5580699263173059,0.515466172042398,6,ILPD Indian Liver Patient
D003,random_forest,C4,1.0,PRIMARY,0.7282447595850815,0.7384555165092244,0.027169304401183064,6,0.8782544875897664,0.8784413830933893,0.01867687712593047,6,0.6818338775549725,0.6816300402607272,0.024458226349265175,6,0.7093947702240945,0.6912379601284253,0.046761194503984534,6,0.2030064797125003,0.19863166552283465,0.01250668781875742,6,0.7248587932462603,0.7568499319375318,0.13919620520121123,6,0.7673816166371004,0.8247921360141625,0.19808867109761868,6,ILPD Indian Liver Patient
D003,random_forest,C5,0.5,0,0.8080346092420209,0.7978200371057514,0.06233869401598667,6,0.89997543194699,0.9008470998204606,0.03619408405576373,6,0.71589314729862,0.7060846560846561,0.0465831405299929,6,0.6934154424822428,0.6964805724269907,0.11428404741927596,6,0.19844206706498344,0.20404640022090478,0.03723396307532451,6,1.0507434614512532,1.0628140546434401,0.2848120024274891,6,1.1656386891548565,1.2084318797494042,0.22666980818909233,6,ILPD Indian Liver Patient
D003,random_forest,C5,0.75,0,0.8219690650388539,0.8309165771571787,0.0661837344845223,6,0.9122160316894546,0.9095238663818845,0.03823397000991374,6,0.717549210717769,0.7369137128535624,0.06613003477333573,6,0.6917120498242006,0.7125730994152046,0.10188362007090268,6,0.19398333217203065,0.1780745681239032,0.04177108589620632,6,1.1518932198944913,1.1275918721998286,0.33894957885827315,6,1.2254615838382108,1.213497333976889,0.4183828576112454,6,ILPD Indian Liver Patient
D003,random_forest,C5,1.0,PRIMARY,0.8384393615047084,0.8391760620619044,0.04253129495928543,6,0.9334577270994412,0.933356877514813,0.016863899985084477,6,0.7337651957350134,0.7329221704221704,0.029734018188059288,6,0.6876628729987623,0.6712962962962963,0.052647549362549256,6,0.19173378962501583,0.20177707652776783,0.020604912527531605,6,1.481161562947154,1.5157682023661425,0.33255143764148337,6,1.4969657894943502,1.6047577549317584,0.23572120819360687,6,ILPD Indian Liver Patient
D003,random_forest,C6,1.0,PRIMARY,0.7145750020620056,0.7077882107459572,0.02804896433026403,6,0.8750728276976095,0.8691537322668207,0.014416340755152489,6,0.6032274760328719,0.6050534689619196,0.02591452603054628,6,0.7839242463730751,0.781317057500803,0.01776867642712058,6,0.1898185269551478,0.19309520057561488,0.008222482189395683,6,0.3813809387693188,0.43570211359938216,0.21110620587910991,6,0.6880331762708675,0.6772864685530214,0.12866579875227743,6,ILPD Indian Liver Patient
D005,gradient_boosted_trees,C0,0.75,0,0.8782623514844925,0.8816507212303204,0.02849305879838762,6,0.86969133401234,0.8653124118916382,0.036549974294497634,6,0.8026329112832206,0.786588781854205,0.04820181044934617,6,0.7773993808049534,0.7647058823529411,0.06394819093641585,6,0.14883105500484098,0.13869031289994488,0.022741234803562962,6,-0.12532148728559905,-0.2106211259632507,0.16167577755863,6,0.895858244020086,0.797806136992016,0.7234957963388275,6,Heart Disease Cleveland
D005,gradient_boosted_trees,C0,1.0,PRIMARY,0.8823455870046141,0.9005630096897475,0.059840191740734974,6,0.8711561250166616,0.8930875749481476,0.07992815395948757,6,0.7925337195759452,0.8036145510835913,0.049712800911968426,6,0.7629210115208854,0.7965649669298058,0.08020776489499856,6,0.13990676649120068,0.12798815553188062,0.03882646196397508,6,-0.09544538847473388,-0.14182740942854744,0.10358985196048447,6,0.8312164872366156,0.8426982584299489,0.3946813042235669,6,Heart Disease Cleveland
D005,gradient_boosted_trees,C1,1.0,PRIMARY,0.8365591397849461,0.8365591397849461,,1,0.8747726197202907,0.8747726197202907,,1,0.7887096774193548,0.7887096774193548,,1,0.7636363636363637,0.7636363636363637,,1,0.16923118930944148,0.16923118930944148,,1,0.11047849723327052,0.11047849723327052,,1,0.6077064865563162,0.6077064865563162,,1,Heart Disease Cleveland
D005,gradient_boosted_trees,C2,0.75,0,0.8925459072517896,0.8925459072517896,0.004511574545385662,2,0.8697268189264823,0.8697268189264823,0.01250590368260428,2,0.8272642390289449,0.8272642390289449,0.015845530110622896,2,0.8047368421052632,0.8047368421052632,0.021585364899378817,2,0.1318576695824108,0.1318576695824108,0.004587333740254409,2,-0.11414771892727055,-0.11414771892727055,0.06789524076904999,2,0.970457298179731,0.970457298179731,0.10790943163869403,2,Heart Disease Cleveland
D005,gradient_boosted_trees,C2,1.0,PRIMARY,0.8964511317775048,0.8964511317775048,0.014796013977276052,2,0.8923410161211542,0.8923410161211542,0.008602241980119538,2,0.8398293560273732,0.8398293560273732,0.0013803409266011767,2,0.8237497246089447,0.8237497246089447,0.0003115694122875669,2,0.12714412298445424,0.12714412298445424,0.00622970838162319,2,-0.08745634437676565,-0.08745634437676565,0.05916693010207203,2,0.9965928468220079,0.9965928468220079,0.27803400213024876,2,Heart Disease Cleveland
D005,gradient_boosted_trees,C3,0.75,0,0.8816404149489975,0.8802581902326148,0.026096508118378426,6,0.8685683761056581,0.869749863237423,0.03155813094766071,6,0.7901031967523412,0.7731382797021248,0.038266881925764655,6,0.7671822791231898,0.7541700847689363,0.04588725710252856,6,0.14547132559323972,0.14217426037362163,0.026179122316423137,6,-0.0990052936164141,-0.18262207118326196,0.18032797744744697,6,0.7960043484319285,0.8689399226072747,0.39877281942320447,6,Heart Disease Cleveland
D005,gradient_boosted_trees,C3,1.0,PRIMARY,0.8753527649407706,0.8924458204334366,0.07402904853152366,6,0.8687251680513245,0.8876076500399384,0.08872999345383853,6,0.8007527970574095,0.8026633341083469,0.06010887796415224,6,0.7767671054435761,0.7973262032085562,0.09430410818939679,6,0.1420189014363243,0.13235171352308897,0.049432630535808375,6,-0.10433986751406206,-0.13234399511921932,0.09637934323578676,6,0.9001525436420211,0.8104533907968183,0.4908793612968888,6,Heart Disease Cleveland
D005,gradient_boosted_trees,C4,0.75,0,0.9012825105132202,0.9053408295136237,0.015243719849284151,6,0.8951901618341745,0.8984563380843995,0.023921832262329305,6,0.8161372653731004,0.8198265550239234,0.03865118124793871,6,0.7919950979395884,0.8027777777777778,0.047960063973948384,6,0.12885582625665618,0.12571871922091432,0.012543080818850118,6,-0.14869501610187172,-0.07559418873489573,0.27664547330667905,6,0.8997339448947849,0.8761930838537937,0.1832576857078787,6,Heart Disease Cleveland
D005,gradient_boosted_trees,C4,1.0,PRIMARY,0.8802846520930588,0.8900518341307815,0.06967111544737095,6,0.870333963600272,0.8932648923434732,0.09746839624831141,6,0.8049439123159058,0.8025351443060631,0.0707967828223159,6,0.7837378159858996,0.7921856701799213,0.09367991426164053,6,0.14043382393957873,0.1400181258040214,0.04322209210648892,6,-0.15018801837212242,-0.18458746116059968,0.13905052110446392,6,1.2507242208282114,1.1314330840282985,0.7585797495404973,6,Heart Disease Cleveland
D005,gradient_boosted_trees,C5,0.75,0,0.8999814605620043,0.9048249635642379,0.015829850593484168,6,0.8941910947924133,0.894189127427454,0.016174648900137683,6,0.8095686533028278,0.8012611725496137,0.0360560026826268,6,0.7884433455854531,0.7860411899313502,0.05078812845502441,6,0.12915985437865998,0.12795082092797194,0.013827604613316752,6,-0.22662204660428167,-0.2443841304404499,0.16967458241750968,6,0.9910700219954119,0.8912062749844656,0.310603171344144,6,Heart Disease Cleveland
D005,gradient_boosted_trees,C5,1.0,PRIMARY,0.8857729767742314,0.8838177716459095,0.057391237581709005,6,0.8714688491587742,0.8707365378470994,0.07243735423265422,6,0.8187693777358831,0.8329574197678176,0.05439135304009271,6,0.7992337250764217,0.815605493133583,0.0776072062013181,6,0.13622568645086933,0.142178897308458,0.0351091774888424,6,-0.10070846437075776,-0.1388988597819339,0.1575373415957551,6,0.8437850669420087,0.6859362769385087,0.5714705546616955,6,Heart Disease Cleveland
D005,gradient_boosted_trees,C6,1.0,PRIMARY,0.8702728035945889,0.8737723989117178,0.03976729981935686,6,0.8524327942063191,0.8625931875387871,0.07474307645900799,6,0.7940008827640311,0.7941606603115554,0.04271480702954049,6,0.769444350054132,0.7772695285010556,0.06104235130854582,6,0.162686156295717,0.16288692737021593,0.03508385045421031,6,0.003960404124124369,-0.00798308648290649,0.20029134243653932,6,0.3510190193625892,0.3229499203238699,0.13569396067306627,6,Heart Disease Cleveland
D005,logistic_regression,C0,0.75,0,0.8976715199179027,0.9038199086452763,0.02330588975002773,6,0.8963838476559082,0.902062008463584,0.029767626505965556,6,0.816803108126539,0.8105558012678755,0.03555345813624085,6,0.7912077391996645,0.7870967741935484,0.04817457473084369,6,0.1257500316628862,0.12906107150871632,0.014818763691705072,6,-0.22675864547268723,-0.23711737069907096,0.2688150682638846,6,0.9275883353041797,0.9679634424336627,0.20799762297346128,6,Heart Disease Cleveland
D005,logistic_regression,C0,1.0,PRIMARY,0.8849046310107967,0.8901364925801016,0.054383312802570985,6,0.873787295108604,0.8937531611881082,0.08380945803061879,6,0.8178931600386968,0.8068898492811536,0.06405429202522651,6,0.7949357703784431,0.7941306266548984,0.0902513971688686,6,0.14599927526228182,0.136957805598529,0.023782418138425618,6,-0.21570589956944017,-0.25023740231956265,0.13199327756408044,6,1.7381982877820918,1.1539687733184734,1.3343483839228474,6,Heart Disease Cleveland
D005,logistic_regression,C1,1.0,PRIMARY,0.8473118279569893,0.8473118279569893,,1,0.8814333402311983,0.8814333402311983,,1,0.789247311827957,0.789247311827957,,1,0.7547169811320755,0.7547169811320755,,1,0.16059948323031123,0.16059948323031123,,1,0.2415834624836326,0.2415834624836326,,1,1.7902783104188529,1.7902783104188529,,1,Heart Disease Cleveland
D005,logistic_regression,C2,0.75,0,0.8949190787426081,0.8949190787426081,0.003686286518790839,2,0.8814043204758908,0.8814043204758908,0.006047877654383072,2,0.8318160597572362,0.8318160597572362,0.014029896452114027,2,0.8085381986550546,0.8085381986550546,0.015005848900717803,2,0.1289323732060756,0.1289323732060756,0.003082797581698149,2,-0.23531488849842744,-0.23531488849842744,0.013945415279752087,2,0.7741469718830292,0.7741469718830292,0.07659286361649781,2,Heart Disease Cleveland
D005,logistic_regression,C2,1.0,PRIMARY,0.8975478154062115,0.8975478154062115,0.0034430975921962916,2,0.8839431959723085,0.8839431959723085,0.004458718265372,2,0.8446766976662573,0.8446766976662573,0.005909099921742346,2,0.8290536801328168,0.8290536801328168,0.0024261549769544945,2,0.12175599928960465,0.12175599928960465,0.0003569894665345123,2,-0.14107076531394697,-0.14107076531394697,0.027787069003607747,2,0.8924071986602764,0.8924071986602764,0.003468284094892286,2,Heart Disease Cleveland
D005,logistic_regression,C3,0.75,0,0.8972471901083462,0.9010645809570366,0.022128348150074185,6,0.8946478241207337,0.9029423058538588,0.027552494493607034,6,0.8259743888470991,0.8151983218916857,0.04024449236384714,6,0.8053258876722146,0.8066889632107024,0.04994053615452034,6,0.1386236417458174,0.14134956680741348,0.019297182016931216,6,-0.24107893709755288,-0.250710451785086,0.21270053781845694,6,1.4919985531295084,0.9127609326630463,1.1388120585420332,6,Heart Disease Cleveland
D005,logistic_regression,C3,1.0,PRIMARY,0.8926731779223805,0.8988049562155818,0.06566310686108662,6,0.8786627226061517,0.9032726363467788,0.09404956045823852,6,0.8205287165550983,0.8208939269644766,0.05949919622121387,6,0.7924411154141732,0.7993827160493827,0.08373646727574462,6,0.14935688939282984,0.14219912927063638,0.028031914602234465,6,-0.1788621238269715,-0.2324110536964945,0.1321248613621621,6,2.0703133426320517,1.9572190230255369,1.7198163034559368,6,Heart Disease Cleveland
D005,logistic_regression,C4,0.75,0,0.9002314768899153,0.9079768270944741,0.022835316480183204,6,0.9050655751363467,0.918079925703701,0.026986536654399082,6,0.8318758106827696,0.8339323945981554,0.01741634803512156,6,0.8121594978497998,0.8130618720253834,0.021657225205815627,6,0.13652366750262215,0.14075689003613065,0.021192164443542272,6,-0.1904889712217055,-0.18705823662965865,0.3254835100541526,6,1.649422987463072,1.3003096693830514,1.0767080076848576,6,Heart Disease Cleveland
D005,logistic_regression,C4,1.0,PRIMARY,0.8892678263410283,0.9065716123499143,0.06890445215529169,6,0.8792878695859069,0.9086555603277097,0.09925508986748527,6,0.829318411620915,0.8362485861486066,0.06824638408015674,6,0.8058578266127961,0.8256043956043956,0.09385574213621989,6,0.14320188961092198,0.14545125436533493,0.033967282777181716,6,-0.19201236674195643,-0.20700172894165852,0.15608278469309572,6,2.1690170421157773,2.263085590009861,1.2312692626342299,6,Heart Disease Cleveland
D005,logistic_regression,C5,0.75,0,0.9048508420231492,0.9118917650162558,0.017103820185321677,6,0.9025811030617259,0.9101805351759783,0.01926717932231782,6,0.8109445286088494,0.8046686925878999,0.04616053519658231,6,0.7928720498261549,0.7786847014925373,0.050054209901638065,6,0.13216720430559045,0.13545816177058623,0.01984435415137901,6,-0.22854154988702213,-0.20996581819452742,0.13618994875553733,6,1.6575924055314772,1.4231159483273443,0.9063783746301541,6,Heart Disease Cleveland
D005,logistic_regression,C5,1.0,PRIMARY,0.8970445961325866,0.9108983328819475,0.06675943594738169,6,0.8796142760253195,0.9101878862542381,0.09671230726127422,6,0.8307064248031143,0.84208678250926,0.059125518969659174,6,0.8060269131004762,0.8255319148936171,0.08783559939847568,6,0.13928716381816642,0.13500878349808554,0.0345715266756119,6,-0.20702105929747386,-0.21193987306668174,0.11266231290538173,6,1.893650459461769,1.1931482391495651,1.6783037200943307,6,Heart Disease Cleveland
D005,logistic_regression,C6,1.0,PRIMARY,0.898236259320032,0.9072075241579887,0.060281529383189425,6,0.8857141356935131,0.9091517969793284,0.08774331908191176,6,0.8269723036370721,0.8327694241429885,0.0735332546111812,6,0.805906533106702,0.8152998776009792,0.09747867007728163,6,0.12829314231512065,0.12109849336639669,0.04659736620565532,6,-0.19698516565407057,-0.2556628600345945,0.14166652348965467,6,0.9727668671968757,0.9813039002592042,0.4811527765163849,6,Heart Disease Cleveland
D005,random_forest,C0,0.75,0,0.8964884365793776,0.8951936730370817,0.02002584229293263,6,0.8931754897291203,0.8947853346664452,0.029719877718990106,6,0.8027288222095815,0.7819917440660474,0.05635199810912355,6,0.7838834037010982,0.7735042735042735,0.06020606404196701,6,0.1327361661082366,0.13358451838006719,0.011313789961753003,6,-0.12213179666016132,-0.0788667189945147,0.2446677768886534,6,1.4356552226740493,1.344145033079105,0.43323037940380044,6,Heart Disease Cleveland
D005,random_forest,C0,1.0,PRIMARY,0.9033940583472525,0.9126329862088376,0.053375201879871555,6,0.8954308615605197,0.9095663994855714,0.0676928950719689,6,0.8258151822946268,0.830012356685023,0.048017779746178636,6,0.8018073239859772,0.810180412371134,0.06954697983237339,6,0.1296230902142732,0.12525358772462672,0.022509564187730913,6,-0.13345734926476288,-0.10040246968260766,0.20823500605170073,6,1.8583592290128452,1.8191705815126014,1.0483625970104165,6,Heart Disease Cleveland
D005,random_forest,C1,1.0,PRIMARY,0.8483870967741934,0.8483870967741934,,1,0.8766810886666989,0.8766810886666989,,1,0.8053763440860215,0.8053763440860215,,1,0.7777777777777778,0.7777777777777778,,1,0.15971486843965996,0.15971486843965996,,1,0.13701732671670633,0.13701732671670633,,1,1.2105932087316633,1.2105932087316633,,1,Heart Disease Cleveland
D005,random_forest,C2,0.75,0,0.9111811391223156,0.9111811391223156,0.007757707449992441,2,0.8976253698659632,0.8976253698659632,0.004747366911934038,2,0.832282913165266,0.832282913165266,0.01303955082020006,2,0.8090169750559467,0.8090169750559467,0.0188345673936486,2,0.1277645597505177,0.1277645597505177,0.010870838329178617,2,-0.12288190941331026,-0.12288190941331026,0.010221119050302967,2,1.7281369825246702,1.7281369825246702,0.41854711034046,2,Heart Disease Cleveland
D005,random_forest,C2,1.0,PRIMARY,0.910686085278119,0.910686085278119,0.0019852094225275476,2,0.902064759355658,0.902064759355658,0.002648757799870674,2,0.8448302333742762,0.8448302333742762,0.007242912502503069,2,0.8273130544993663,0.8273130544993663,0.008513959976263887,2,0.128346176120811,0.128346176120811,0.003058059845967084,2,-0.03485013595496017,-0.03485013595496017,0.04279416918732968,2,1.8140878290044942,1.8140878290044942,0.10582204825430173,2,Heart Disease Cleveland
D005,random_forest,C3,0.75,0,0.9027131421742457,0.8989960330723199,0.017738974605402497,6,0.8928388633733203,0.8949521048670246,0.028782617344823846,6,0.8162062756282652,0.8028352804536449,0.05146271171801136,6,0.791681836252227,0.7784011220196354,0.06910404078617706,6,0.12831766461274052,0.1285915556887996,0.01023455213973831,6,-0.10942823000531508,-0.13110658928001379,0.19827877080621417,6,1.5000759295866712,1.4237048847170983,0.32377921294646167,6,Heart Disease Cleveland
D005,random_forest,C3,1.0,PRIMARY,0.8989332413643677,0.9002045220001876,0.050412668309733885,6,0.8876646818461174,0.8977325403023415,0.06826902875518552,6,0.8218015907295922,0.8160250406247179,0.06551588990736656,6,0.8014700404579318,0.8003898188488878,0.08237023050118548,6,0.12966706334659817,0.12625389410077356,0.02221960859321792,6,-0.13499568112490726,-0.10560807084607288,0.20950259509513539,6,1.7336132204842256,1.4761272687742957,1.0611222068814694,6,Heart Disease Cleveland
D005,random_forest,C4,0.75,0,0.910547914682242,0.9047880452093005,0.024134176319062742,6,0.9075507940531996,0.9066619121981392,0.028942632475376588,6,0.8293390315022334,0.8292654808959157,0.03843799238296823,6,0.8090638156661462,0.7970588235294118,0.04573114530771385,6,0.1260375321371193,0.12629371191451796,0.011735538268737494,6,-0.10064133260847752,-0.024830488471455095,0.2758957392260562,6,1.7811011070821026,1.6993686400772616,0.4894444654247064,6,Heart Disease Cleveland
D005,random_forest,C4,1.0,PRIMARY,0.8979042075365832,0.9025377615160897,0.056536951155312924,6,0.8916429657639587,0.8995142374725718,0.0698263029432032,6,0.8358133285656996,0.8412062576226662,0.0636884945004419,6,0.8116305413045346,0.8297491039426523,0.09088365219660548,6,0.13016658069573162,0.1327949671860597,0.02584464294174463,6,-0.15354586207111087,-0.09715787097846579,0.16206840571899536,6,1.7267626412239843,1.6117501157234255,0.825293911482774,6,Heart Disease Cleveland
D005,random_forest,C5,0.75,0,0.9089436275267732,0.9122708680502954,0.021846672712982858,6,0.9041178599619286,0.9107321522415681,0.024784775596441468,6,0.8124405653272215,0.8187070938215103,0.03841590146378297,6,0.7910977511727122,0.8096385542168675,0.04856037447400211,6,0.12530970413530973,0.1208920572099918,0.012983630321409981,6,-0.26336627617218433,-0.36913632186564954,0.2044242640760175,6,1.5794237976656795,1.5501239473337676,0.41327657992418043,6,Heart Disease Cleveland
D005,random_forest,C5,1.0,PRIMARY,0.9103272279243709,0.9175710667041936,0.049285466640664875,6,0.9000134507448893,0.9106199365899903,0.06407480636729536,6,0.8233627547277881,0.8109770432728477,0.06355298273079779,6,0.8035945190444341,0.7994736842105263,0.0852558929830546,6,0.12511246299925935,0.12572117277093517,0.02445810618121292,6,-0.2840809328873344,-0.28225082882922514,0.1004821231843811,6,1.8968460414983903,1.979705128260882,0.8827525259342465,6,Heart Disease Cleveland
D005,random_forest,C6,1.0,PRIMARY,0.8968189052203267,0.8963601182099634,0.04811583387625743,6,0.8826004367869618,0.8852663704693122,0.06496260492424298,6,0.8209790963150665,0.8287094505130752,0.04832303107296324,6,0.7999861358684889,0.8124777183600713,0.07044800803012696,6,0.12846770297029703,0.1281520396039604,0.02527441900836982,6,-0.05514976311479083,-0.06590228208575818,0.10872777556404216,6,1.4906149526023773,1.410112172519265,0.6675448490253026,6,Heart Disease Cleveland
D006,gradient_boosted_trees,C0,0.75,0,0.771799330621506,0.7532152308289024,0.0747740800168818,6,0.9272292364182863,0.9221493452650664,0.019681733538153584,6,0.6408692099212819,0.6377504753546877,0.09227329338197694,6,0.7976596653081073,0.8264446227929374,0.13201057348035852,6,0.1828107800727996,0.17752177656038015,0.02425968311423752,6,1.0535135764005579,0.9987365564257034,0.3507681746956799,6,0.6795976828044247,0.716997324219024,0.2855099835141916,6,SPECT Heart
D006,gradient_boosted_trees,C0,1.0,PRIMARY,0.7961057455150864,0.802296716011871,0.055128067001571905,6,0.9295647383006497,0.9264967753205946,0.03576462984303143,6,0.7021370982738947,0.7083639705882353,0.11440480049635532,6,0.8220472738637907,0.8454560448622794,0.07821824549721446,6,0.164013675870751,0.1491282385626352,0.03306102262268283,6,1.1305614117885268,1.0888549758220236,0.563536133834589,6,0.6073322055494252,0.6377557680405761,0.2863894073085768,6,SPECT Heart
D006,gradient_boosted_trees,C1,1.0,PRIMARY,0.6857142857142856,0.6857142857142856,,1,0.9375829076778572,0.9375829076778572,,1,0.7142857142857143,0.7142857142857143,,1,0.8787878787878788,0.8787878787878788,,1,0.12225079258655484,0.12225079258655484,,1,1.0745829589734373,1.0745829589734373,,1,0.24011551910063436,0.24011551910063436,,1,SPECT Heart
D006,gradient_boosted_trees,C2,0.75,0,0.8157961783439491,0.8157961783439491,0.00981842536934186,2,0.917887458134662,0.917887458134662,0.0145319007726905,2,0.7542038216560509,0.7542038216560509,0.015132985890361841,2,0.8196181698485846,0.8196181698485846,0.03382692084675612,2,0.172719535375815,0.172719535375815,0.003174186964771943,2,0.7057809184654784,0.7057809184654784,0.09060633910727862,2,0.4480488344725851,0.4480488344725851,0.07192486940098755,2,SPECT Heart
D006,gradient_boosted_trees,C2,1.0,PRIMARY,0.8102272727272728,0.8102272727272728,0.03010964981639121,2,0.9380187541232883,0.9380187541232883,0.014617680924583284,2,0.7586406518010291,0.7586406518010291,0.018344751398707577,2,0.7791887939659816,0.7791887939659816,0.026340312637134503,2,0.14991850017813563,0.14991850017813563,0.014582177147017043,2,0.6997172303560604,0.6997172303560604,0.07384713503367527,2,0.49324351447572,0.49324351447572,0.03636229024026148,2,SPECT Heart
D006,gradient_boosted_trees,C3,0.75,0,0.76526124688696,0.7396210744060678,0.06559542511159462,6,0.920209318217244,0.9229867493703385,0.019798106424173567,6,0.6370875009379459,0.6193946710721396,0.1212568289758572,6,0.8373149802621875,0.8310344827586207,0.0521612942505648,6,0.17243734241649714,0.17169810931129598,0.014598590013936047,6,1.038078090137092,1.1070010162330297,0.30046185493945493,6,0.6940803025740765,0.6128035101771019,0.1788857088343288,6,SPECT Heart
D006,gradient_boosted_trees,C3,1.0,PRIMARY,0.779978120008746,0.7766267577020916,0.04494287079417361,6,0.9271300257908042,0.92064941417356,0.0376794541053365,6,0.6839734252235967,0.6964566836349925,0.057130854714362383,6,0.839979757681283,0.8609881626351004,0.06598015794369917,6,0.16272414898408247,0.14703958617376728,0.033403291153409405,6,0.9951571969327707,0.9687464474814622,0.5766748721587447,6,0.5170978825218853,0.45593170084038215,0.31406780888452834,6,SPECT Heart
D006,gradient_boosted_trees,C4,0.75,0,0.7925176476228849,0.7889064752711088,0.07616480339784969,6,0.9336650242072845,0.936789392012132,0.014540660507042233,6,0.6326948663942168,0.6204177897574124,0.10408242474879384,6,0.8185391153553289,0.8537221431958274,0.09801161326868932,6,0.17401805167470477,0.1727753350278829,0.006539500531767512,6,1.0833374973026029,1.023492618988151,0.32930877615219667,6,0.6115027225718276,0.6493270523952488,0.20608195675212593,6,SPECT Heart
D006,gradient_boosted_trees,C4,1.0,PRIMARY,0.8322116400843192,0.8517639988687782,0.05158925656434797,6,0.9421930564077705,0.9385952878894357,0.035125465316983455,6,0.7034173313266843,0.7058222567873302,0.034378545647233257,6,0.8532816314691593,0.9007352941176471,0.10119320521893246,6,0.15528728952626128,0.13491207254878523,0.04952552513412814,6,1.0953753402453028,0.9463980420674387,0.4820061543528652,6,0.7666824445788044,0.7075509620501315,0.41705170743020076,6,SPECT Heart
D006,gradient_boosted_trees,C5,0.75,0,0.8342923397047293,0.8360111805701977,0.06711603463058438,6,0.9526931036393392,0.9544882269937073,0.008975512245018113,6,0.7487259811199345,0.7619244291947305,0.07337471183876468,6,0.776613895167564,0.771060606060606,0.04172164061908265,6,0.18305514186600524,0.17765069673640327,0.020426305524737336,6,1.6140997053376995,1.6063364804256692,0.4662584019270611,6,0.9132240933727563,0.814987079938523,0.4378471500195496,6,SPECT Heart
D006,gradient_boosted_trees,C5,1.0,PRIMARY,0.8688244962704195,0.865319055944056,0.03340449755881027,6,0.9611246908032594,0.9685162141893966,0.0245982534717258,6,0.7920063697720098,0.8182330687634448,0.059654095183702856,6,0.810674400155356,0.8123019571295433,0.06873063931987348,6,0.16923205723076132,0.16675798091101807,0.03451936853860288,6,1.8679522956950922,1.8949374870974378,0.46831943189729014,6,0.9288551360087589,0.9110786098796408,0.3306954885772891,6,SPECT Heart
D006,gradient_boosted_trees,C6,1.0,PRIMARY,0.7875254869812903,0.7951027526395174,0.04387944124278671,6,0.9326691243046442,0.9319402785734753,0.02989222076909837,6,0.6885577827538848,0.7001696832579186,0.07390587954402242,6,0.8602201306419713,0.8821702594081111,0.044423993505806225,6,0.15907927866057836,0.14212693890327593,0.03580328960955169,6,0.8067174093798523,0.6552483769698251,0.543247540054763,6,0.2899301225909856,0.26634828853710013,0.0735135740175443,6,SPECT Heart
D006,logistic_regression,C0,0.75,0,0.7646876894902345,0.7497907246206039,0.06120253453329161,6,0.924556372386533,0.9230815280719155,0.017862880346147754,6,0.7205626565969396,0.7290804403006692,0.06980932184575865,6,0.8215288775074067,0.8160095579450418,0.05594894611499816,6,0.1991596476346941,0.20449506267236287,0.026809548811482457,6,1.30418785668628,1.3954571494154577,0.2736921510294485,6,1.0390062793175046,1.0692679255474644,0.5094698759898091,6,SPECT Heart
D006,logistic_regression,C0,1.0,PRIMARY,0.8107353561712278,0.8028763602317692,0.027364362112532768,6,0.9325999082065967,0.9331503758631632,0.04079422799610247,6,0.7207789309618868,0.7388020833333333,0.05889538616685461,6,0.7933851716938273,0.8225352112676056,0.14100667085418617,6,0.1773184751814332,0.1716377295103052,0.04721852097765699,6,1.2470595595240364,1.1929572632982768,0.5306762349467702,6,0.6676574631679606,0.7605412549690611,0.33361466586272825,6,SPECT Heart
D006,logistic_regression,C1,1.0,PRIMARY,0.8,0.8,,1,0.9527030937152965,0.9527030937152965,,1,0.5857142857142857,0.5857142857142857,,1,0.9315068493150684,0.9315068493150684,,1,0.12888741465401635,0.12888741465401635,,1,1.39173004483713,1.39173004483713,,1,0.9081573524527403,0.9081573524527403,,1,SPECT Heart
D006,logistic_regression,C2,0.75,0,0.8363057324840765,0.8363057324840765,0.0027023189089931746,2,0.9381451284827685,0.9381451284827685,0.00021286535713775274,2,0.7826114649681528,0.7826114649681528,0.01612383615699268,2,0.8242957173098844,0.8242957173098844,0.06402074097699402,2,0.19335234135937557,0.19335234135937557,0.008947075253260982,2,1.46971527086051,1.46971527086051,0.24556499368355583,2,1.6097995978577775,1.6097995978577775,0.9664280804283573,2,SPECT Heart
D006,logistic_regression,C2,1.0,PRIMARY,0.8417238421955403,0.8417238421955403,0.020073099877594165,2,0.9477656170353026,0.9477656170353026,0.007813461083361681,2,0.7782161234991424,0.7782161234991424,0.01879957994578297,2,0.8595710394045197,0.8595710394045197,0.00862755463366927,2,0.17816378146105377,0.17816378146105377,0.03323538224834071,2,1.4013355668090646,1.4013355668090646,0.45558976775507465,2,1.2403127780441625,1.2403127780441625,0.7892816887375416,2,SPECT Heart
D006,logistic_regression,C3,0.75,0,0.7744834530320687,0.7483482730520905,0.07798104619538589,6,0.9269778891059874,0.9274765081338436,0.017069278023963283,6,0.7059539541506035,0.6783363773388518,0.08314436787941769,6,0.8221596280850924,0.8215488215488216,0.044211777363327015,6,0.1993309948109773,0.19982486482333345,0.011088092163664742,6,1.551549050824116,1.5546880987448866,0.4032313503651823,6,1.5935343280502263,1.3057703564922396,1.1765531136376435,6,SPECT Heart
D006,logistic_regression,C3,1.0,PRIMARY,0.8064354716371528,0.8014246323529413,0.03337430999279941,6,0.9334061166749236,0.9405199879154689,0.04326329468433359,6,0.7298280631486757,0.7069699754901961,0.07008244044670614,6,0.8042103436066285,0.8684640522875817,0.12377578654580293,6,0.18063925388138222,0.1708706454486067,0.04217359181560157,6,1.2703431234449343,1.1053576279642559,0.5782511674133974,6,0.7434181473048591,0.76517740237825,0.33124863306317875,6,SPECT Heart
D006,logistic_regression,C4,0.75,0,0.8125250564704883,0.8045042689722554,0.056673898215068304,6,0.9376809718406736,0.9351590550835522,0.018003008881860155,6,0.6908932805786833,0.6847772720800869,0.04828890229386174,6,0.7480982193970666,0.7841025641025641,0.14310059430586075,6,0.19180421955113724,0.19315419786994267,0.022042585041650017,6,1.6288733861192233,1.5504788540887602,0.24315776586136506,6,1.8567821277736776,1.6552552011127362,0.962634637732975,6,SPECT Heart
D006,logistic_regression,C4,1.0,PRIMARY,0.8374917806255588,0.833984375,0.02612747415556738,6,0.9470663620386675,0.9484251372930582,0.029799537520997958,6,0.6795669024728573,0.6930288461538461,0.05562462090929641,6,0.8406593219646155,0.8672201336675021,0.10016504189508456,6,0.17827340290826366,0.1810606925542797,0.04384543011166862,6,1.5746623450811226,1.579441648643869,0.5005802169209576,6,1.3222420951229747,1.078911720889669,0.8249840420953753,6,SPECT Heart
D006,logistic_regression,C5,0.75,0,0.8259109432783536,0.8393654966884166,0.06887441004324865,6,0.944827025527622,0.9467827963125885,0.022207946333260866,6,0.7483499156025933,0.751968695725844,0.08858563280605272,6,0.823116037798123,0.8150943396226416,0.04055966840339664,6,0.1823732389280838,0.17838842383598086,0.019063435395140344,6,1.5445719812673133,1.392139590681597,0.4441751651628555,6,1.4157927595184878,1.286383831048383,0.850982559801107,6,SPECT Heart
D006,logistic_regression,C5,1.0,PRIMARY,0.8567895900787686,0.8537812676653476,0.01932357779625898,6,0.9550424369156424,0.965824079688458,0.0288377630369588,6,0.7626038557770561,0.7624151583710407,0.03957315305491224,6,0.8094838114571727,0.8518175338560228,0.09941476405463813,6,0.1751695377542565,0.17793185547325552,0.03942846656066974,6,1.5654441194077435,1.3266188181912684,0.5904524141603611,6,1.2262387738782679,1.0401834714251506,0.5931902591203192,6,SPECT Heart
D006,logistic_regression,C6,1.0,PRIMARY,0.792390520495569,0.7933715991940977,0.029609303358139376,6,0.9294933553642388,0.9386295316052338,0.03938602091090321,6,0.7066338330678437,0.7059436274509804,0.061611561040653004,6,0.8181683949544557,0.8431245366938473,0.07812078448932909,6,0.1781122083941307,0.1724448353518951,0.05012418000776217,6,1.1158263845642862,0.9004830575905484,0.5361510922627585,6,0.4827472133284674,0.4299265414071449,0.18125041287173133,6,SPECT Heart
D006,random_forest,C0,0.75,0,0.7875182700807256,0.7607219738367279,0.08100285727616692,6,0.9313969339652769,0.923832883281904,0.019532251365386128,6,0.6329461081205446,0.6379839184833467,0.07305017078901434,6,0.755357322728683,0.8128440366972478,0.18369005530154656,6,0.16651302791767283,0.16914458091335224,0.014197791579704733,6,1.1084945289816674,0.9825914450595454,0.32600879285207085,6,1.3053956316189712,1.1338234710201738,0.6909568239648755,6,SPECT Heart
D006,random_forest,C0,1.0,PRIMARY,0.7925984364659889,0.7963694852941177,0.06277367161393119,6,0.9362617776808849,0.9298928702329172,0.029824567378053623,6,0.6758205618174485,0.6698529411764705,0.09791591904725636,6,0.8597013170576983,0.8687254351487929,0.042207725709232057,6,0.1525773888803653,0.147189185945316,0.03517372457743297,6,1.136352775343703,1.1713217108764096,0.2681864138054396,6,1.049937916263529,0.8975911074222412,0.5894774811140199,6,SPECT Heart
D006,random_forest,C1,1.0,PRIMARY,0.7885714285714285,0.7885714285714285,,1,0.9640200267830435,0.9640200267830435,,1,0.7571428571428571,0.7571428571428571,,1,0.927536231884058,0.927536231884058,,1,0.11233377253002297,0.11233377253002297,,1,1.0264989905735333,1.0264989905735333,,1,0.7845181799439137,0.7845181799439137,,1,SPECT Heart
D006,random_forest,C2,0.75,0,0.8053503184713375,0.8053503184713375,0.012790976169234337,2,0.924481614947364,0.924481614947364,0.0026108793911918857,2,0.7552866242038216,0.7552866242038216,0.003873323769556868,2,0.7554175957096432,0.7554175957096432,0.022794272723074344,2,0.1696305168575895,0.1696305168575895,0.006476915956473043,2,0.8964814617636458,0.8964814617636458,0.2482387152822816,2,1.3903511868175418,1.3903511868175418,0.0989738076395416,2,SPECT Heart
D006,random_forest,C2,1.0,PRIMARY,0.8317324185248713,0.8317324185248713,0.027168425211970212,2,0.9449399787111519,0.9449399787111519,0.007062451464861778,2,0.7835977701543739,0.7835977701543739,0.021680160743927063,2,0.8524349286314021,0.8524349286314021,0.027013735133491028,2,0.1435223043493217,0.1435223043493217,0.010229595564611524,2,0.9026691330039759,0.9026691330039759,0.013353620545712073,2,1.2514885541565235,1.2514885541565235,0.2243664284787275,2,SPECT Heart
D006,random_forest,C3,0.75,0,0.7796496984615154,0.7761655595324015,0.07652771614447981,6,0.9258974386576003,0.9255471524826406,0.025264566418973854,6,0.6361737365993979,0.6282506729513972,0.10158606059612038,6,0.7950600786560434,0.8224825909141151,0.12053826724849,6,0.169945705239378,0.17531758025368221,0.015620535119881113,6,1.0721478926953398,1.048365817400403,0.4612217221512238,6,0.9748479125123118,0.8805728350954916,0.5037380155580781,6,SPECT Heart
D006,random_forest,C3,1.0,PRIMARY,0.7876077631018213,0.7943474264705882,0.050410509144349955,6,0.9324221312820927,0.923405173573352,0.030573219474384537,6,0.668768838193031,0.7108537296037296,0.0881164942571278,6,0.8485622800671107,0.8627935044985736,0.05575279661415728,6,0.15051323555269147,0.14882447537082893,0.03137739364937492,6,1.0272948427456274,0.8995174310109308,0.2777580531367998,6,0.9107838479683256,0.8255378736280494,0.3922869314366917,6,SPECT Heart
D006,random_forest,C4,0.75,0,0.8050707096592911,0.8043778445495118,0.07043103094879831,6,0.9337452397590263,0.9311989870298285,0.020196447405573154,6,0.6849228264473662,0.6922832980972516,0.07726527097920516,6,0.8176227429419888,0.8199074074074073,0.09791078239935722,6,0.162456214188175,0.17143276483344816,0.02444450985337718,6,1.103926070162711,1.0091175872628901,0.23053744295234146,6,1.1023302088523497,1.0809178596157634,0.46415627112434016,6,SPECT Heart
D006,random_forest,C4,1.0,PRIMARY,0.8129339475917621,0.8237715639140273,0.044624590775236735,6,0.9365470777213573,0.9289573629990784,0.032132707613055776,6,0.6770790145720523,0.690625,0.06543542196403576,6,0.8552873145167421,0.8883692469076445,0.08250352654037937,6,0.15093487472090647,0.14168623148331067,0.036269580318563935,6,1.151077117120884,1.1175283586888956,0.24300754814818268,6,0.8885943687712955,0.9377970399374506,0.23942663847230902,6,SPECT Heart
D006,random_forest,C5,0.75,0,0.8628469952911216,0.8610945409197805,0.031839631374205216,6,0.9556077481106061,0.9571435786100626,0.01616518601031733,6,0.7765652109930591,0.7898485426125533,0.05380017668017636,6,0.8201066118506152,0.8333333333333333,0.04918284068098296,6,0.18051053465382405,0.17507878463960036,0.015596729503161053,6,1.7941213084535745,1.579325011634587,0.3905301481957563,6,1.3816891981123998,1.6014674686783166,0.5601950366372014,6,SPECT Heart
D006,random_forest,C5,1.0,PRIMARY,0.8787343264992185,0.8916015357191828,0.03765538788648425,6,0.9665199678051107,0.9689430690542945,0.013354404351005484,6,0.7901869524654601,0.8073930052790347,0.04731204338783067,6,0.8382990209298322,0.8171490074144941,0.06507185985553701,6,0.16951759612999237,0.168269832705442,0.022714829287393854,6,1.960782484289061,2.0551574115756126,0.5067025712184735,6,1.3028109790553866,1.3135436450681042,0.621482673867412,6,SPECT Heart
D006,random_forest,C6,1.0,PRIMARY,0.7806466397238747,0.7812193627450981,0.06035503761065476,6,0.9307696576495831,0.9246111108563462,0.029405453244751387,6,0.6557063314454964,0.6150786713286713,0.11169591834596779,6,0.8841067263106946,0.8928960375303678,0.03205941644851649,6,0.1318427018417891,0.13318055916483235,0.02369505520569468,6,0.6802328649027611,0.5903514195257846,0.37118451611626185,6,0.7998266766219603,0.7290682549559531,0.25995640391588454,6,SPECT Heart
D009,gradient_boosted_trees,C0,1.0,PRIMARY,0.5532253235495616,0.5508726010644476,0.0874625805065869,6,0.11758451431162831,0.11874429825456292,0.03771898401680361,6,0.5350651894281332,0.5246768561627052,0.061665073076056426,6,0.1246682360537084,0.11734234234234234,0.037096906612498606,6,0.11786581374823775,0.11191958966167585,0.041496821017833356,6,-2.488865380504652,-2.471884240036081,0.2044340258295769,6,0.18921728232308033,0.08935118058241877,0.2917104075901144,6,Cervical Cancer Risk Factors
D009,gradient_boosted_trees,C1,1.0,PRIMARY,0.6584421867440735,0.6584421867440735,,1,0.18442720526976486,0.18442720526976486,,1,0.6906144170295114,0.6906144170295114,,1,0.3111111111111111,0.3111111111111111,,1,0.1920744614494201,0.1920744614494201,,1,-2.3241876334645823,-2.3241876334645823,,1,0.670613376691551,0.670613376691551,,1,Cervical Cancer Risk Factors
D009,gradient_boosted_trees,C2,1.0,PRIMARY,0.5639420355485112,0.5639420355485112,0.0028178601491867746,2,0.09692639434917805,0.09692639434917805,0.003069525346282805,2,0.5732876712328767,0.5732876712328767,0.013649010097623286,2,0.1468059613646396,0.1468059613646396,0.007372353298478714,2,0.08361124588016981,0.08361124588016981,0.0015282796597583834,2,-2.2207958649782977,-2.2207958649782977,0.0254047928522298,2,0.06929220446586955,0.06929220446586955,0.00873065095846241,2,Cervical Cancer Risk Factors
D009,gradient_boosted_trees,C3,1.0,PRIMARY,0.5478537981492265,0.5531321147987814,0.0517354559211072,6,0.11451624734672065,0.11387121771878862,0.034992936629301016,6,0.5416692085312218,0.5372403278063655,0.0519489914321785,6,0.12968346026601948,0.1223155929038282,0.019268063994275338,6,0.1168987652734615,0.0990317838598844,0.04074445221341265,6,-2.4155796102466476,-2.4617517608254484,0.2871375030704994,6,0.10662139648166886,0.06864875617565315,0.10787456611993229,6,Cervical Cancer Risk Factors
D009,gradient_boosted_trees,C4,1.0,PRIMARY,0.5419993916516057,0.5360711355662998,0.05383423225648488,6,0.09781232665651989,0.09917149964236792,0.0217833118685545,6,0.5192376460817368,0.5190473921605997,0.03161562717853122,6,0.10041393672890969,0.10902233309574721,0.05343950011631242,6,0.1807106834319805,0.18015763058478274,0.01097992533320572,6,-2.629667145925888,-2.6134883010461225,0.18742362138033297,6,0.09448470057623444,0.07010921734875082,0.1370751234935892,6,Cervical Cancer Risk Factors
D009,gradient_boosted_trees,C5,1.0,PRIMARY,0.9727854816970988,0.9969820457320457,0.04663609545021533,6,0.8048912810362195,0.9202671382313662,0.2592324851435801,6,0.8685676575818467,0.8573141486810552,0.053668964407207725,6,0.3863385525673834,0.3350078492935636,0.14786667217430247,6,0.08468480369793342,0.06042436214088613,0.06055780661035678,6,-9.765402703274848,-7.8340645708877945,6.6824764507718,6,3.2038536283735097,2.695062006605106,1.688280176309036,6,Cervical Cancer Risk Factors
D009,gradient_boosted_trees,C6,1.0,PRIMARY,0.5996772303306082,0.5841445803673038,0.048080313539561,6,0.14795391134423516,0.1433017093300249,0.038201200969254556,6,0.5135267648269602,0.5109720860900107,0.025030230626311847,6,0.06766491175093325,0.06929510155316607,0.06982320038970496,6,0.07739511154846977,0.0797902305435644,0.014245425598448422,6,-1.8455167197280116,-1.8631721591172958,0.3337431564475612,6,0.08995383468445022,0.08341141423943188,0.030966887620918992,6,Cervical Cancer Risk Factors
D009,logistic_regression,C0,1.0,PRIMARY,0.573040618976801,0.5801022989498624,0.08807080599924526,6,0.11703530059371448,0.10720181541773259,0.044697628466394225,6,0.561184722052055,0.5768589961516428,0.059505963945174,6,0.15274725846413686,0.15847665847665848,0.04650791699444387,6,0.22446157816739257,0.22825332797963976,0.012304769902638688,6,-2.6967642362020166,-2.6426130909445997,0.18407066506998643,6,0.5449871141455825,0.5035978219795532,0.6058446385813137,6,Cervical Cancer Risk Factors
D009,logistic_regression,C1,1.0,PRIMARY,0.6509433962264151,0.6509433962264151,,1,0.204770787799191,0.204770787799191,,1,0.6584421867440735,0.6584421867440735,,1,0.2857142857142857,0.2857142857142857,,1,0.22046200975782043,0.22046200975782043,,1,-2.4622639913769233,-2.4622639913769233,,1,0.26192419127954075,0.26192419127954075,,1,Cervical Cancer Risk Factors
D009,logistic_regression,C2,1.0,PRIMARY,0.5577267066681761,0.5577267066681761,0.07664259394407338,2,0.10038869040111748,0.10038869040111748,0.028639572273010453,2,0.5952054794520547,0.5952054794520547,0.04904837822178167,2,0.1766980146290491,0.1766980146290491,0.01581200116759886,2,0.2175269606843696,0.2175269606843696,0.006376134883468583,2,-2.6243951298838075,-2.6243951298838075,0.020946236344372218,2,0.3704786040868732,0.3704786040868732,0.04210071664028315,2,Cervical Cancer Risk Factors
D009,logistic_regression,C3,1.0,PRIMARY,0.5814547908434005,0.5756784175509573,0.06072169936457609,6,0.13572787897948033,0.11561997280956962,0.05589707474946717,6,0.5779388810318845,0.5483174058645757,0.0723765389329021,6,0.19375529922113774,0.15786749482401657,0.10099110941640327,6,0.2252863182298729,0.22329187806114906,0.008598326413018206,6,-2.6929070294581035,-2.6327203938363017,0.23889590263416785,6,0.6609446198797768,0.5394963168245643,0.5203653569547909,6,Cervical Cancer Risk Factors
D009,logistic_regression,C4,1.0,PRIMARY,0.6523416078602072,0.6601190476190477,0.03962963408627183,6,0.14164589366760913,0.12497964978805971,0.03639605668712041,6,0.6207990083225267,0.6113390506376117,0.048410714989385664,6,0.21512973252982684,0.20526315789473684,0.04941131418565897,6,0.22512725390307878,0.22681636444068387,0.011988348081063532,6,-2.688045110076865,-2.6391766906322305,0.22863900838086293,6,0.8254144544378317,0.7759116292703103,0.4287361362305752,6,Cervical Cancer Risk Factors
D009,logistic_regression,C5,1.0,PRIMARY,0.648722090631991,0.633895880298758,0.10043309819205376,6,0.1603773075824634,0.1713689196596741,0.05436318633169551,6,0.6139289003303786,0.5999277251525452,0.09316468281644968,6,0.19963670255739863,0.19472228133645458,0.09815956142520675,6,0.2863208126015308,0.2784981085144971,0.019906912194193684,6,-2.961736042677441,-2.936059088763288,0.3078769208408968,6,0.894011332724976,0.8087896250009154,0.6135501979120864,6,Cervical Cancer Risk Factors
D009,logistic_regression,C6,1.0,PRIMARY,0.5711319007650747,0.5733596976049806,0.08473500020721078,6,0.12237475595563217,0.11395093318928026,0.0336501796843584,6,0.5782345389210313,0.5725352911505236,0.06016538901719885,6,0.16019011816442208,0.17230443974630022,0.048829605858915125,6,0.2179420749159596,0.216061657561548,0.006706525051520459,6,-2.6721193458514048,-2.626003480424247,0.20487547899502304,6,0.2975797068688213,0.3690536061846052,0.2719175870664427,6,Cervical Cancer Risk Factors
D009,random_forest,C0,1.0,PRIMARY,0.6108023447511485,0.594202054901797,0.08039094333270105,6,0.12872265570002478,0.11111605059440002,0.04439170600263163,6,0.5595175082693825,0.5562890368971777,0.029777533598472183,6,0.14357923838763567,0.14247744845360824,0.01979603239908953,6,0.1407679380137028,0.1309238417851229,0.05553543180590365,6,-2.459910875311715,-2.4519572945807573,0.22470028462537558,6,0.4597849825066253,0.2381931897401673,0.6079804697588365,6,Cervical Cancer Risk Factors
D009,random_forest,C1,1.0,PRIMARY,0.6028059990324142,0.6028059990324142,,1,0.09745982355179969,0.09745982355179969,,1,0.5406386066763426,0.5406386066763426,,1,0.1509433962264151,0.1509433962264151,,1,0.10907797875847258,0.10907797875847258,,1,-2.1995311520778897,-2.1995311520778897,,1,0.17229883912114022,0.17229883912114022,,1,Cervical Cancer Risk Factors
D009,random_forest,C2,1.0,PRIMARY,0.5779236952337824,0.5779236952337824,0.031780979523498114,2,0.10242648851832528,0.10242648851832528,0.01683407243152226,2,0.5948318804483188,0.5948318804483188,0.03865751892165555,2,0.1641518300005221,0.1641518300005221,0.020674557378189674,2,0.09442682853447612,0.09442682853447612,0.025910473659020498,2,-2.3994997186522804,-2.3994997186522804,0.2306794992965182,2,0.2158344283957982,0.2158344283957982,0.26878108000442863,2,Cervical Cancer Risk Factors
D009,random_forest,C3,1.0,PRIMARY,0.5693346696660667,0.5679540598290598,0.0400528684085057,6,0.12559749587067873,0.1255838027710336,0.02716372732723053,6,0.5454222677581749,0.5475130141169076,0.040570387261676666,6,0.13694713767770458,0.1458041958041958,0.023936167565120063,6,0.1561642960080195,0.15978597910134584,0.043327053436963324,6,-2.496815096558229,-2.4736797846814396,0.20234592127349468,6,0.21479852932739976,0.11861016191910866,0.2835602813798562,6,Cervical Cancer Risk Factors
D009,random_forest,C4,1.0,PRIMARY,0.5827005531730397,0.565802743312037,0.08577815672252066,6,0.11842112578428728,0.10760502992563531,0.044999558885687865,6,0.5535137613533205,0.5324926600479742,0.04748430783648657,6,0.15292309560392328,0.1441739881895434,0.04262809063840849,6,0.19209956605934764,0.1913303928365595,0.011129320758026097,6,-2.5962347179700527,-2.4913096998072204,0.296348747907774,6,0.5204936060944337,0.37935886750155934,0.49494936867857936,6,Cervical Cancer Risk Factors
D009,random_forest,C5,1.0,PRIMARY,0.9253934402159908,0.9461538461538461,0.07528705422889191,6,0.6177718977580597,0.5479890915745085,0.2718599532827972,6,0.7796572532409606,0.7692016317016317,0.08004985928522856,6,0.2980797326716154,0.29551337359792923,0.09321555770476306,6,0.15755591842682362,0.1762801943342699,0.08213999233719592,6,-3.6033858317002143,-3.5521499231454694,0.4718389353077685,6,1.8216809712331772,1.5404484325840389,0.9172140960045392,6,Cervical Cancer Risk Factors
D009,random_forest,C6,1.0,PRIMARY,0.6233634129516593,0.6270473815550452,0.07576181991122202,6,0.1462354744449731,0.1454920026125417,0.017980680050966504,6,0.517898425425697,0.5213099811881851,0.012957126939545644,6,0.07603288524341155,0.08712121212121213,0.03946039802132305,6,0.06872349035185256,0.0689133704173474,0.011069533396484608,6,-2.1762866700740915,-2.3690739288340676,0.5875879101241727,6,0.1812455057644933,0.09772238582117525,0.22119262375112883,6,Cervical Cancer Risk Factors
D010,gradient_boosted_trees,C0,0.75,0,0.9820632602903414,0.9879694407504995,0.017525174689834774,6,0.9513469287227183,0.9472219464475258,0.032600008884562874,6,0.9460659039115115,0.9450291661045447,0.025094175902616072,6,0.8531406632035563,0.8598881900768693,0.07183666944619103,6,0.025130096103783528,0.023528907572184475,0.013202823994358468,6,0.2883976927879316,0.12317280178680677,1.2554279203047123,6,0.587943489273174,0.5860061472812121,0.24317001847874198,6,HCV Data
D010,gradient_boosted_trees,C0,1.0,PRIMARY,0.9805094919106933,0.9801822228766792,0.013121649356282447,6,0.9312700963516937,0.9323821964285464,0.04483875005676788,6,0.9232477638304905,0.9229954774948206,0.01968267591612343,6,0.8054962708526107,0.8289198606271777,0.0701376885216341,6,0.030939190428636396,0.034277641730652245,0.01060633578131491,6,-0.3271908626965831,-0.2508460204684953,0.5999573087082273,6,0.5687163451114603,0.42843825148621917,0.36328065978577867,6,HCV Data
D010,gradient_boosted_trees,C1,1.0,PRIMARY,0.9886845827439887,0.9886845827439887,,1,0.965317291404248,0.965317291404248,,1,0.9514380009429514,0.9514380009429514,,1,0.8695652173913043,0.8695652173913043,,1,0.025787288358396727,0.025787288358396727,,1,0.4186102866875305,0.4186102866875305,,1,0.776200221896888,0.776200221896888,,1,HCV Data
D010,gradient_boosted_trees,C2,0.75,0,0.9812079124579124,0.9812079124579124,0.006815128488708671,2,0.9507675721565134,0.9507675721565134,0.0045882597003671505,2,0.9435606060606061,0.9435606060606061,0.01053517679040564,2,0.8511176470588235,0.8511176470588235,0.018218398244688676,2,0.02288446000248113,0.02288446000248113,0.0007944520014482091,2,-0.26335793648186795,-0.26335793648186795,0.05625471211100578,2,0.8872511831194274,0.8872511831194274,0.14759441970712123,2,HCV Data
D010,gradient_boosted_trees,C2,1.0,PRIMARY,0.9882801751094434,0.9882801751094434,0.00284788472222724,2,0.9596551926911318,0.9596551926911318,0.0052211989535838445,2,0.9516072545340839,0.9516072545340839,0.002582553847485556,2,0.8864014951448422,0.8864014951448422,0.03889906072915068,2,0.018862743685154552,0.018862743685154552,0.001431127527223157,2,-0.17084330239374787,-0.17084330239374787,0.3303126995758716,2,0.9369590580534872,0.9369590580534872,0.11925946888179445,2,HCV Data
D010,gradient_boosted_trees,C3,0.75,0,0.9833328933954669,0.9868097122208899,0.012782524813474081,6,0.9514036881396996,0.95173059759315,0.02165732355225469,6,0.9400590171275197,0.941694669557504,0.01721866440285907,6,0.8341533544474226,0.825925925925926,0.05035663260759625,6,0.025671707544209266,0.02338284897955802,0.013731943502766334,6,-0.08941001672974497,0.024490557082147486,0.8599461841130767,6,0.576330342351555,0.6221071603076654,0.1664606004643057,6,HCV Data
D010,gradient_boosted_trees,C3,1.0,PRIMARY,0.9717387533385633,0.9855283217713385,0.042177245780109916,6,0.9186637554384892,0.9306026657269637,0.07281173849644178,6,0.9075753025348702,0.9184903486027082,0.05685725767947882,6,0.7927146844351086,0.8083923154701719,0.08067962032538108,6,0.032254538656369854,0.029515935136979095,0.02274905495293654,6,-0.1730759059735345,-0.24947411403908543,0.6689808431941047,6,0.6045685922791274,0.49123849515647156,0.34914707069654566,6,HCV Data
D010,gradient_boosted_trees,C4,0.75,0,0.9380050318490712,0.936014534767017,0.014954164253265623,6,0.8520505740815082,0.8588748695947588,0.04258333855256165,6,0.8508926834984306,0.8522780541735766,0.018843036776829275,6,0.6854487854487855,0.6846846846846847,0.08270722241467454,6,0.05595037207100082,0.05488058488091006,0.01352964535148507,6,-0.7650933509291856,-0.4155427043974672,0.8205208981593085,6,0.6685547575763969,0.5875193829627521,0.35286834813617085,6,HCV Data
D010,gradient_boosted_trees,C4,1.0,PRIMARY,0.9407001385810162,0.9429767368312667,0.022387337984974866,6,0.8393900364968144,0.85122647676139,0.049671204534534996,6,0.8735273866260087,0.8649427123264333,0.04342231214047902,6,0.67228180878086,0.6872222222222222,0.059573273502940435,6,0.05217697089950122,0.049985849893810955,0.014675437386538204,6,-0.6647542167695477,-0.6748675491305057,0.7413465711804529,6,0.5226673466823503,0.370135426649534,0.34289565594038013,6,HCV Data
D010,gradient_boosted_trees,C5,0.75,0,0.9999340456404169,1.0,0.00016155452729078615,6,0.9995614035087718,0.9999999999999999,0.0010743376064839395,6,0.9703187931576625,0.9712825933756166,0.008607437116162374,6,0.8330144064647302,0.8360215053763441,0.048136873907196974,6,0.019913961906398856,0.019850375960820125,0.01037873732317221,6,-84.06877184141264,-28.293768189213168,150.40774715493365,6,43.942717557819485,8.930798940982372,89.0659543210772,6,HCV Data
D010,gradient_boosted_trees,C5,1.0,PRIMARY,0.9999378156131287,1.0,9.644455824158202e-05,6,0.9996722442642746,1.0,0.00051108012289787,6,0.9817653954322756,0.9821644315573276,0.00934285061002744,6,0.8808920880298211,0.8923745173745175,0.06679311334780134,6,0.017571268063288657,0.015832124182639733,0.005362249517893573,6,-97.89994230065024,-40.527067302143436,121.34968172060435,6,25.95581606540287,12.677644540144188,29.423818884664623,6,HCV Data
D010,gradient_boosted_trees,C6,1.0,PRIMARY,0.9864821582173344,0.9942374805168558,0.015536401774851123,6,0.9528142894476446,0.9597814067541529,0.029864199045410912,6,0.9263760629583286,0.930021275372319,0.04554099125729822,6,0.8829870150008098,0.8834841628959276,0.06938178664714816,6,0.02360360587500054,0.02442526414038827,0.012002515276860694,6,0.01281815184117982,-0.009731819583099086,0.7827123383342626,6,0.41752916264602,0.4207395634054816,0.07803554792916827,6,HCV Data
D010,logistic_regression,C0,0.75,0,0.9431157324778607,0.9454904692356665,0.017871127577038213,6,0.8781897349970961,0.8884537148509204,0.04133661066310613,6,0.8856467395820355,0.8850430492998744,0.04033330706666434,6,0.7438235837986814,0.7386363636363636,0.07187893774344568,6,0.0693985765485508,0.061505053178396926,0.021666153510467023,6,-1.6840484958803053,-1.6364983130050352,0.5356858968820514,6,1.389265529278333,1.2864446949179473,0.8270141311349105,6,HCV Data
D010,logistic_regression,C0,1.0,PRIMARY,0.9574540435823744,0.9572338736704707,0.01780528538855465,6,0.8552998034283296,0.8612006812851534,0.05820199339248336,6,0.8924780580577161,0.8955954376571551,0.02683124222487694,6,0.6945435992470705,0.6932806324110672,0.07718984015880398,6,0.06314914716790647,0.059395164847640264,0.012639346492949882,6,-1.9347987975152046,-1.8192941992284675,0.5430823478695715,6,1.0255993527697993,1.0320146854404284,0.3965171052216474,6,HCV Data
D010,logistic_regression,C1,1.0,PRIMARY,0.9410655351249411,0.9410655351249411,,1,0.8751414635354382,0.8751414635354382,,1,0.892975011786893,0.892975011786893,,1,0.7307692307692307,0.7307692307692307,,1,0.06137204179758,0.06137204179758,,1,-1.7994927992545864,-1.7994927992545864,,1,0.5586256121183402,0.5586256121183402,,1,HCV Data
D010,logistic_regression,C2,0.75,0,0.9559553872053872,0.9559553872053872,0.0015177797070924349,2,0.8964515889969358,0.8964515889969358,0.02806733012007203,2,0.9131313131313131,0.9131313131313131,0.014284985478516046,2,0.8156862745098039,0.8156862745098039,0.07209716200333431,2,0.09041330014637755,0.09041330014637755,0.03896694197089741,2,-1.8078035233179002,-1.8078035233179002,0.1391661420354302,2,1.5853492879859443,1.5853492879859443,0.9792561104528011,2,HCV Data
D010,logistic_regression,C2,1.0,PRIMARY,0.9592620387742339,0.9592620387742339,0.0055365709196095484,2,0.8604248450471376,0.8604248450471376,0.019552429102953094,2,0.9028267667292058,0.9028267667292058,0.008172190942043363,2,0.665207927597663,0.665207927597663,0.006707348090531116,2,0.06487158113413674,0.06487158113413674,0.0019314917777717001,2,-2.033714252772587,-2.033714252772587,0.08992137563064471,2,0.8171420143285639,0.8171420143285639,0.012306171320409684,2,HCV Data
D010,logistic_regression,C3,0.75,0,0.946313115813,0.9458435409739305,0.025748962263623217,6,0.8859192926435746,0.8881985812033916,0.030068000468082584,6,0.8909111414422696,0.9001187670669211,0.02972951868089682,6,0.6995695346259256,0.6961451247165533,0.13487186205744797,6,0.09385485816125233,0.0640818093633787,0.061911144340126255,6,-1.8063372403060274,-1.7469990871790426,0.821590118086072,6,3.05070615122796,1.2753855726693166,3.6944793329535632,6,HCV Data
D010,logistic_regression,C3,1.0,PRIMARY,0.9558190205273346,0.9528044026599404,0.01845836711480753,6,0.8625583962497602,0.8687039071917158,0.056975896059122934,6,0.8930200259402231,0.8961799604688693,0.034493979218688124,6,0.6998598886272243,0.7270220588235294,0.07238650413113598,6,0.062171432863049186,0.057134567419330595,0.015067237430930244,6,-1.9345300122257614,-1.792436259885093,0.5233811291233011,6,0.9905323759698389,1.1133534204604292,0.3606558493647937,6,HCV Data
D010,logistic_regression,C4,0.75,0,0.9496571169730837,0.9565034666384977,0.02366775031432686,6,0.873429681433513,0.8695049354955048,0.03922381531276936,6,0.8493618196472271,0.8472864859702811,0.01300551397145016,6,0.6388577827547592,0.6669561441597915,0.1062129319347031,6,0.09003559502800168,0.06432617700609695,0.059221242923347794,6,-1.8588593627148298,-1.6472503994112637,0.7112170450480608,6,2.7151101940005415,1.3922420029906424,3.7798006907222454,6,HCV Data
D010,logistic_regression,C4,1.0,PRIMARY,0.948192728852649,0.950158815543431,0.021883808758769833,6,0.8494105253053208,0.8519906734043906,0.053510544162425344,6,0.8880327870560568,0.8849958842655472,0.01964723445249465,6,0.7012366919564846,0.7041003671970625,0.07368178481491147,6,0.1073051556889203,0.06532496172917857,0.07011819833883412,6,-2.1515827120508515,-2.1501409785261907,0.627474564856922,6,2.6595788075792934,1.5773337364679725,2.487279499500883,6,HCV Data
D010,logistic_regression,C5,0.75,0,0.9610051451871238,0.9670408077610293,0.017238065916227795,6,0.8925159741578509,0.8922713097494439,0.02194685096793507,6,0.8888617503879109,0.8978888888888888,0.0369519619003056,6,0.7351790774982797,0.7387820512820513,0.06818441967008335,6,0.09466372395599483,0.07343167995271206,0.048853981277441234,6,-1.6183814555357117,-1.896729102180962,1.793908515512249,6,4.351642111037556,1.2385710538835506,7.795883756432135,6,HCV Data
D010,logistic_regression,C5,1.0,PRIMARY,0.9696200079347684,0.972338473909703,0.017872965220902887,6,0.8900928983776689,0.8933704019549031,0.043847129446118724,6,0.9238455407736011,0.9315806892899695,0.02607513013798387,6,0.7796458156203284,0.7973809523809523,0.09096656631979307,6,0.057768316966055645,0.05944700970185236,0.016723210271162397,6,-2.1379418853171313,-1.8626100180886769,0.5234245406108495,6,1.0139578146067696,1.0344906016383701,0.33944775633174534,6,HCV Data
D010,logistic_regression,C6,1.0,PRIMARY,0.948269577832741,0.9510426140054566,0.023388555833957804,6,0.8772006922780576,0.8795089333475589,0.03825876189615647,6,0.9089688405330337,0.9146430492584339,0.018737292712783904,6,0.7744800776270928,0.7965517241379311,0.0886715727937599,6,0.04577663363611559,0.04379956143759073,0.008607813182168847,6,-1.6163410667001645,-1.676638756534286,0.47877051605036464,6,0.764421241532825,0.7635530691439261,0.26051299612952733,6,HCV Data
D010,random_forest,C0,0.75,0,0.9846066979502818,0.9923502751394542,0.015552630384915611,6,0.9568171091099322,0.9586718822519262,0.021451103645604715,6,0.9441054390976843,0.9407185440458822,0.017994328441572026,6,0.8351117883313365,0.8368563685636856,0.07384608332818379,6,0.028821050365962646,0.02890936638070514,0.00507486035897562,6,0.40651955097252485,0.2317637720824851,1.2981553731647495,6,2.5096316021925116,2.5423546019003895,1.0087658021698198,6,HCV Data
D010,random_forest,C0,1.0,PRIMARY,0.9786451688948166,0.9835127205592695,0.021423128573521074,6,0.9345733120675538,0.9427679792718495,0.05630593430444423,6,0.9315844926689573,0.9496876157550315,0.04771220155881566,6,0.7928512735166544,0.8085858585858585,0.08955243419069996,6,0.03295717370324689,0.028821013839137783,0.016018599136574326,6,-0.12947431515201283,-0.1327296812671498,1.1989373457598727,6,2.116608030219407,1.7163839080011103,1.2001369522801963,6,HCV Data
D010,random_forest,C1,1.0,PRIMARY,0.983969825553984,0.983969825553984,,1,0.9608843537414966,0.9608843537414966,,1,0.9474304573314474,0.9474304573314474,,1,0.926829268292683,0.926829268292683,,1,0.02901957156963795,0.02901957156963795,,1,0.9623240600748485,0.9623240600748485,,1,1.7203397033846213,1.7203397033846213,,1,HCV Data
D010,random_forest,C2,0.75,0,0.9815761784511785,0.9815761784511785,0.001562420286712705,2,0.9506350518342574,0.9506350518342574,0.013496941397995057,2,0.955050505050505,0.955050505050505,0.012142237656738695,2,0.8766233766233766,0.8766233766233766,0.03979388811872344,2,0.026656754087157602,0.026656754087157602,0.001210808493602705,2,0.08267648966440644,0.08267648966440644,0.3500726097546045,2,1.7122871822827972,1.7122871822827972,0.2801391212606466,2,HCV Data
D010,random_forest,C2,1.0,PRIMARY,0.9855784865540964,0.9855784865540964,0.0015035416235362627,2,0.9629508989324709,0.9629508989324709,0.009204272062422969,2,0.963733583489681,0.963733583489681,0.002060736460493623,2,0.8329480511141077,0.8329480511141077,0.008672535491339506,2,0.023313791132250152,0.023313791132250152,0.0014586869613665932,2,0.2672954966821115,0.2672954966821115,0.06187218454652081,2,1.7678075056412248,1.7678075056412248,0.009308070923064977,2,HCV Data
D010,random_forest,C3,0.75,0,0.9754943213227433,0.9754208754208755,0.019875202220850843,6,0.9338965114826653,0.9400890383336815,0.04717491485117446,6,0.9311092665187037,0.935936026936027,0.03365263232780378,6,0.8167125458792125,0.8214285714285714,0.03852090890392468,6,0.032148286604992526,0.03176069766591971,0.008056032721646162,6,0.20313146182415356,-0.2831501584582498,1.4664571754242923,6,2.1140079510800693,1.6093925563246532,1.33348945468971,6,HCV Data
D010,random_forest,C3,1.0,PRIMARY,0.9770834273598026,0.980817678843361,0.021322208175703156,6,0.9286480115347748,0.9348892536947713,0.05550087250401482,6,0.9279009277744875,0.9496876157550315,0.0520386977788075,6,0.7999519274923084,0.8166666666666667,0.08222011238590343,6,0.03417793257015642,0.03007123160773868,0.017309910141004456,6,-0.3580259699527814,-0.6831549189383155,0.9079521655151193,6,2.0010603021741074,1.7407201679848558,1.0966691989689152,6,HCV Data
D010,random_forest,C4,0.75,0,0.9462997315804004,0.9462469847731041,0.013171451061636334,6,0.8638644743278685,0.8613377934694177,0.0384215721871343,6,0.8728666836090517,0.8786216481360366,0.02193558190782331,6,0.6517270758319955,0.6957759848125297,0.13785171181955308,6,0.05372438935510559,0.04948522253162513,0.010403050375651169,6,-0.9595978382017716,-0.8990823040856201,0.8869225677892396,6,1.159068946950348,1.1018672169352,0.28856386688969693,6,HCV Data
D010,random_forest,C4,1.0,PRIMARY,0.9459098174400501,0.9513468440639572,0.020422937905327947,6,0.8529831387715293,0.8421765671837369,0.04570802385057057,6,0.8938173680298743,0.901328710320038,0.028560996895263344,6,0.6958392740240744,0.6987893462469734,0.07826634427636033,6,0.0495715771201743,0.04828814950891138,0.008130796392260012,6,-0.9416796488410454,-0.7036254055728202,0.6107614433478847,6,0.9945357141621973,1.0279355975998685,0.4000362821857588,6,HCV Data
D010,random_forest,C5,0.75,0,0.9996439486564839,1.0,0.0006405009086487422,6,0.997426396318363,0.9999999999999999,0.004228335458053211,6,0.968694624823157,0.9668628733376935,0.011310459344823458,6,0.8189095334270413,0.8079710144927537,0.08154596450602368,6,0.019300009413901864,0.018247111150099457,0.009063182691470294,6,-6.3696256606058315,-6.461817936515754,2.1736787100979966,6,5.089114803529955,4.36880639758628,2.753654242656789,6,HCV Data
D010,random_forest,C5,1.0,PRIMARY,0.9999127856270714,1.0,0.0002136307119119998,6,0.9992613206898922,1.0,0.001809387393315323,6,0.9810690664066161,0.9827768385460693,0.013893926844614643,6,0.8854613637503536,0.8988633051588457,0.06925655871969898,6,0.017118305123932902,0.017744573813035895,0.005720794102450717,6,-16.59699147108677,-6.905803188714272,18.946912013526116,6,15.941364078645535,6.051020660100962,18.663212961607083,6,HCV Data
D010,random_forest,C6,1.0,PRIMARY,0.9859386522940525,0.9931346126401073,0.01435849073438826,6,0.959597341290766,0.9597079328372471,0.018774399350393694,6,0.9103214564927673,0.9264955688690844,0.04369693312164669,6,0.8775350507813272,0.8879849812265331,0.051029910771650415,6,0.02598742897787316,0.02524566502463054,0.006780752570431537,6,0.6358205196374223,0.5974702291259488,0.8453178760115754,6,2.3586630706921707,2.2649176786253657,0.782873766616852,6,HCV Data
D011,gradient_boosted_trees,C0,0.5,0,0.8487214042263571,0.8537035918961915,0.02967292056972018,6,0.7750478186330908,0.7811663893465364,0.020201594596419622,6,0.796957859532437,0.7943088379046633,0.02547354382369631,6,0.7784802043871526,0.7774830802999817,0.016642541807426192,6,0.15200248615310374,0.15061593724134215,0.016029229883786553,6,-0.17848141646968177,-0.19433818742779446,0.24893099421779966,6,0.8309120314827342,0.8242485675943865,0.15988506464403035,6,Mammographic Mass
D011,gradient_boosted_trees,C0,0.75,0,0.8419543456070296,0.8368537381214087,0.026097071207490885,6,0.7767225172313261,0.765633887691916,0.05000142486630843,6,0.7869655454822543,0.7933820420244602,0.022068243427196595,6,0.769510587305656,0.7731517571630845,0.02617859620541744,6,0.1577112098766018,0.15667636033192717,0.013134090017433353,6,-0.13730066608963068,-0.1190262246236743,0.12189852343393533,6,0.8833427132894816,0.9334455282914282,0.16357471647545851,6,Mammographic Mass
D011,gradient_boosted_trees,C0,1.0,PRIMARY,0.8547460908688104,0.8508995324060047,0.013811265516912839,6,0.8104463598304495,0.8022533878440106,0.020128558384367973,6,0.7893203105101175,0.7885887056471764,0.008098635335030984,6,0.7825132011190314,0.7828320567905848,0.01750604776119854,6,0.1522538238998183,0.15395753233613002,0.006614528002798891,6,-0.12020491397567046,-0.17122389222169443,0.26324829534688093,6,0.9559964261829031,0.9258542796637578,0.15629974112513212,6,Mammographic Mass
D011,gradient_boosted_trees,C1,1.0,PRIMARY,0.8618488253319714,0.8618488253319714,,1,0.7736210230482531,0.7736210230482531,,1,0.7799284984678243,0.7799284984678243,,1,0.7793427230046949,0.7793427230046949,,1,0.15342143370744799,0.15342143370744799,,1,-0.48602308547172474,-0.48602308547172474,,1,1.258564109325478,1.258564109325478,,1,Mammographic Mass
D011,gradient_boosted_trees,C2,0.5,0,0.8476094522806374,0.8476094522806374,0.01143753961875287,2,0.7814957202839845,0.7814957202839845,0.025683735566955405,2,0.8145081516761311,0.8145081516761311,0.001917050808126191,2,0.7942736934131083,0.7942736934131083,0.005532753657673619,2,0.14925768889050084,0.14925768889050084,0.0005760837071437993,2,-0.18543454601711917,-0.18543454601711917,0.04486405381258174,2,0.8595436094645861,0.8595436094645861,0.09375710403815626,2,Mammographic Mass
D011,gradient_boosted_trees,C2,0.75,0,0.8358487005683164,0.8358487005683164,0.001101453183754,2,0.7656330625841252,0.7656330625841252,0.0076502340182820336,2,0.7958723064172388,0.7958723064172388,0.0006802323700143004,2,0.7803664096221932,0.7803664096221932,0.0023062675704347275,2,0.16092672025636412,0.16092672025636412,0.0014589539454121475,2,-0.10718654380182899,-0.10718654380182899,0.0259615636446552,2,0.7703546681988793,0.7703546681988793,0.009802378771085503,2,Mammographic Mass
D011,gradient_boosted_trees,C2,1.0,PRIMARY,0.8506663182649594,0.8506663182649594,0.0010531770715347193,2,0.8018148055708018,0.8018148055708018,0.00011403156442456405,2,0.7932094329762216,0.7932094329762216,0.0018153446890927566,2,0.7870881364406543,0.7870881364406543,0.0031441808153201503,2,0.15560036208270223,0.15560036208270223,0.0014911725952760169,2,-0.10242571171989208,-0.10242571171989208,0.009339330108393648,2,0.8118442378097972,0.8118442378097972,0.0007937856916560905,2,Mammographic Mass
D011,gradient_boosted_trees,C3,0.5,0,0.8481905150828527,0.8497848983190539,0.03336075598693288,6,0.7769676559133719,0.7881472265636389,0.027610378521869598,6,0.8013302462234706,0.7994694629487256,0.02329915444802287,6,0.7843089905225313,0.7880079068745882,0.01887945511756703,6,0.15447442487814292,0.15593728253440312,0.019010624948941363,6,-0.15321540804666733,-0.1745912483273,0.30215937541493876,6,0.8156421556075898,0.7779755547924005,0.28721243743128533,6,Mammographic Mass
D011,gradient_boosted_trees,C3,0.75,0,0.8323939886778419,0.8297072192948217,0.016571607897631964,6,0.7573361424366851,0.7668112404899508,0.039473429551408076,6,0.780251523415353,0.7745421034380486,0.01682227488980259,6,0.7611271729106982,0.7615303983228512,0.023277553356705706,6,0.16191031251115912,0.16005751738467844,0.007477045244185783,6,-0.14329074276704581,-0.16306580288158168,0.08744025208690423,6,0.8168094555587658,0.8625011158061984,0.1297075543593605,6,Mammographic Mass
D011,gradient_boosted_trees,C3,1.0,PRIMARY,0.8520466990209495,0.8483116387718825,0.011444933402381298,6,0.804736483686602,0.8080181649088491,0.016305574173734703,6,0.7960490288397876,0.7987659354711785,0.009530014466790318,6,0.7853059608918732,0.7906607054148038,0.016818168440886596,6,0.1525891616823484,0.15340767017350943,0.006095876751638518,6,-0.1137246804603144,-0.18416855549830524,0.26251250944946625,6,0.9330340733050745,0.8994338967456244,0.19803891422930103,6,Mammographic Mass
D011,gradient_boosted_trees,C4,0.5,0,0.8507312368232954,0.8675456903567502,0.04666955062177022,6,0.7690248705904953,0.7831443035356095,0.04403984077403004,6,0.8074692941326617,0.8096476871822493,0.030441225423223847,6,0.7879258760435861,0.7906057435181956,0.020883983137662307,6,0.14733840897874906,0.14280278410963,0.021845521443329404,6,-0.24067176884584807,-0.2653559664146074,0.18098202378380943,6,0.9818288884445883,1.0519872500373808,0.21170542349494637,6,Mammographic Mass
D011,gradient_boosted_trees,C4,0.75,0,0.8339899765105191,0.8286866358381075,0.021312686321485225,6,0.7525761962843105,0.7566742921032509,0.034843621480877204,6,0.7725440887883633,0.7701893332016283,0.010036797283485948,6,0.7491214815725047,0.7423963133640553,0.013707391183739984,6,0.15805773296811498,0.15904200909367183,0.007288363980526467,6,-0.21373382682111727,-0.23037026071581268,0.13619863859000844,6,0.9440342073072728,0.934369600222852,0.11486703116321298,6,Mammographic Mass
D011,gradient_boosted_trees,C4,1.0,PRIMARY,0.8320695959016108,0.8352717568814939,0.01581650995627276,6,0.7568595970716987,0.7672597721238256,0.030249026899859224,6,0.7915562953287077,0.7878316674995836,0.008548594668773377,6,0.7745954327784412,0.7676692263936291,0.01979868089567304,6,0.15408030563406805,0.15028428980988998,0.008296584716507623,6,-0.12890289421584997,-0.16264913243724066,0.22490664943208102,6,0.9794040601111335,1.0301127867055184,0.13437659774836927,6,Mammographic Mass
D011,gradient_boosted_trees,C5,0.5,0,0.8557568104048316,0.8630216778793629,0.03401483138672482,6,0.7787992804174788,0.7856687949952814,0.03433050168106887,6,0.7982091610152722,0.7890351877184982,0.037809020452620336,6,0.7807447707374181,0.7769756838905775,0.03242074149416223,6,0.15341363712395348,0.15489708985900502,0.014756225750813883,6,-0.3982546399108912,-0.4199836006413151,0.31232745480172175,6,0.8476433222839485,0.8870629723742771,0.28075535435316784,6,Mammographic Mass
D011,gradient_boosted_trees,C5,0.75,0,0.8330176743673313,0.8362337976515742,0.014018796990921912,6,0.7583420661708136,0.7592787962765024,0.020629194017338568,6,0.774636436536567,0.7751183712121212,0.024904226621975563,6,0.75809453491885,0.7529028049575994,0.02297311949888396,6,0.15919952764346953,0.1587056270390403,0.008362710292764936,6,-0.35240568371801156,-0.3877574521745181,0.1589393764041974,6,0.9995142047968629,0.9990141186960655,0.13915063094108207,6,Mammographic Mass
D011,gradient_boosted_trees,C5,1.0,PRIMARY,0.8452334939976844,0.8469931112386926,0.011035102579122108,6,0.7852411501676818,0.7912249890963368,0.0342152359654289,6,0.8015577531726819,0.8016359134659763,0.013359090599246625,6,0.7908794349932937,0.7940659197498697,0.02587483901646261,6,0.153440491755064,0.15398992561384744,0.004870051391515559,6,-0.19584454303942153,-0.24353567065403614,0.2588224073890004,6,0.9970342110841163,0.9732547305769619,0.1331930775023336,6,Mammographic Mass
D011,gradient_boosted_trees,C6,1.0,PRIMARY,0.8233010105932972,0.8288778837803963,0.01508078403484576,6,0.7684844864354892,0.7732415045215072,0.023365844791846665,6,0.755018176356764,0.7470178728157664,0.018863801679756872,6,0.7367834272110105,0.7341433807222728,0.019771212786220512,6,0.18149749791026412,0.18003427509899808,0.009294759781261638,6,-0.01090346797936336,-0.062322440340989715,0.24400038993436032,6,0.41658186096315797,0.38549104965811504,0.12269517762534701,6,Mammographic Mass
D011,logistic_regression,C0,0.5,0,0.8616420559884919,0.8656437648373132,0.035521242864684215,6,0.80193921203621,0.7875252556153163,0.02830724271272246,6,0.7819229959231819,0.773831657403086,0.028113792351970836,6,0.760082056014847,0.761824006029772,0.02799891469684256,6,0.15000651525992897,0.1498650710031871,0.019158359040069864,6,-0.3031317687043919,-0.3580868277491054,0.2852632352620865,6,1.0792359554789202,1.0840007524957085,0.2953605553848491,6,Mammographic Mass
D011,logistic_regression,C0,0.75,0,0.8564709380039176,0.8574348240456418,0.021738895364441273,6,0.8066967171330123,0.7947828988183959,0.04383882916787246,6,0.7746024202978621,0.779158888152232,0.01656376989833076,6,0.7540492359235662,0.7530111818214504,0.015109219831608825,6,0.15242987622529441,0.15068963447718903,0.00925498042583463,6,-0.2236714241599129,-0.261078311488441,0.16221611087115217,6,1.024803736731431,1.014254960082746,0.08605557618633337,6,Mammographic Mass
D011,logistic_regression,C0,1.0,PRIMARY,0.8641778130270551,0.8658217677323861,0.011847990136931292,6,0.8277972974022295,0.8264315957984636,0.015857873577310406,6,0.7916676996502002,0.793832430489074,0.01517978172312307,6,0.7833349599464966,0.7745977396504026,0.022746613793734338,6,0.14949720999254051,0.14896801480152172,0.006070772196783061,6,-0.18977008604596743,-0.24949268301475078,0.2725829424855995,6,1.0744100891093522,1.1011883388787753,0.1744166959742766,6,Mammographic Mass
D011,logistic_regression,C1,1.0,PRIMARY,0.8818181818181818,0.8818181818181818,,1,0.8067423735379978,0.8067423735379978,,1,0.8152196118488253,0.8152196118488253,,1,0.8078817733990148,0.8078817733990148,,1,0.14690893711072373,0.14690893711072373,,1,-0.6083311830202912,-0.6083311830202912,,1,1.1174827457856567,1.1174827457856567,,1,Mammographic Mass
D011,logistic_regression,C2,0.5,0,0.8681443487818283,0.8681443487818283,0.0012693985080835493,2,0.8163374259432211,0.8163374259432211,0.0006803873493264495,2,0.8133037186297857,0.8133037186297857,0.005913065499389164,2,0.7959019727476103,0.7959019727476103,0.007061001211360485,2,0.14595022057529433,0.14595022057529433,0.0001281727069837192,2,-0.2937224711286446,-0.2937224711286446,0.04376039104536278,2,1.0732643089461673,1.0732643089461673,0.10277384666702682,2,Mammographic Mass
D011,logistic_regression,C2,0.75,0,0.8590124023206251,0.8590124023206251,0.0023180226147409247,2,0.8027659968995663,0.8027659968995663,0.002592048183232446,2,0.8001346791380535,0.8001346791380535,0.006268602917516319,2,0.7849028165665212,0.7849028165665212,0.007825111010918293,2,0.1568843885112106,0.1568843885112106,0.005132049305548594,2,-0.30636154641962976,-0.30636154641962976,0.08204516457487852,2,1.345292457682244,1.345292457682244,0.5671739829098202,2,Mammographic Mass
D011,logistic_regression,C2,1.0,PRIMARY,0.86282880411114,0.86282880411114,0.0025728931089685613,2,0.8262589011177712,0.8262589011177712,0.003122747666179461,2,0.7998170891037366,0.7998170891037366,0.0007945020013331543,2,0.7934492142763059,0.7934492142763059,0.0009013843026213915,2,0.15258704822575644,0.15258704822575644,0.00431378087658859,2,-0.18895165511544368,-0.18895165511544368,0.09337217988843391,2,1.271422627331692,1.271422627331692,0.47059607437991113,2,Mammographic Mass
D011,logistic_regression,C3,0.5,0,0.8658755469247668,0.8788867805186591,0.037262266391615756,6,0.8099551929465783,0.8006680191842537,0.035528501897932024,6,0.7946200607447905,0.7923957315086347,0.034414717451005994,6,0.7774151367125616,0.7732164208848147,0.022199615995439202,6,0.15163292538598697,0.15032263062915008,0.019807881297151032,6,-0.30469541554926327,-0.3839268672093888,0.32753956023219605,6,1.2764578500426926,1.3031670441085867,0.6310350092924135,6,Mammographic Mass
D011,logistic_regression,C3,0.75,0,0.8570230633454501,0.8595444643874892,0.023368534739406203,6,0.8069034110000052,0.7939569571597285,0.045297313212189015,6,0.7901350494012993,0.7926578770328769,0.013758571557516032,6,0.7764238477793214,0.7642656828781812,0.029446936851439738,6,0.1544770142606449,0.15571871857835196,0.010834665799949152,6,-0.2686103568192748,-0.31550724594364216,0.17245274657120008,6,1.2406532787870694,1.0805641315643397,0.36318533165723565,6,Mammographic Mass
D011,logistic_regression,C3,1.0,PRIMARY,0.8636862180606713,0.8642816031121316,0.01332152872804887,6,0.8275230716325593,0.8257981111313565,0.01821592977950671,6,0.7964012063700023,0.7960447287243695,0.017800735444514427,6,0.7861595082208476,0.7806834515695276,0.02369074786060283,6,0.15009205357029634,0.15001150159226934,0.008086960446750073,6,-0.18684420070427288,-0.2989799968141321,0.2849901770402039,6,1.105538872440875,1.0701399138985632,0.1361444272098645,6,Mammographic Mass
D011,logistic_regression,C4,0.5,0,0.8480139324647142,0.8608376390634456,0.03277064693539597,6,0.7728044701196709,0.7811706029588215,0.02808032209945483,6,0.7772516626282221,0.7703599779636646,0.027249520239793153,6,0.7577884437739947,0.7610314396028681,0.022753035789512144,6,0.1567539575546401,0.1541592599930207,0.018393130421471324,6,-0.32222437422665917,-0.28276630807996006,0.22349473374258752,6,1.2337234162906465,1.2155286812135064,0.24357945854606478,6,Mammographic Mass
D011,logistic_regression,C4,0.75,0,0.8292371730210754,0.8359628098165496,0.016804489850715035,6,0.7428563278877885,0.7425543996453587,0.026666080509360732,6,0.7648398756340137,0.7689546130952382,0.016165480634909316,6,0.7447056409291016,0.7448484848484849,0.02723227006249064,6,0.16560066315573962,0.16494500709036874,0.008606385769605974,6,-0.28526847222457796,-0.30909758723882597,0.12983426726780883,6,1.3406049452951911,1.3648032932660705,0.29408003082446565,6,Mammographic Mass
D011,logistic_regression,C4,1.0,PRIMARY,0.8342446447765909,0.8355663500532508,0.01674739596048628,6,0.7625480582258198,0.7672889692538337,0.02848934501687904,6,0.7767160281717383,0.7766552839983565,0.009579766431063723,6,0.7671180560245924,0.7736753127566054,0.024959593829166526,6,0.16397282204074481,0.16371767890686054,0.0078065342570363735,6,-0.2166691905371839,-0.2482991578886346,0.22612528628853887,6,1.4341414440991835,1.488708436720012,0.3163314357336982,6,Mammographic Mass
D011,logistic_regression,C5,0.5,0,0.8648197364855337,0.8775805493262798,0.03685569975886416,6,0.8077330030582646,0.7984129058294133,0.03579223878890271,6,0.7907185404163221,0.791750914216352,0.032854489757492555,6,0.7750654875315764,0.7766439909297052,0.020668491460869916,6,0.15370066573222715,0.14979175378156448,0.01787057188021818,6,-0.4252850476894406,-0.5125665959041932,0.3381649541246847,6,1.3590703918546658,1.259385896695873,0.476122555701353,6,Mammographic Mass
D011,logistic_regression,C5,0.75,0,0.8558923935327183,0.8572257492090631,0.021522162665397335,6,0.8065945311114544,0.788647767892845,0.043803189373582636,6,0.7841448490147082,0.7853060759823056,0.016966900331383955,6,0.7663626115255919,0.7630656957876552,0.019615954672001414,6,0.15578935431243637,0.15730694741418666,0.009383229956586001,6,-0.3417313204603449,-0.39841215699809995,0.16581708986532917,6,1.2308852997060111,1.1270150510503387,0.3067138460971524,6,Mammographic Mass
D011,logistic_regression,C5,1.0,PRIMARY,0.865299616927584,0.866044241628203,0.013619225766565386,6,0.8301411022632436,0.8265602038415465,0.01738734094950743,6,0.7884693077543797,0.7867995718050065,0.01820730574486507,6,0.779065593446619,0.7733337358126057,0.03228992916887641,6,0.15065867519517107,0.1513148776354663,0.007299980500037705,6,-0.23382099523121766,-0.3078684192366514,0.3146320502450606,6,1.1225912022482645,1.0583900329762859,0.2907404371062139,6,Mammographic Mass
D011,logistic_regression,C6,1.0,PRIMARY,0.8637766935129099,0.8644855610530942,0.012403190196826036,6,0.8278072023547806,0.8274750699536346,0.017174473044637796,6,0.7936773754865268,0.7926878614565741,0.010827392028909772,6,0.786623181542411,0.7802392739273927,0.020909602226575928,6,0.14958381185992642,0.14967971244164083,0.006714709626494543,6,-0.15386270469751723,-0.21723766502981,0.27752735929329186,6,0.9980641921303698,0.9838496706020409,0.13791548379887572,6,Mammographic Mass
D011,random_forest,C0,0.5,0,0.8585270294299573,0.8659232344716217,0.037785618883716315,6,0.7838520645898929,0.7899969587171818,0.03620670478721258,6,0.8117637603697827,0.8198802541544477,0.028821943116211488,6,0.7937881188221504,0.7925119577766782,0.01783818274995617,6,0.14711193425361602,0.14352773576718514,0.01996452565180216,6,-0.19755965345408896,-0.24676461776760322,0.23824459053027833,6,0.9807680230950319,1.0489295826621605,0.21343311619166536,6,Mammographic Mass
D011,random_forest,C0,0.75,0,0.8512654438239385,0.8580711703009578,0.023630509720336406,6,0.7907161776989184,0.7715725397033314,0.042701857938040946,6,0.789645200217493,0.7913407606030557,0.012646608150008783,6,0.770373565604822,0.7739690868647693,0.028816759886325795,6,0.15273676516765544,0.1492353872624667,0.009645831728200327,6,-0.18089149841647156,-0.1898802457326467,0.15359022358136246,6,1.0015537305747546,1.0038260372594578,0.1658991879452702,6,Mammographic Mass
D011,random_forest,C0,1.0,PRIMARY,0.8643587633543856,0.8588833490977732,0.013779573744816554,6,0.8249816209803202,0.8237190044907565,0.01894158878611805,6,0.8081530906632141,0.8091547586644892,0.01579439037465245,6,0.7966139170969351,0.7939323380358855,0.025537790979429542,6,0.14848397947828618,0.1507971156952689,0.006395702066835958,6,-0.12496111141555398,-0.18981337779089819,0.2679460883427868,6,1.0082206544996422,0.9362247776191086,0.16343226035109398,6,Mammographic Mass
D011,random_forest,C1,1.0,PRIMARY,0.8592441266598569,0.8592441266598569,,1,0.7682748514681842,0.7682748514681842,,1,0.8152196118488253,0.8152196118488253,,1,0.8078817733990148,0.8078817733990148,,1,0.14925386931723753,0.14925386931723753,,1,-0.44355863671036666,-0.44355863671036666,,1,1.0442120034728322,1.0442120034728322,,1,Mammographic Mass
D011,random_forest,C2,0.5,0,0.8598232276973805,0.8598232276973805,0.008710923435573328,2,0.7796864878634111,0.7796864878634111,0.01780757555829844,2,0.8209791170544055,0.8209791170544055,0.014112343617928982,2,0.801265567075601,0.801265567075601,0.016500277806666828,2,0.1473645225025544,0.1473645225025544,0.004041142756711337,2,-0.10776623103348981,-0.10776623103348981,0.02936500545768401,2,0.7975259828849328,0.7975259828849328,0.0398658033810757,2,Mammographic Mass
D011,random_forest,C2,0.75,0,0.8427898561449207,0.8427898561449207,0.004847963775524904,2,0.7659873216357234,0.7659873216357234,0.007855761202052766,2,0.79639030310206,0.79639030310206,0.001977906429733755,2,0.7765876185994594,0.7765876185994594,0.00420647245267515,2,0.15735437761057797,0.15735437761057797,0.0008397199352668791,2,-0.12227633557103464,-0.12227633557103464,0.06299138232933903,2,0.872948925893811,0.872948925893811,0.10085264946499675,2,Mammographic Mass
D011,random_forest,C2,1.0,PRIMARY,0.855527610835293,0.855527610835293,0.0083992411187453,2,0.8062873313801007,0.8062873313801007,0.011162364733956877,2,0.7990288302412681,0.7990288302412681,0.010744253808726827,2,0.7882797190794273,0.7882797190794273,0.009082458047938363,2,0.15108396106268557,0.15108396106268557,0.006128904837553474,2,-0.098779814272905,-0.098779814272905,0.03004108791235257,2,0.9067493960918568,0.9067493960918568,0.12892120100579987,2,Mammographic Mass
D011,random_forest,C3,0.5,0,0.8550784633970583,0.8714638536067107,0.041062863929532116,6,0.778795629319556,0.7840742154440395,0.03296972401116522,6,0.7998682933333718,0.7920551414791046,0.035926431642750556,6,0.7792782059954364,0.7793619675637141,0.02971005334575949,6,0.15252240781381415,0.14626625114849415,0.023154773296950357,6,-0.19189190245588725,-0.25761057168450846,0.29893019256600456,6,0.9366529226959415,1.0751029233109806,0.4077463709744606,6,Mammographic Mass
D011,random_forest,C3,0.75,0,0.8384058394223382,0.8433946427332015,0.019905954976231884,6,0.7656719703301132,0.762740253123007,0.018562631335483935,6,0.7833194159719364,0.7792356841985428,0.0174010603066958,6,0.7643123867735553,0.7628402107111502,0.02394088294120363,6,0.159149620022647,0.1605820929560528,0.008936148997783337,6,-0.17870161125913508,-0.16396180990882211,0.12139262290994912,6,0.9131085134161977,0.9137352153229339,0.1277919762287663,6,Mammographic Mass
D011,random_forest,C3,1.0,PRIMARY,0.8579683015739602,0.857110596554503,0.01260422022308081,6,0.8123821818558592,0.817461220686357,0.021839726721797677,6,0.8030768698326495,0.8040540015540016,0.010039070160653968,6,0.7935857834376652,0.7933421482460916,0.015589858216881393,6,0.15080677178774618,0.15094561962651937,0.005462169161514775,6,-0.10604732128160706,-0.19075472273875455,0.274985035561774,6,0.981560916497492,1.0061048377873572,0.1569526725809324,6,Mammographic Mass
D011,random_forest,C4,0.5,0,0.8536821197462198,0.8699724878296307,0.039587465844514357,6,0.7749050133164938,0.7787530246741616,0.038066089429769336,6,0.8079062337403761,0.8187046824143598,0.02861114217559214,6,0.7900032770826743,0.7900657489213068,0.010880229005125931,6,0.1473707533214137,0.13864766821733593,0.021928617645652165,6,-0.2173078451393877,-0.29603437709977165,0.2055750277419056,6,1.0003475762861316,1.0813097565030945,0.26660452357919057,6,Mammographic Mass
D011,random_forest,C4,0.75,0,0.8284165633113741,0.8238922463501166,0.01795654114340984,6,0.7537084202319447,0.7495373123117514,0.022281097261197185,6,0.7710498264605866,0.7695100894319644,0.009678464467310363,6,0.7496930831310874,0.7469730602361013,0.015549664468831638,6,0.16134202597843836,0.16425411418352612,0.009454174106684265,6,-0.22447892732497576,-0.23293724639637947,0.1308015905888166,6,0.9072641347483708,0.8862750547946261,0.10962180144902209,6,Mammographic Mass
D011,random_forest,C4,1.0,PRIMARY,0.8330737117328573,0.8355685900925421,0.01875201613883876,6,0.7623180621703703,0.7715716500513383,0.02639828556911184,6,0.7877699197502882,0.7858282279314888,0.004815162229812901,6,0.7721493842461623,0.7655278210510044,0.019580806617005328,6,0.15402838598690619,0.1510904080326413,0.00795555618527002,6,-0.14071217642284342,-0.16122770067963765,0.2258334534788204,6,1.0177094721762916,1.0590091080862631,0.14305932921873615,6,Mammographic Mass
D011,random_forest,C5,0.5,0,0.8678689813617743,0.876614532420984,0.0396350849257533,6,0.7909581533526904,0.7903968868907869,0.03872188154403252,6,0.8171195898267425,0.8194295900178253,0.04118603850935076,6,0.8022814904998378,0.8088058505309557,0.027315782052628045,6,0.1443154797882713,0.1415658343294673,0.020677114772458146,6,-0.381773380055711,-0.46053561021255696,0.2810176446721036,6,1.0567499032743617,1.1106167413423433,0.19553509423768664,6,Mammographic Mass
D011,random_forest,C5,0.75,0,0.8464156865522946,0.8458017455572728,0.02889284056899672,6,0.7718879079247586,0.7690641757353551,0.04059975466691395,6,0.7922259191371871,0.7827947119763206,0.022149916753981216,6,0.7735615459895074,0.7863820066772096,0.027123177795634817,6,0.1569812301085628,0.15897080343807707,0.011239048112362508,6,-0.3466622657200384,-0.4286377440580671,0.1904077312771688,6,0.9286339096711238,0.9159922456101521,0.20133754922636835,6,Mammographic Mass
D011,random_forest,C5,1.0,PRIMARY,0.8645928791063784,0.8616267171769314,0.01627477252681647,6,0.8175483838130466,0.8169717678674335,0.022889518286335356,6,0.8083171693267591,0.8079039647976773,0.014871049373828044,6,0.798241508627788,0.7899976666407404,0.024416972300420607,6,0.14772529387784122,0.14858115020770535,0.00751499481695509,6,-0.2155013559247144,-0.24387415221883246,0.2934333616223387,6,0.9879564279087177,0.9615646083852418,0.18242284565161354,6,Mammographic Mass
D011,random_forest,C6,1.0,PRIMARY,0.8283722104810064,0.826757734530938,0.013030076972674592,6,0.7814270454089014,0.7827725441533919,0.005461568258860658,6,0.7621336006012437,0.7625598998393832,0.02145339956719164,6,0.7453495760662169,0.7576086956521739,0.03048144590240563,6,0.17990972047641193,0.17985115559677725,0.010959707540790316,6,-0.007490452929571928,-0.10157007215388252,0.26823731576472826,6,0.38030844002330794,0.33909562256480086,0.12980638004687256,6,Mammographic Mass
D013,gradient_boosted_trees,C0,0.5,0,0.9198166831421548,0.9114432367149758,0.03614459959751163,6,0.9513841976903085,0.9598008137686096,0.0350941876616269,6,0.8153496282427101,0.812905176584422,0.06446642044205653,6,0.8420970474148013,0.8528603749191985,0.06591841701724604,6,0.12245066753541829,0.12476340362047003,0.03308481803653612,6,0.10286629044799318,-0.0035197841717811984,0.4039039196835487,6,0.7147772417803094,0.7204572718577664,0.24415210260846568,6,Early Stage Diabetes Risk Prediction
D013,gradient_boosted_trees,C0,0.75,0,0.9193465884620969,0.9405437759692703,0.07483063837866115,6,0.936583413765792,0.9511763221868734,0.0683846427850346,6,0.8403560212152241,0.8263444888444889,0.08213012724745705,6,0.8736624531746483,0.8754112554112554,0.06509297479919537,6,0.1303365436167379,0.11346145850584527,0.06600242100362663,6,1.2210757194137518,-0.0882145895038168,3.96171581701645,6,1.4508933808492357,0.43407454347611085,2.5051781312874786,6,Early Stage Diabetes Risk Prediction
D013,gradient_boosted_trees,C0,1.0,PRIMARY,0.9486074835562149,0.947857355021918,0.005404444527097408,6,0.9681018566829266,0.96954251332419,0.008018296011725302,6,0.8945244062990086,0.9063005557336619,0.02848858391887276,6,0.9181880712380958,0.9160056407544509,0.025656916568739724,6,0.08456529687902857,0.08390205416829713,0.010766844143424928,6,0.34630797971103067,0.2328176569262142,0.36086649116841335,6,0.8044818776254649,0.6665047441448748,0.5252419341520628,6,Early Stage Diabetes Risk Prediction
D013,gradient_boosted_trees,C1,1.0,PRIMARY,0.9869909502262444,0.9869909502262444,,1,0.9906633875960853,0.9906633875960853,,1,0.9157239819004526,0.9157239819004526,,1,0.9370629370629371,0.9370629370629371,,1,0.05922668207713918,0.05922668207713918,,1,-1.6196141009076739,-1.6196141009076739,,1,1.5151176782112674,1.5151176782112674,,1,Early Stage Diabetes Risk Prediction
D013,gradient_boosted_trees,C2,0.5,0,0.9212134129013925,0.9212134129013925,0.020495848730044907,2,0.9581205824938055,0.9581205824938055,0.01008300639869112,2,0.8661018755328218,0.8661018755328218,0.0186120391041216,2,0.8701037830599263,0.8701037830599263,0.06012893284947549,2,0.12864858843748958,0.12864858843748958,0.04222546650202662,2,0.1048998163549828,0.1048998163549828,0.2492551904562066,2,0.46748667495337454,0.46748667495337454,0.3786376305105389,2,Early Stage Diabetes Risk Prediction
D013,gradient_boosted_trees,C2,0.75,0,0.9314353447006507,0.9314353447006507,0.0028007733919247877,2,0.9597911195046533,0.9597911195046533,0.0022253043358237724,2,0.8812615955473098,0.8812615955473098,0.013993455162628076,2,0.9033898305084747,0.9033898305084747,0.0047939442792308724,2,0.11362989446434268,0.11362989446434268,0.00926940694240432,2,0.32592691144632224,0.32592691144632224,0.209395155175584,2,0.7306507196391309,0.7306507196391309,0.4923929409505865,2,Early Stage Diabetes Risk Prediction
D013,gradient_boosted_trees,C2,1.0,PRIMARY,0.9560156249999999,0.9560156249999999,0.0009943689110436201,2,0.9738173573329948,0.9738173573329948,0.0004414462838707049,2,0.9140625,0.9140625,0.012374368670764632,2,0.9231065791751247,0.9231065791751247,0.007399424215787134,2,0.08537276759863159,0.08537276759863159,0.006456978603385375,2,0.1718848169124962,0.1718848169124962,0.14055871653802085,2,0.4296480247656822,0.4296480247656822,0.2615065334552949,2,Early Stage Diabetes Risk Prediction
D013,gradient_boosted_trees,C3,0.5,0,0.9060156893866219,0.9049826165084573,0.048196898915305555,6,0.9443954517768257,0.9555785064670912,0.04202972051350712,6,0.8339259111340053,0.8133283785457699,0.05091109685963142,6,0.8577589609946288,0.8657809572474876,0.042877143139495165,6,0.12564905045957886,0.12686947095749654,0.0323847612257537,6,0.1331611488455158,0.18788535566132783,0.5085438648356622,6,0.6284512197683492,0.5382833370376379,0.3504601715351503,6,Early Stage Diabetes Risk Prediction
D013,gradient_boosted_trees,C3,0.75,0,0.9273819547150229,0.9339449890518041,0.046790889409486815,6,0.9497052602665037,0.9477115964020951,0.03785660297115058,6,0.8426753046810797,0.8548376439799688,0.05818909219668105,6,0.8675463604049022,0.8745345579630484,0.04134927181855701,6,0.13289858193403384,0.11536399135016415,0.05461410470783157,6,0.2690459061937989,0.09469617118198104,0.8418069115237563,6,0.894359986435143,0.7619355375841064,0.643708605711812,6,Early Stage Diabetes Risk Prediction
D013,gradient_boosted_trees,C3,1.0,PRIMARY,0.9534850548863281,0.953963520136495,0.011962921477532605,6,0.969778749499873,0.9700726997118141,0.01095358632300047,6,0.8751312939977214,0.8746169634962738,0.04669907658443985,6,0.8950834984864225,0.8914901523597176,0.04518143256814715,6,0.0905071002855113,0.08920764755683938,0.026579623613860345,6,0.23186972480654097,0.12986031423380692,0.40595728429936623,6,0.6965660805258814,0.6680415566337683,0.2785939369170145,6,Early Stage Diabetes Risk Prediction
D013,gradient_boosted_trees,C4,0.5,0,0.9057851662941218,0.9084270682148041,0.03850824061806756,6,0.9406646272900278,0.9557867882764598,0.03864940873475732,6,0.8293424217115084,0.831982394144002,0.05802896032671354,6,0.885031453922914,0.8845078109011528,0.038208409259735225,6,0.12841812472238182,0.13772798224898028,0.03062789933780823,6,0.14313805433498047,-0.10854895126300154,0.5910484597207631,6,0.665567673087552,0.6566985825680476,0.293189378026426,6,Early Stage Diabetes Risk Prediction
D013,gradient_boosted_trees,C4,0.75,0,0.9247488876882516,0.9195136880474097,0.058322647103924645,6,0.9448246035399054,0.943367281239689,0.04759488951826012,6,0.8390362120031213,0.8538462778001973,0.0740942455491143,6,0.8640065515488672,0.8707006997142013,0.06776311154020918,6,0.12351332049556986,0.12309633068727077,0.05550105651405479,6,0.8476638834402621,0.00860497017117337,2.1405631848758393,6,1.2647770852854308,0.6318902717892652,1.2277405986495227,6,Early Stage Diabetes Risk Prediction
D013,gradient_boosted_trees,C4,1.0,PRIMARY,0.9552054642727534,0.9567791882447054,0.010941817217224167,6,0.9721237017202253,0.9743570328313838,0.008124049651973388,6,0.8627369099524289,0.8611938017441749,0.027422679875769063,6,0.893327201988055,0.8945286195286195,0.02343166495855423,6,0.08335082512988685,0.0793504284896164,0.01177748101077639,6,0.2930303309960157,0.33465800769161247,0.19847971127832953,6,0.9070769204494704,0.8832846524608493,0.1670542965605159,6,Early Stage Diabetes Risk Prediction
D013,gradient_boosted_trees,C5,0.5,0,0.9465477493369208,0.935977066411849,0.028920172511729115,6,0.9732541150302495,0.9747576790940331,0.013597791173773546,6,0.8626739993895449,0.8559006211180125,0.04616616250900063,6,0.8762205387205387,0.8660714285714286,0.05471739135340585,6,0.0863812444463591,0.09547324452602363,0.025567650491041906,6,0.8585526386315595,0.7636410861610045,0.7298384707833875,6,1.0012583175102516,1.2381247521232055,0.5455235055331348,6,Early Stage Diabetes Risk Prediction
D013,gradient_boosted_trees,C5,0.75,0,0.9505760600716052,0.9545564042275729,0.02357977101827039,6,0.969638046236314,0.9663860929595205,0.018813176274528727,6,0.876891150543207,0.87116008991009,0.028452488374498985,6,0.8761213853476701,0.8735413495687467,0.027838417335889428,6,0.09265951298166651,0.08438432195770801,0.024745954777574065,6,1.0417939283361632,0.9124787735030753,1.1891829207325735,6,0.9551132463007092,0.8588067243239312,0.460690217366837,6,Early Stage Diabetes Risk Prediction
D013,gradient_boosted_trees,C5,1.0,PRIMARY,0.984703894566441,0.9889444733194732,0.01174036288041304,6,0.9906160503244643,0.9935347873782263,0.007918552846628025,6,0.926894365518575,0.9288269743549916,0.030858679108725105,6,0.928034621861843,0.9324951644100581,0.037251227777423,6,0.06900265433770622,0.06429701260709181,0.024664238894886985,6,1.9148529222634003,1.691314710795011,1.3198450303739662,6,0.7817376538353263,0.7496979576902635,0.15861848328264141,6,Early Stage Diabetes Risk Prediction
D013,gradient_boosted_trees,C6,1.0,PRIMARY,0.9488979868963247,0.9502244286424046,0.014606316059047808,6,0.97075340156823,0.9729851598103567,0.00971232077516483,6,0.9102893824500864,0.9074225752553693,0.018968634681032645,6,0.921972948547526,0.9216323582520766,0.023755976315622394,6,0.08570905386253423,0.08603493050296865,0.023143018183479608,6,0.10523473897784284,-0.09163072296271903,0.39622490600193505,6,0.2992745237759945,0.2925520895117425,0.036554753191840324,6,Early Stage Diabetes Risk Prediction
D013,logistic_regression,C0,0.5,0,0.902664199957063,0.9063827363048036,0.028722085811296184,6,0.9334429114765137,0.930388079033142,0.01871007800529085,6,0.8134152195524221,0.8099033816425121,0.06664625483628896,6,0.8472604643329181,0.8479130434782609,0.062314306248591994,6,0.1347754698285735,0.14340257307630108,0.040653434180812756,6,0.39722996564618734,0.6425170098022972,0.66759430284554,6,1.4957398555598231,1.1006887188975973,1.378029147205842,6,Early Stage Diabetes Risk Prediction
D013,logistic_regression,C0,0.75,0,0.9355979636740237,0.9579116596418856,0.0618955067748695,6,0.9539269949748942,0.9663121975491344,0.0501496712148518,6,0.861851753392829,0.8709380511463845,0.06684933659692198,6,0.8763020318706239,0.8673745173745173,0.05196818952020263,6,0.12392177568772363,0.11426192360681867,0.050914270378099286,6,2.6011598325344796,0.06590956047798681,5.522513020040963,6,4.424981058026055,1.4758222446685667,6.2848771858740395,6,Early Stage Diabetes Risk Prediction
D013,logistic_regression,C0,1.0,PRIMARY,0.9541350146789734,0.9520365856572752,0.017904907508840384,6,0.9737892075914506,0.9741359859365785,0.013106599217604991,6,0.8664170868429428,0.8698644119958465,0.022645339492607743,6,0.8826547918453569,0.8954816285998014,0.032200934815610247,6,0.09431442561051805,0.08970531867633916,0.01663755837170817,6,0.6786526948313435,1.021001004278232,0.5900111202871834,6,1.3723075785997734,1.4693469406391688,0.6738869134947907,6,Early Stage Diabetes Risk Prediction
D013,logistic_regression,C1,1.0,PRIMARY,0.9892533936651584,0.9892533936651584,,1,0.9918932078275746,0.9918932078275746,,1,0.8388009049773756,0.8388009049773756,,1,0.8874172185430463,0.8874172185430463,,1,0.05623618814712919,0.05623618814712919,,1,-1.8406813481565187,-1.8406813481565187,,1,1.356643941226274,1.356643941226274,,1,Early Stage Diabetes Risk Prediction
D013,logistic_regression,C2,0.5,0,0.8973074737141233,0.8973074737141233,0.00989627990151668,2,0.9400315435947144,0.9400315435947144,0.009849005442569742,2,0.8596192100028417,0.8596192100028417,0.021450312273845966,2,0.8810881157217059,0.8810881157217059,0.007980797263158854,2,0.15534801834202422,0.15534801834202422,0.03053365125033671,2,0.4852512838791205,0.4852512838791205,0.592058682816042,2,2.1342872163734348,2.1342872163734348,2.67813154450851,2,Early Stage Diabetes Risk Prediction
D013,logistic_regression,C2,0.75,0,0.9345201283976794,0.9345201283976794,0.003977306452473164,2,0.9617902360625412,0.9617902360625412,0.002035641303491291,2,0.8616264687693259,0.8616264687693259,0.0032797160537410405,2,0.8826779926453825,0.8826779926453825,0.020248307455202688,2,0.12941502871971672,0.12941502871971672,0.029491044472984177,2,0.7938264218721103,0.7938264218721103,0.13841395256326372,2,2.6706235879073428,2.6706235879073428,1.6554502440851457,2,Early Stage Diabetes Risk Prediction
D013,logistic_regression,C2,1.0,PRIMARY,0.953296875,0.953296875,0.0022318057781201776,2,0.9731954873406352,0.9731954873406352,0.0012800577459569998,2,0.894375,0.894375,0.013258252147247797,2,0.915281953106694,0.915281953106694,0.01910689716491962,2,0.08350516041714058,0.08350516041714058,0.004654369673106981,2,0.27445256509256866,0.27445256509256866,0.10879389112047368,2,0.8159898501011067,0.8159898501011067,0.1475332335121667,2,Early Stage Diabetes Risk Prediction
D013,logistic_regression,C3,0.5,0,0.9024063513963022,0.8911002946329034,0.03962181472081982,6,0.9333661266889867,0.9482462088364428,0.03998716274747784,6,0.8323978232646541,0.8282206119162641,0.061033398875853316,6,0.8776236391614263,0.9006691039525418,0.06986842843696535,6,0.12348632767405208,0.13082015427444849,0.03506126341093154,6,0.3838710423593561,0.2837656211646823,0.3577538941583814,6,1.0626206113774412,1.0221516622099935,0.6365790343004529,6,Early Stage Diabetes Risk Prediction
D013,logistic_regression,C3,0.75,0,0.9213866009314722,0.9375936689061417,0.05338555791662308,6,0.9475967273499072,0.9526644113780559,0.0365102790550396,6,0.82133509195678,0.8480185586868143,0.10241870924146704,6,0.8519517589071043,0.8658088235294118,0.06464837616817988,6,0.12377041883386147,0.13564287097504604,0.0611962890893243,6,0.441758306365626,0.25531844437898255,0.8489674452416035,6,1.6447121938865508,1.077260805620364,1.862203995809413,6,Early Stage Diabetes Risk Prediction
D013,logistic_regression,C3,1.0,PRIMARY,0.950825052888038,0.9501190356134386,0.016662748743410772,6,0.9721751247716462,0.9730028288500011,0.011125062219203135,6,0.8841051393809659,0.8765689472685605,0.030476352686626455,6,0.9059849335913798,0.9061191769840563,0.02604652945479384,6,0.09900459789413962,0.10011852554445766,0.013346026476086622,6,0.5657261563115156,0.7262179490318792,0.5015126430568078,6,1.5203249200933495,1.161130979345063,1.155626238343698,6,Early Stage Diabetes Risk Prediction
D013,logistic_regression,C4,0.5,0,0.9278689832610395,0.9233046212742686,0.0336037449997958,6,0.9592414332394773,0.961076804815602,0.020399246893234756,6,0.8111279503267471,0.7955066270283662,0.07307604038954324,6,0.8445257620616503,0.8463774948923464,0.0687474604149354,6,0.15835887942297758,0.15996231221343327,0.019759390506280446,6,1.2133562561917117,0.926548159704368,0.8654333086204591,6,4.319925593376273,3.982036157622896,3.489897094083896,6,Early Stage Diabetes Risk Prediction
D013,logistic_regression,C4,0.75,0,0.9328761844226134,0.9391554942755507,0.05528867175089414,6,0.9536056793054265,0.9554300993155055,0.04052249263147435,6,0.843234598195506,0.8421857718291335,0.06927002475943624,6,0.8619132341879,0.8368209255533199,0.06677289605339531,6,0.11847953468243044,0.11468550716334777,0.05339284586129913,6,7.124863033621639,0.07645144851361649,17.09161938248982,6,8.166616265517362,0.6612347879806901,17.6603331396675,6,Early Stage Diabetes Risk Prediction
D013,logistic_regression,C4,1.0,PRIMARY,0.9552877114790972,0.9561211787591912,0.02138633366406357,6,0.9741894491219586,0.9768159247201796,0.013880926912260597,6,0.8824239650588805,0.8924811060586924,0.04054624144699466,6,0.8914429466528758,0.9194890077243019,0.05135430345218844,6,0.091455680435979,0.08732503780331642,0.021262986542556858,6,0.6839451202148901,0.7583452682210043,0.5750073820389132,6,1.3655082625080084,1.425174934105724,0.6473017995056454,6,Early Stage Diabetes Risk Prediction
D013,logistic_regression,C5,0.5,0,0.9207124891839138,0.9132538230159231,0.02869587223150771,6,0.9517566017543113,0.9514082336854661,0.018453928095762566,6,0.8574332950392561,0.8499323975328897,0.05154723910775378,6,0.8993277331317925,0.9047651650006847,0.04789391158607871,6,0.12545596006197682,0.13297386524205046,0.043694336120357974,6,0.7691716709057642,0.9067557907488686,0.6801205553205922,6,1.6342928004750306,0.9980382548476958,1.4221120329115438,6,Early Stage Diabetes Risk Prediction
D013,logistic_regression,C5,0.75,0,0.942634525754297,0.9549124658102411,0.05344218041518099,6,0.96505182606999,0.9691077152578293,0.03133643387930915,6,0.8685857578833184,0.8618812914761008,0.05126682116131577,6,0.8657630676641914,0.8761375774407179,0.0653588696671018,6,0.09825164569769572,0.0933604886895328,0.03213213728433308,6,19.562902577985025,0.7231821988103344,46.38819351651288,6,16.504921039479353,1.535868963820335,37.736741769429905,6,Early Stage Diabetes Risk Prediction
D013,logistic_regression,C5,1.0,PRIMARY,0.9606837053771572,0.963253652106264,0.021023816745344037,6,0.9777268112637776,0.9801693605732619,0.012575991122952409,6,0.8746549488037352,0.8691117008534877,0.034595258447548356,6,0.8938709550363785,0.9039955604883463,0.037680548049965325,6,0.08842385523410949,0.08525767781805935,0.025870217133825337,6,0.9012187057978922,0.9118596604028164,0.3558287804886435,6,1.2001084468642613,1.1800142571961656,0.4350712017393867,6,Early Stage Diabetes Risk Prediction
D013,logistic_regression,C6,1.0,PRIMARY,0.956619370735651,0.9530923289005186,0.01459433572203832,6,0.9754295728862133,0.9742800828767506,0.010651547130374493,6,0.8784129813152517,0.8778448883900847,0.030750492863388254,6,0.8980214957137577,0.898989898989899,0.02296564983130122,6,0.08274964983649934,0.08349043289409419,0.014972946940699073,6,0.3401680177632099,0.4328043107546641,0.3613518203407507,6,0.9066342060026719,0.7713555146570708,0.32103282874662137,6,Early Stage Diabetes Risk Prediction
D013,random_forest,C0,0.5,0,0.926639069895154,0.921474358974359,0.028813782396921287,6,0.9573626789791345,0.957685909812994,0.022990068183820354,6,0.826131273538643,0.8124790969899666,0.03857626362777064,6,0.8808027831102265,0.8830409356725146,0.041581227687785195,6,0.10531105350208268,0.11089026061150181,0.026276633575891526,6,0.21599436641501216,0.16319335652894346,0.4079390297924538,6,1.00391750775467,1.0055124648551104,0.23308628447927462,6,Early Stage Diabetes Risk Prediction
D013,random_forest,C0,0.75,0,0.9339918930131065,0.9443097872388126,0.056726009305250735,6,0.9516230257933854,0.9559853208158398,0.04579417371398982,6,0.8451168346895247,0.8362505791707768,0.05572446031125252,6,0.8695908179784219,0.8552130898021308,0.049425745768455646,6,0.10482196225321128,0.09539640197621681,0.03975036496631899,6,12.258140412758772,0.2980910517160441,29.637457773714317,6,14.507304701125141,1.4914639251964075,32.11209890682978,6,Early Stage Diabetes Risk Prediction
D013,random_forest,C0,1.0,PRIMARY,0.956411060256658,0.9548259186692023,0.016750939458153286,6,0.9751071246431962,0.9761543186057058,0.009485456655214653,6,0.8894095639676681,0.8997195857125913,0.032050386968261055,6,0.9121084081115369,0.9175714316427666,0.03241737607229622,6,0.08254846558571606,0.08152709669991631,0.0120941878977392,6,0.4228255338864803,0.42911692462677264,0.3199293084560807,6,1.500292160872549,1.5577385345407617,0.6236378622651297,6,Early Stage Diabetes Risk Prediction
D013,random_forest,C1,1.0,PRIMARY,0.996606334841629,0.996606334841629,,1,0.9972269064699939,0.9972269064699939,,1,0.9903846153846154,0.9903846153846154,,1,0.9927007299270073,0.9927007299270073,,1,0.04399376543784479,0.04399376543784479,,1,-0.5852545146250189,-0.5852545146250189,,1,3.5523396792309305,3.5523396792309305,,1,Early Stage Diabetes Risk Prediction
D013,random_forest,C2,0.5,0,0.9165956237567492,0.9165956237567492,0.011554032372329206,2,0.9512069434218902,0.9512069434218902,0.007521175181601639,2,0.87057757885763,0.87057757885763,0.007660825812087853,2,0.9105202973127502,0.9105202973127502,0.0020214602092240527,2,0.11008979409932626,0.11008979409932626,0.006646644673226641,2,0.05990600457816843,0.05990600457816843,0.008644997300200404,2,1.0592125722752077,1.0592125722752077,0.26035753263291017,2,Early Stage Diabetes Risk Prediction
D013,random_forest,C2,0.75,0,0.9484053361604381,0.9484053361604381,0.007371552273170189,2,0.9685120118182694,0.9685120118182694,0.0029776762707588566,2,0.8769325912183055,0.8769325912183055,0.018803705374781505,2,0.9109777747814558,0.9109777747814558,0.0015381904406584334,2,0.08967704980227752,0.08967704980227752,0.004332834367671803,2,0.10842405636203027,0.10842405636203027,0.1522104717133707,2,1.2655046536073535,1.2655046536073535,0.22694638100735223,2,Early Stage Diabetes Risk Prediction
D013,random_forest,C2,1.0,PRIMARY,0.96594140625,0.96594140625,0.002137893158743705,2,0.979513987712804,0.979513987712804,0.0016523693304026047,2,0.911875,0.911875,0.0022097086912079927,2,0.9223953941135439,0.9223953941135439,0.011602172670248144,2,0.07501566820195474,0.07501566820195474,0.0020269116259520412,2,0.12431001310224189,0.12431001310224189,0.20886044661863998,2,1.4388360325885985,1.4388360325885985,0.05570212334283624,2,Early Stage Diabetes Risk Prediction
D013,random_forest,C3,0.5,0,0.9265506614836667,0.917143564969652,0.020878336160822773,6,0.9583697751057523,0.9588036906584267,0.01748769313591957,6,0.8092460519432764,0.8124979187479188,0.025036457613909397,6,0.8597286425015812,0.8733790999237223,0.05646308671312606,6,0.10280565759681305,0.10792638088903153,0.026735713000220953,6,0.25912579819135667,0.2615207998018292,0.33135633005616416,6,1.1785670013824017,1.1009057699768519,0.4094400919186629,6,Early Stage Diabetes Risk Prediction
D013,random_forest,C3,0.75,0,0.9367515285460438,0.9383946670515351,0.04804919054344986,6,0.9542417266158957,0.9554524764233746,0.041090187880827994,6,0.8639387831254091,0.8889503988374045,0.06141726630121163,6,0.8909192071359975,0.9126356589147286,0.04805520482026534,6,0.09845546911869531,0.08871358524626091,0.04117047523626066,6,0.5311186917423137,-0.10805934521276792,1.4244084330817521,6,1.5250216717053895,1.088686040834812,1.027994566846926,6,Early Stage Diabetes Risk Prediction
D013,random_forest,C3,1.0,PRIMARY,0.9544048506099037,0.9546978668433892,0.010776241149078453,6,0.9738946378166701,0.9754206297733703,0.008671840538196383,6,0.8834598239042828,0.8836607330166117,0.032773779509715294,6,0.9104866439064795,0.9099025974025974,0.01764376035249065,6,0.08247022962993984,0.0817851085032126,0.012187048217082648,6,0.36872282252420047,0.36701534161248217,0.31019362084990676,6,1.2814310649878966,1.107758263305107,0.3324375122236071,6,Early Stage Diabetes Risk Prediction
D013,random_forest,C4,0.5,0,0.9092194502623133,0.899890839836492,0.04264154470709573,6,0.9455023091463101,0.9555975585804206,0.03609524301938985,6,0.8343780195007294,0.83075608422204,0.05957618288849682,6,0.8706120981022498,0.8693598633303186,0.06036898982534209,6,0.12580903289133885,0.13516874151199976,0.031221024316247264,6,0.6291465933259088,0.5383449888155671,0.47254701693817275,6,1.3572978191709468,0.9028823344278696,1.4748498776885277,6,Early Stage Diabetes Risk Prediction
D013,random_forest,C4,0.75,0,0.9210161600862091,0.9382277234104565,0.06865264666376555,6,0.92987295770128,0.9514452846236485,0.08242887334429357,6,0.8379893095843279,0.817180540609213,0.06580631440960887,6,0.87031297318739,0.847192745514181,0.062511452396328,6,0.11339986419328278,0.10003842557124562,0.04782948859822524,6,1.1452080565312024,0.27374888347718807,2.2841870396547708,6,1.51268500952635,0.9303651684402638,1.4117633682302582,6,Early Stage Diabetes Risk Prediction
D013,random_forest,C4,1.0,PRIMARY,0.9513914170583302,0.9526630194518125,0.01249023703512099,6,0.9706252027946513,0.9726998649840795,0.008906552847286002,6,0.8685583706232342,0.8726515505297489,0.02230899781462606,6,0.887222279515811,0.8932588243616043,0.03381349532469169,6,0.08683121494357153,0.08263756134196451,0.015832490347075293,6,0.49172462632358976,0.4415217197799634,0.3640463681302545,6,1.1667779115773387,1.1701778921096548,0.3005479088772542,6,Early Stage Diabetes Risk Prediction
D013,random_forest,C5,0.5,0,0.97130712287945,0.9843308865047995,0.035507769369176156,6,0.9874878365258386,0.9883338898690787,0.01260699772833446,6,0.8951110859967163,0.912904929209277,0.05804286776097471,6,0.9113776036752345,0.9248863940122962,0.05607852220647756,6,0.06992154687134602,0.06410233502805393,0.02697046496184136,6,4.802098808839447,1.810027646905076,6.7194106662011075,6,4.31577446194652,2.109562280432092,5.957136115745613,6,Early Stage Diabetes Risk Prediction
D013,random_forest,C5,0.75,0,0.9868017026203457,0.9865767045454545,0.00902901094903622,6,0.990900842139053,0.9900413620912031,0.006610593612082622,6,0.9114680610936358,0.9149655032467533,0.049513703192585835,6,0.9120421029541298,0.924096622152396,0.05657090209032136,6,0.06298273653378601,0.06152106046711707,0.011345342842843166,6,33.03644805140583,1.3020487861319614,78.28953348129451,6,20.87132235990993,1.5782766817930587,46.151925232038415,6,Early Stage Diabetes Risk Prediction
D013,random_forest,C5,1.0,PRIMARY,0.9723330334528449,0.9760427841364696,0.01458020712800862,6,0.9835760079916352,0.9871557077969759,0.010052349635577685,6,0.901829005502198,0.9208273595116845,0.052265499619879856,6,0.9081125894679221,0.9387267451783581,0.0640158776992868,6,0.07581159001109403,0.07468213521399056,0.02503083615332874,6,1.0226829375989157,1.038967552417678,0.35968887793803817,6,1.5394419358897542,1.6904172503947037,0.3941592379890621,6,Early Stage Diabetes Risk Prediction
D013,random_forest,C6,1.0,PRIMARY,0.9676387907300411,0.9682483385921383,0.014036327146261254,6,0.9815105561738219,0.9805502553165952,0.007902016941471347,6,0.9267071051335702,0.9244649062064414,0.017285216568342063,6,0.940622021004171,0.9363408521303258,0.0187448623001147,6,0.06451970885624994,0.06876556603174602,0.013640968673400812,6,0.1844072342702661,0.17311042093082557,0.35086487833028557,6,1.2908889728169117,1.1927361593980443,0.3245474032243171,6,Early Stage Diabetes Risk Prediction
D014,gradient_boosted_trees,C0,0.5,0,0.7419579258143907,0.7492662184151546,0.03323931057837089,6,0.780214407800194,0.7847073710213784,0.03476280259975175,6,0.6636371217729438,0.6625432571481203,0.039403696987362395,6,0.6177159907300663,0.6236599351782598,0.06638387476832065,6,0.22321474549403642,0.22423815036688766,0.02326330457918076,6,0.09260071495786926,0.031148128823382297,0.21679356276024472,6,0.5055026311220346,0.4921292053655099,0.13883606958965053,6,Diabetic Retinopathy Debrecen
D014,gradient_boosted_trees,C0,0.75,0,0.7415723625346166,0.746638712165028,0.023003021794309332,6,0.7905794196880215,0.7893835728963605,0.01173828019799639,6,0.6637569018499706,0.6672443650933353,0.01922468817351775,6,0.6414748635085241,0.6441276115189158,0.04471687293183556,6,0.22599146499091263,0.2258884096110259,0.011499013590819833,6,-0.0020192428214359653,0.05352552736697835,0.22748130457844212,6,0.44057013359020725,0.4176461260592034,0.05703009640343099,6,Diabetic Retinopathy Debrecen
D014,gradient_boosted_trees,C0,1.0,PRIMARY,0.7639696311336294,0.7666526319156555,0.01347609867949555,6,0.8109482526113622,0.806964273976447,0.016403312940182456,6,0.7033299572326005,0.7012916767255892,0.014429259249421353,6,0.6662109189996822,0.6528405238082657,0.03545659635203591,6,0.20611177846815656,0.2054243003682078,0.01165575053323656,6,0.07406745324466348,0.08746519323300173,0.1012928499298931,6,0.5720978339452677,0.5356359077934821,0.15676717188778233,6,Diabetic Retinopathy Debrecen
D014,gradient_boosted_trees,C1,1.0,PRIMARY,0.7761894125530487,0.7761894125530487,,1,0.7861800609547214,0.7861800609547214,,1,0.7397811034174671,0.7397811034174671,,1,0.7222222222222222,0.7222222222222222,,1,0.18885903871692247,0.18885903871692247,,1,-0.17478021699891524,-0.17478021699891524,,1,0.6738132557077224,0.6738132557077224,,1,Diabetic Retinopathy Debrecen
D014,gradient_boosted_trees,C2,0.5,0,0.7448353212170914,0.7448353212170914,0.0018249237348968873,2,0.7855270573129385,0.7855270573129385,0.010788951786400497,2,0.6956186157575466,0.6956186157575466,0.006472509882181276,2,0.6757745477926869,0.6757745477926869,0.02549934807805154,2,0.21773827245719457,0.21773827245719457,0.014735525681951933,2,-0.05563730123626819,-0.05563730123626819,0.05186081248281727,2,0.5442942881783311,0.5442942881783311,0.23661598332789652,2,Diabetic Retinopathy Debrecen
D014,gradient_boosted_trees,C2,0.75,0,0.7538102314303188,0.7538102314303188,0.01710619845799361,2,0.7935513382151731,0.7935513382151731,0.01281330753813923,2,0.6994061349956546,0.6994061349956546,0.02075731632379201,2,0.6942013619867065,0.6942013619867065,0.0010899415376932882,2,0.2226889884880353,0.2226889884880353,0.018634628037697866,2,-0.008628420084766093,-0.008628420084766093,0.04269622099160394,2,0.38519429756883905,0.38519429756883905,0.06603443973148787,2,Diabetic Retinopathy Debrecen
D014,gradient_boosted_trees,C2,1.0,PRIMARY,0.7716372673819483,0.7716372673819483,0.005492861369282513,2,0.8132314202810061,0.8132314202810061,0.0036769631950437334,2,0.7157680184275929,0.7157680184275929,0.0018259531356336221,2,0.6990455337002286,0.6990455337002286,0.00922740136363997,2,0.19267503520451107,0.19267503520451107,0.0012709634267152833,2,0.0729755823449431,0.0729755823449431,0.02545507973153706,2,0.8403011583890065,0.8403011583890065,0.02471708678438018,2,Diabetic Retinopathy Debrecen
D014,gradient_boosted_trees,C3,0.5,0,0.7405979885421465,0.7289697974138163,0.039516322741739225,6,0.7805305181753499,0.7704717709576294,0.04353068504348774,6,0.6629526824443394,0.6614849231228541,0.031432361625284067,6,0.621703539679095,0.613078034682081,0.04967987356599569,6,0.2231732759802089,0.21642382856315234,0.030983937167778197,6,0.057774215352437285,0.036105262268285136,0.1756403638475936,6,0.5591063010921667,0.4994057102375043,0.2601355169464753,6,Diabetic Retinopathy Debrecen
D014,gradient_boosted_trees,C3,0.75,0,0.7430699523047403,0.7543025307484267,0.03548369300987329,6,0.7912836787604642,0.792085212717276,0.02562629196371027,6,0.6686556275591361,0.6735980349774687,0.03522042849993526,6,0.6277200606064854,0.6364180078294911,0.05818188516208019,6,0.23472548441355856,0.23075340139174966,0.02812189959292384,6,0.02016906780307627,0.07442301774066346,0.2022020103984034,6,0.3967713379502443,0.3732833912946819,0.1720883343912449,6,Diabetic Retinopathy Debrecen
D014,gradient_boosted_trees,C3,1.0,PRIMARY,0.7633512495311675,0.759218028880216,0.022563890374009868,6,0.8083461723844135,0.7970689411809695,0.022865270427744274,6,0.6948290015622164,0.6857145933875222,0.024240042155909997,6,0.6686177007022488,0.6742424242424242,0.05032858247084055,6,0.21688087160044126,0.21520563191234998,0.03080521934172368,6,0.03146071815479433,0.04462703645031653,0.06209756438305623,6,0.48953225864838085,0.4433854131703487,0.24540316455386563,6,Diabetic Retinopathy Debrecen
D014,gradient_boosted_trees,C4,0.5,0,0.7373695270349355,0.7470841173348772,0.037986326528336695,6,0.7749680322653648,0.7836665124327535,0.03283736198057852,6,0.646133567339484,0.6381130837247859,0.03362562429168542,6,0.5645987238735349,0.5598732643742428,0.0859171996252981,6,0.21297172299492487,0.20498679619652543,0.018399922374785983,6,0.03583081877670441,0.011877704496772022,0.15565848824344553,6,0.6751090635934479,0.6479664813305008,0.23817029724698432,6,Diabetic Retinopathy Debrecen
D014,gradient_boosted_trees,C4,0.75,0,0.7476505668365213,0.7504219984016469,0.025492462898805798,6,0.7932029812121856,0.7926137380486201,0.01636078758560955,6,0.6674963041780572,0.6698781556001122,0.019866812298910377,6,0.628431042264558,0.6412017646730329,0.0534060683798787,6,0.21840188394652282,0.21575390321888285,0.01550647583846979,6,0.004340842248188033,0.08044012113705444,0.20165962375910795,6,0.5064390289848362,0.5390894861096611,0.12058388789460475,6,Diabetic Retinopathy Debrecen
D014,gradient_boosted_trees,C4,1.0,PRIMARY,0.7668249904662315,0.7720748131996837,0.013696418632244573,6,0.8083088484122443,0.8087625314459108,0.014149864298886837,6,0.6935215901079316,0.694464024209489,0.014474787083832095,6,0.6607385341239865,0.6684810287751464,0.048049799972717445,6,0.2090097981374149,0.20336435309452333,0.019488005340882932,6,0.034971959927057324,0.04083933196759295,0.1183681582426501,6,0.6137255505238115,0.5721132632938332,0.30811958797735,6,Diabetic Retinopathy Debrecen
D014,gradient_boosted_trees,C5,0.5,0,0.7376276682037574,0.7446638552261653,0.04190505152998381,6,0.7795658588519574,0.785696952854607,0.03414590065012891,6,0.6718958786485429,0.6652173329035032,0.03294012990962508,6,0.6059630427042918,0.6253557649737524,0.06740838306024176,6,0.2220330815536127,0.2274041674650483,0.019596073397722246,6,0.06963765039738799,0.00912533283607769,0.25168359942428953,6,0.634167873692073,0.5786459545473885,0.3665428495657857,6,Diabetic Retinopathy Debrecen
D014,gradient_boosted_trees,C5,0.75,0,0.7756733623893943,0.7726635764069263,0.014707035826494344,6,0.8145862618392651,0.8180601515217633,0.020714758508109096,6,0.6879084847959173,0.682806246968227,0.02940745991087986,6,0.6414698658955343,0.6514146473534588,0.06576783566671757,6,0.2050694849365204,0.20458882027594452,0.00577299430826441,6,0.1171576358942865,0.1497642910123761,0.22767412152316327,6,0.5394837350749582,0.5046060873727265,0.10091994298226074,6,Diabetic Retinopathy Debrecen
D014,gradient_boosted_trees,C5,1.0,PRIMARY,0.780329767453057,0.7762882648773797,0.014913160951467903,6,0.8225166410056314,0.8187949816852035,0.01710817124273118,6,0.7055995770963649,0.6977810281028103,0.019289531882547357,6,0.6849744181032486,0.7023844067368952,0.04458906652160983,6,0.20251997461608515,0.19944320384930211,0.014329027383435724,6,0.11226107864439056,0.10508317583013763,0.09773657441231119,6,0.5758897312389991,0.5344629839895674,0.20815649981561798,6,Diabetic Retinopathy Debrecen
D014,gradient_boosted_trees,C6,1.0,PRIMARY,0.7620323758574439,0.760480986680953,0.02116983914519118,6,0.8100010922532676,0.8097779494712161,0.014902669112886888,6,0.682214363303801,0.6762906388677341,0.017400968342697616,6,0.6947827340466848,0.6919296987087518,0.018937574081430496,6,0.23994895962225735,0.24343443225205297,0.016675059889711727,6,0.012740624926487304,-0.024192473436440168,0.10890586704893436,6,0.28203340965430085,0.28473460737583667,0.03995500861023235,6,Diabetic Retinopathy Debrecen
D014,logistic_regression,C0,0.5,0,0.8180722974463186,0.8156948491917311,0.014973779940553773,6,0.8533523914458329,0.8532364102943495,0.01901963225585998,6,0.7376827943350442,0.7316457623879099,0.018348740092209406,6,0.7012973109389827,0.6935117967332123,0.029023493123256316,6,0.16997976544138693,0.17078447430481086,0.008352915299292656,6,0.05288225543481243,0.06408448264282107,0.11589352999117362,6,1.084840559198407,0.9874256257965321,0.19654528805656202,6,Diabetic Retinopathy Debrecen
D014,logistic_regression,C0,0.75,0,0.8087346325892847,0.8098768495901565,0.016463824322741863,6,0.8577684309005192,0.856827954610559,0.011573666418199208,6,0.7303697874661507,0.732194669365722,0.0204949754103906,6,0.7175768426819794,0.7282880403623437,0.03457735675532165,6,0.17731205336276298,0.1749663766832349,0.006561549621306682,6,0.11219270582662692,0.15515326933763504,0.2683795628792621,6,0.8878284605014527,0.9504487501971128,0.3763474384628448,6,Diabetic Retinopathy Debrecen
D014,logistic_regression,C0,1.0,PRIMARY,0.8171229830611321,0.8176317845487591,0.010621180454808215,6,0.8610839499698207,0.8573883104721389,0.013613348783472872,6,0.7437788970617922,0.7428023089351671,0.010902823890759047,6,0.7275027671392952,0.7210242587601079,0.021334322961826965,6,0.1712150494853374,0.17147911542321098,0.003225276212087707,6,0.09522543736864254,0.06581336839755506,0.08314839796377725,6,0.9740741495979665,0.9136643081106293,0.1598513798431782,6,Diabetic Retinopathy Debrecen
D014,logistic_regression,C1,1.0,PRIMARY,0.8225746407564589,0.8225746407564589,,1,0.8435449858359558,0.8435449858359558,,1,0.7476732931278386,0.7476732931278386,,1,0.7264150943396226,0.7264150943396226,,1,0.165523476675994,0.165523476675994,,1,-0.13538732997314923,-0.13538732997314923,,1,0.8621075998334167,0.8621075998334167,,1,Diabetic Retinopathy Debrecen
D014,logistic_regression,C2,0.5,0,0.8021020513995587,0.8021020513995587,0.006711284950298585,2,0.8429812551042388,0.8429812551042388,0.005913556500687755,2,0.7478985515985479,0.7478985515985479,0.003206408057576034,2,0.726838148441517,0.726838148441517,0.03397917273721986,2,0.17447793504776538,0.17447793504776538,0.0016166889986413077,2,-0.026868784414197593,-0.026868784414197593,0.04564851422590993,2,0.8438417078672001,0.8438417078672001,0.11599523374544604,2,Diabetic Retinopathy Debrecen
D014,logistic_regression,C2,0.75,0,0.8118770318551978,0.8118770318551978,0.0021489436581558236,2,0.854078746048391,0.854078746048391,0.0012288070236262212,2,0.7458115618595967,0.7458115618595967,0.0014509637232913509,2,0.7375653317642172,0.7375653317642172,0.006549505889222192,2,0.1755127069761393,0.1755127069761393,0.00026671887418837917,2,0.09727229183976571,0.09727229183976571,0.014803998238263831,2,0.9187993349430219,0.9187993349430219,0.025682490453390508,2,Diabetic Retinopathy Debrecen
D014,logistic_regression,C2,1.0,PRIMARY,0.8177986906710311,0.8177986906710311,0.000852968718288887,2,0.8620078484426918,0.8620078484426918,0.0003858350797669802,2,0.7511714251075954,0.7511714251075954,0.001553774675274972,2,0.7468998729793204,0.7468998729793204,0.0062161245305393685,2,0.17135257903653267,0.17135257903653267,0.00034570254088557605,2,0.13581003657450602,0.13581003657450602,0.009675427613253353,2,0.9799326155373456,0.9799326155373456,0.0188770873917447,2,Diabetic Retinopathy Debrecen
D014,logistic_regression,C3,0.5,0,0.8160963349401511,0.8227213515967315,0.023862425426037944,6,0.8523895091299533,0.8580968116402736,0.024850076772854914,6,0.7382120146553618,0.7422831596660335,0.03685233392140148,6,0.7113609148908547,0.7152566033577018,0.03817195565437044,6,0.17033245600056415,0.1668212215510705,0.01082472546520388,6,0.006349162880240793,-0.0011768871992153193,0.12413770827504017,6,0.91802932954671,0.8532837415440911,0.21165131631814116,6,Diabetic Retinopathy Debrecen
D014,logistic_regression,C3,0.75,0,0.8076398942311959,0.810476705407907,0.01641481818650273,6,0.8565131021554038,0.856164519669691,0.010658693143971823,6,0.7293400204522876,0.7303888938236298,0.012557222865814004,6,0.7110180321268204,0.7183708048224178,0.026292484092578606,6,0.1784578617774311,0.17791029319756946,0.007315167396895178,6,0.14006363918882042,0.19260369632623414,0.29312533407338753,6,0.9648635682785315,0.9927007368397202,0.42520148126115676,6,Diabetic Retinopathy Debrecen
D014,logistic_regression,C3,1.0,PRIMARY,0.8201232674126375,0.8192042888233341,0.012461619099667592,6,0.8637403198892909,0.8578893858222973,0.014295215910324182,6,0.7480410402401517,0.7482212943029503,0.00894760798752324,6,0.7358962464897534,0.7275252525252525,0.022719339503066104,6,0.17016597593238145,0.17077713869084526,0.0048686119633513094,6,0.10068066927777924,0.07289196699335164,0.10012451788300775,6,0.9230541339502789,0.847691252451521,0.1902442494518963,6,Diabetic Retinopathy Debrecen
D014,logistic_regression,C4,0.5,0,0.812155834806778,0.8117665642361691,0.01902305933736252,6,0.8458787169423908,0.8508636443551599,0.02760354103554216,6,0.7428305865371345,0.7457367154431467,0.03058995330455159,6,0.7090115604716244,0.7131275909719024,0.034385099656777496,6,0.173417117025376,0.17444533795995004,0.00983858726950212,6,0.04771508331938196,0.05435078542113026,0.09827493742950573,6,0.9745600906484091,0.9732627970158743,0.27006763726563837,6,Diabetic Retinopathy Debrecen
D014,logistic_regression,C4,0.75,0,0.8088316024589219,0.8070009178035491,0.014550112918167702,6,0.8569937057616638,0.8611621800323872,0.01531851676768006,6,0.7258568092144678,0.7229849990353078,0.02718903002285479,6,0.7242279527624356,0.7203205128205128,0.03116129356906816,6,0.17759120485679836,0.1764494379913938,0.005564703065217874,6,0.1590203239168535,0.2155076614751067,0.27868101745910906,6,0.9791895567536321,1.0775131738337675,0.3788082203603654,6,Diabetic Retinopathy Debrecen
D014,logistic_regression,C4,1.0,PRIMARY,0.8199058167919002,0.8226006454298365,0.009388514826311091,6,0.8633007466061019,0.8609089860642491,0.01125271567596779,6,0.7423107476515566,0.7399493625833171,0.011533568687119918,6,0.7328169163528434,0.7291910984531189,0.025482442493474325,6,0.1705098234307312,0.17091201265468325,0.002868704654683649,6,0.1136328957872589,0.09397163459677671,0.0746747674211529,6,0.9811734759597398,0.938059905822179,0.15741448667534763,6,Diabetic Retinopathy Debrecen
D014,logistic_regression,C5,0.5,0,0.817608406578168,0.8188550726544648,0.01907501442810925,6,0.8528393578453567,0.8514985285049739,0.022153864134116005,6,0.7487985985912449,0.7510636104861028,0.013308267609989984,6,0.7237480391047124,0.7306308621354234,0.030408773896351,6,0.16987533268802021,0.1704070523912871,0.00767462401824173,6,0.05006061092981057,0.017140580205851297,0.1645940304001425,6,0.953355776735009,0.9132837879467195,0.25476807205648905,6,Diabetic Retinopathy Debrecen
D014,logistic_regression,C5,0.75,0,0.8144245105316134,0.8154937217857184,0.014100269825386232,6,0.8601139774517996,0.8602504534919064,0.01007686996246593,6,0.7338634771674188,0.7335589283382152,0.016359825524654044,6,0.7217308399655712,0.7260143953175671,0.02134048845705222,6,0.17673811725373456,0.1741607834248633,0.007171667991957404,6,0.2347679978399145,0.3130467394849507,0.3374425094126531,6,1.107376619933208,1.2445252977986372,0.3460437876781707,6,Diabetic Retinopathy Debrecen
D014,logistic_regression,C5,1.0,PRIMARY,0.8214524595181271,0.8192450148467987,0.012276435377346247,6,0.8646537139995124,0.8618141002077022,0.014176486527396528,6,0.740784569066847,0.7414714154702255,0.012562704449439141,6,0.7366856502291464,0.73307548825982,0.026666398945402715,6,0.17020305794496424,0.17113756230389446,0.003998410234810811,6,0.18018246361388432,0.1729151715874764,0.09338898365239316,6,0.9673857201453089,0.9356750630610908,0.14819275608518173,6,Diabetic Retinopathy Debrecen
D014,logistic_regression,C6,1.0,PRIMARY,0.7942261378256105,0.7953406960149205,0.018758161321568444,6,0.8430073287419448,0.8456776286184918,0.013404478675022041,6,0.7161079292126139,0.71673180820451,0.00965083699936962,6,0.6800541185168666,0.6777260644330131,0.008972335683489896,6,0.1832441084077102,0.1830038414796582,0.0034494391834546797,6,0.22196806227340019,0.2673434526250575,0.10818406822272092,6,1.3927358250334005,1.3542314698272535,0.26709848484904514,6,Diabetic Retinopathy Debrecen
D014,random_forest,C0,0.5,0,0.7252961599048436,0.7319965329847666,0.026147093497809692,6,0.7600533143067224,0.7526147154843981,0.017734221347880073,6,0.6603367221551905,0.6617035503206293,0.015609586974036587,6,0.6294520139006385,0.6309523809523809,0.02419906359077873,6,0.21305822241123998,0.20947901463144086,0.008051558133454425,6,0.09576082307530098,0.04224399233073565,0.17945947194426812,6,0.9215075939733074,0.9239727403170299,0.27229730335357233,6,Diabetic Retinopathy Debrecen
D014,random_forest,C0,0.75,0,0.7152466654390345,0.7115404192367485,0.019604011264046792,6,0.7685488900061715,0.7672038442730029,0.009456389710607603,6,0.6429405975420909,0.6421194891695741,0.010771430844946287,6,0.6322011219159079,0.6275007082248513,0.06501303390351806,6,0.21440201113874535,0.21678235685411718,0.005535097515617065,6,0.05243045214317016,0.09001318571625083,0.19216469201834505,6,0.8860279397508141,0.8131608093793136,0.17520475250417913,6,Diabetic Retinopathy Debrecen
D014,random_forest,C0,1.0,PRIMARY,0.7565634339782837,0.7523838504137708,0.023981274467259665,6,0.8006848069858407,0.7947560633358968,0.027867522731637555,6,0.6876265988373942,0.6879813808261129,0.013420183383301126,6,0.6684739662546856,0.6525456766379916,0.037933751175082096,6,0.20224191135728206,0.19873709233193554,0.015065627016143198,6,0.08638546139271715,0.11199392340080216,0.07518396798232292,6,0.7964800924905902,0.7553755642624134,0.3174092629677902,6,Diabetic Retinopathy Debrecen
D014,random_forest,C1,1.0,PRIMARY,0.7888094706276525,0.7888094706276525,,1,0.7963407521889705,0.7963407521889705,,1,0.7525872980418435,0.7525872980418435,,1,0.7083333333333334,0.7083333333333334,,1,0.18597697087888926,0.18597697087888926,,1,-0.07626392794717043,-0.07626392794717043,,1,0.8874972202257251,0.8874972202257251,,1,Diabetic Retinopathy Debrecen
D014,random_forest,C2,0.5,0,0.721083225798671,0.721083225798671,0.008365655065111681,2,0.7566579105453812,0.7566579105453812,0.008125398678522118,2,0.6851083587597535,0.6851083587597535,0.003308740229626191,2,0.6668975834061223,0.6668975834061223,0.014638657297537843,2,0.21089339157212766,0.21089339157212766,0.003677071991393499,2,0.024284276000240707,0.024284276000240707,0.035968944749963074,2,0.9331245238798771,0.9331245238798771,0.13079765567370183,2,Diabetic Retinopathy Debrecen
D014,random_forest,C2,0.75,0,0.7363537117903931,0.7363537117903931,0.006553045312381293,2,0.777947376734254,0.777947376734254,0.002766967539615991,2,0.6777142366662017,0.6777142366662017,0.00974895887283363,2,0.6455159562077801,0.6455159562077801,0.005007231807144394,2,0.20790516881427068,0.20790516881427068,0.0038573920873560628,2,0.06208980952568066,0.06208980952568066,0.0059100901977625145,2,0.7936927406845047,0.7936927406845047,0.14172271908635575,2,Diabetic Retinopathy Debrecen
D014,random_forest,C2,1.0,PRIMARY,0.7621120506758805,0.7621120506758805,0.006119729083100524,2,0.7987385054638787,0.7987385054638787,0.008168556012860716,2,0.7031278414257137,0.7031278414257137,0.005117812309733479,2,0.6884188919968608,0.6884188919968608,0.019465962543279643,2,0.1984644212943392,0.1984644212943392,0.004684416956771051,2,0.12002189044398998,0.12002189044398998,0.0059000337630856015,2,0.9032086694149718,0.9032086694149718,0.289975766902483,2,Diabetic Retinopathy Debrecen
D014,random_forest,C3,0.5,0,0.7327320139892594,0.7277637198077762,0.0178961784599752,6,0.7592116469037974,0.7585449638692092,0.019069596140280008,6,0.6571506126514502,0.6581936933380702,0.014846512352528717,6,0.6215145679762125,0.6260589318600368,0.02001010639329366,6,0.21001112211910986,0.21125106151363116,0.003783436495968168,6,0.07718003760915358,0.034435135873252934,0.1956055085786976,6,0.8626676333655103,0.8230438052101341,0.12718968379990256,6,Diabetic Retinopathy Debrecen
D014,random_forest,C3,0.75,0,0.7228365636903146,0.721407378535525,0.022118593073102693,6,0.7676810954043178,0.7708563294038974,0.010028230661694627,6,0.6505207422458629,0.6481600996376811,0.019328518925510022,6,0.6411154874897117,0.681370578778135,0.08542686665336913,6,0.21540988429984817,0.21551245336768882,0.008695150696875627,6,0.040057445002951816,0.07674247595945054,0.19868782540489605,6,0.8251785645622304,0.7156779568776622,0.3248481062873052,6,Diabetic Retinopathy Debrecen
D014,random_forest,C3,1.0,PRIMARY,0.7618936657477334,0.7518343871947364,0.03256149123355809,6,0.80650537092187,0.8025823545841055,0.033284636744991034,6,0.6936214590774951,0.6876312077264537,0.028489174499271498,6,0.6668038767861842,0.6549014394493312,0.043161716997969043,6,0.19649701004205533,0.20112531884544593,0.013138449310750377,6,0.08484729854777741,0.0795400049437105,0.06750946532931339,6,0.870873630827054,0.8508746991170888,0.24757096372855744,6,Diabetic Retinopathy Debrecen
D014,random_forest,C4,0.5,0,0.7184518054075327,0.7209838569950437,0.020822552273487966,6,0.756279927606557,0.7515605907762828,0.02084912445166557,6,0.6532270342579783,0.6508612552527506,0.022885503937433126,6,0.6147918129710335,0.6235203733211928,0.050246446746484735,6,0.21333991330446467,0.2112944065167802,0.007359866584697496,6,0.0529465372721882,0.0013462995182592676,0.17991409958563112,6,0.8822929231648414,0.827176264396986,0.17370402102788443,6,Diabetic Retinopathy Debrecen
D014,random_forest,C4,0.75,0,0.7279213979282558,0.7297072509558673,0.026760609148905955,6,0.771415941446493,0.7661154061446172,0.015025367552386221,6,0.655674703101914,0.6606798140837042,0.02411847946981679,6,0.6070790713339368,0.608550185873606,0.04045522423512578,6,0.21143040663178522,0.21228662678913102,0.00947914763249706,6,0.046048920205443156,0.10016396298299389,0.18312118028769417,6,0.7809870557468609,0.790783507344872,0.09599552658283764,6,Diabetic Retinopathy Debrecen
D014,random_forest,C4,1.0,PRIMARY,0.7569729678322226,0.7639460831647915,0.01990515508332004,6,0.7992109285869303,0.8058516055222803,0.021744374940882553,6,0.6785387432890039,0.6783080105808021,0.02839798309185343,6,0.6584905906298898,0.6498205522595766,0.03575920842712456,6,0.1989884349526989,0.19795878594300015,0.006795553904800138,6,0.10286722550056238,0.10146498493477393,0.08436559249200663,6,0.9365239046020211,0.8815107203170438,0.1699278732221531,6,Diabetic Retinopathy Debrecen
D014,random_forest,C5,0.5,0,0.7284658543781487,0.7276462649521575,0.015060019576139205,6,0.7677216369147132,0.7723080977100482,0.02086945368225114,6,0.6643421397516228,0.664108459710991,0.009942634539462947,6,0.6088916797858936,0.6306698950766747,0.039112509234604236,6,0.21067547688772112,0.21310057376537928,0.006957383224795662,6,0.11553362023030554,0.024707417636830847,0.21193036762319944,6,0.9555351868200143,1.0082871551989006,0.23953056673323134,6,Diabetic Retinopathy Debrecen
D014,random_forest,C5,0.75,0,0.7502070597823142,0.7479987701168053,0.02306148759829732,6,0.790417082089919,0.7944803155165522,0.024758887910549667,6,0.6654420344519053,0.6575280817972351,0.03447837093510955,6,0.661843581369783,0.6735671881226563,0.04950636062023421,6,0.20389044949132984,0.20432579484313845,0.0069673269764443475,6,0.17151911973569242,0.24151735094298055,0.22209153714477364,6,0.9527271130322935,0.9172903746617693,0.18790214894289145,6,Diabetic Retinopathy Debrecen
D014,random_forest,C5,1.0,PRIMARY,0.7732933422731231,0.770314050804183,0.010051149826222308,6,0.8148920264625942,0.8152798264341155,0.01826334461886737,6,0.7008209622352136,0.696107044956475,0.017121071498294095,6,0.6864149645070324,0.6863233665559247,0.02584181980382842,6,0.19404146500261343,0.1938794101903209,0.006073135129943642,6,0.1961221586879243,0.15713596154583892,0.11887562380835434,6,0.9647153941844139,1.0911772289241175,0.23504718591510654,6,Diabetic Retinopathy Debrecen
D014,random_forest,C6,1.0,PRIMARY,0.7447033642460879,0.7472400598614666,0.01445888700436511,6,0.7913435521892893,0.7929470907665008,0.015561265169814162,6,0.6842214217006263,0.685852915038374,0.018515612844631962,6,0.6830395158730602,0.6915804457286112,0.022136978564174997,6,0.20220142081527678,0.20102464257207409,0.005219336076526479,6,0.06067128608706324,0.025659601079285464,0.08772286270868973,6,0.9799162126988133,1.0231931538710493,0.09924193996419671,6,Diabetic Retinopathy Debrecen
D015,gradient_boosted_trees,C0,0.75,0,0.6204455835280782,0.6282424812030076,0.058130566920036264,6,0.22373222917397265,0.2233418873541474,0.02713429048490029,6,0.5801628269634259,0.5770124716553289,0.07198370499077687,6,0.2468269119229298,0.2763088313061872,0.07558935325743345,6,0.21184270457470203,0.20682184432523087,0.02768901103825017,6,-1.604551475131063,-1.5148133012070724,0.4145167353787438,6,0.3091183150198477,0.23190852357103525,0.2662024915712615,6,Thoracic Surgery Data
D015,gradient_boosted_trees,C0,1.0,PRIMARY,0.5881652352455703,0.5761851255088195,0.026460612402736474,6,0.23708196740223997,0.22915675198714344,0.05744259590758819,6,0.5500552658396135,0.5504913992656449,0.023260310730953047,6,0.2565375232483663,0.2761904761904762,0.060940066174447693,6,0.21788389189776944,0.22126008042049852,0.018573097098465684,6,-1.6635799452893902,-1.647557861290811,0.24161677605008083,6,0.4854010976959165,0.3586008930961878,0.36989413186921644,6,Thoracic Surgery Data
D015,gradient_boosted_trees,C1,1.0,PRIMARY,0.5792682926829269,0.5792682926829269,,1,0.17564888762920775,0.17564888762920775,,1,0.589430894308943,0.589430894308943,,1,0.26666666666666666,0.26666666666666666,,1,0.20279339887562575,0.20279339887562575,,1,-1.7250045673994228,-1.7250045673994228,,1,0.07779301050300931,0.07779301050300931,,1,Thoracic Surgery Data
D015,gradient_boosted_trees,C2,0.75,0,0.5836634295936621,0.5836634295936621,0.007092752660764538,2,0.21104364104008433,0.21104364104008433,0.020117898229424037,2,0.6047789419882443,0.6047789419882443,0.021504141824993456,2,0.3115048712047167,0.3115048712047167,0.01890552544207181,2,0.19836285800747872,0.19836285800747872,0.03980210373716704,2,-1.5494143549404946,-1.5494143549404946,0.17890655572226513,2,0.19186217913396583,0.19186217913396583,0.11160463587877303,2,Thoracic Surgery Data
D015,gradient_boosted_trees,C2,1.0,PRIMARY,0.5918392857142858,0.5918392857142858,0.018814091142284942,2,0.19305832358956357,0.19305832358956357,0.007208965159668236,2,0.6016964285714286,0.6016964285714286,0.003156726701725569,2,0.30999929763772155,0.30999929763772155,0.005727973832101356,2,0.20075843068856325,0.20075843068856325,0.0365416499377186,2,-1.5904701424172898,-1.5904701424172898,0.115871535878466,2,0.34966326762396094,0.34966326762396094,0.3598371025792319,2,Thoracic Surgery Data
D015,gradient_boosted_trees,C3,0.75,0,0.5947548722711482,0.5794674945449878,0.08613971736805746,6,0.21422642396834854,0.2003957804116157,0.0640410899995226,6,0.5727655447124137,0.5653429413002314,0.07158301274643836,6,0.27021747544738345,0.26751117734724295,0.09185836370352761,6,0.21754696895815062,0.21767981286342059,0.02662112936629604,6,-1.7184458707114223,-1.5809052506182835,0.32001600940345676,6,0.3153700984889553,0.1089309652961915,0.4046275208799465,6,Thoracic Surgery Data
D015,gradient_boosted_trees,C3,1.0,PRIMARY,0.5923182531322265,0.6006366092733824,0.07062001633708147,6,0.22707370615347422,0.21789447691918795,0.051674130650527214,6,0.5639420333307562,0.5546503540357799,0.037429454019996956,6,0.28280174516902595,0.2613851992409867,0.06034052661257453,6,0.20464302617588867,0.2173198322885676,0.03256049706045322,6,-1.6312534050710568,-1.750638362156925,0.32975004892292903,6,0.37616064113232905,0.4178962493478542,0.2845202244283795,6,Thoracic Surgery Data
D015,gradient_boosted_trees,C4,0.75,0,0.5771801944320913,0.57412559363368,0.044702814156798054,6,0.22835750277719555,0.24391065976226667,0.06392728121888713,6,0.5194859276432958,0.5090702947845804,0.04356467326297193,6,0.23728539352054354,0.2431108389467238,0.06898931741700536,6,0.19723042073886546,0.20378525434294456,0.018913445689939735,6,-1.591440301623324,-1.4928189711496365,0.42422493398051236,6,0.20349220812922,0.2100386889827371,0.1490299778092715,6,Thoracic Surgery Data
D015,gradient_boosted_trees,C4,1.0,PRIMARY,0.5821823448905142,0.5848408655520725,0.051997645647021605,6,0.2090678465305815,0.21336596453799778,0.0650716386086224,6,0.540083820930349,0.5417433352651406,0.02413209522520346,6,0.252161646143931,0.26629787234042557,0.03823182400493541,6,0.2213396517032794,0.2209183030397654,0.009785007180749088,6,-1.6720978500113857,-1.6436532218362045,0.241283602445904,6,0.2992941684495483,0.27191272834459634,0.22528542396177462,6,Thoracic Surgery Data
D015,gradient_boosted_trees,C5,0.75,0,0.8413166619616409,0.8400272190215798,0.12175353597613083,6,0.5196589814814628,0.48885222174100923,0.2395858306457295,6,0.7751669079804714,0.768256296831272,0.11571405809124767,6,0.47019794395866293,0.4335632183908046,0.16400165611117173,6,0.2011851234471322,0.19679450871987805,0.06643825514301399,6,-3.050354909596278,-2.416100132667033,1.9338006110827992,6,1.0644842115956374,0.9292624239455298,0.5769331881613889,6,Thoracic Surgery Data
D015,gradient_boosted_trees,C5,1.0,PRIMARY,0.9321906924767921,0.9823953435214211,0.12151215505048486,6,0.7712287334496047,0.8712159202557377,0.25111444599649885,6,0.7724846970783434,0.7750288639162561,0.08940908604804884,6,0.4525718026110465,0.45,0.11117519071307928,6,0.12468379944844289,0.1028846016366414,0.0687838394081501,6,-4.526833407077713,-3.585228121590327,3.1700944570133838,6,1.4514829831590037,1.2226320204192571,0.8157150715037572,6,Thoracic Surgery Data
D015,gradient_boosted_trees,C6,1.0,PRIMARY,0.6198455832235306,0.596030637492446,0.061370811696358524,6,0.2438124902705272,0.25403194028401904,0.04119696389939762,6,0.5347497537370506,0.5261503079256312,0.017305358137002746,6,0.1826176035478361,0.17410433689503457,0.04082453148962152,6,0.16326518653074062,0.16008450100815527,0.018808173053803622,6,-1.268449959256779,-1.2952414255514357,0.31530154201076255,6,0.10532069965474232,0.0892027456912585,0.04717395928113972,6,Thoracic Surgery Data
D015,logistic_regression,C0,0.75,0,0.5970574790650498,0.5778196369555566,0.08893763162845121,6,0.21093378139362604,0.20882473540367086,0.06364642511927204,6,0.5744827294139033,0.5522190883745056,0.059397558908860115,6,0.27283613128652634,0.27978290366350067,0.045350864732979765,6,0.2423629461726122,0.23530631800841678,0.034682355964822574,6,-1.7531016180241876,-1.6409798430566216,0.3239639954922655,6,0.2513329360900498,0.1811346816461295,0.27888779730720675,6,Thoracic Surgery Data
D015,logistic_regression,C0,1.0,PRIMARY,0.6088286914623979,0.622960018471432,0.061860137990139306,6,0.22457460660907222,0.21673806477313784,0.04156274112034202,6,0.5805287269418817,0.587813534504711,0.042531562985188814,6,0.29879761700718754,0.30635645637072983,0.0446273168161591,6,0.2233482086515016,0.22248023501389713,0.014411612242001765,6,-1.7224728142094061,-1.6924844592503456,0.22131269245315108,5,0.4063013433295892,0.42908625780055415,0.11690825602423588,5,Thoracic Surgery Data
D015,logistic_regression,C1,1.0,PRIMARY,0.5467479674796749,0.5467479674796749,,1,0.20915248556142002,0.20915248556142002,,1,0.49390243902439024,0.49390243902439024,,1,0.2,0.2,,1,0.24751253019420194,0.24751253019420194,,1,-1.9001971145400387,-1.9001971145400387,,1,0.0343370980321269,0.0343370980321269,,1,Thoracic Surgery Data
D015,logistic_regression,C2,0.75,0,0.6237222080245335,0.6237222080245335,0.009170884013600047,2,0.21360915744419626,0.21360915744419626,0.006776174067564077,2,0.6158797597751087,0.6158797597751087,0.03385998802065664,2,0.319634703196347,0.319634703196347,0.025830384700878447,2,0.2314330251888295,0.2314330251888295,0.002117648496424791,2,-1.6777705022506486,-1.6777705022506486,0.011480049225946067,2,1.0464151982839385,1.0464151982839385,1.0235374153322772,2,Thoracic Surgery Data
D015,logistic_regression,C2,1.0,PRIMARY,0.6423392857142858,0.6423392857142858,0.033966379310568055,2,0.2297701898186073,0.2297701898186073,0.013806848722279047,2,0.6435714285714286,0.6435714285714286,0.027779194975185856,2,0.3524553184105501,0.3524553184105501,0.022870849212766328,2,0.22316688575501714,0.22316688575501714,0.010654848440544146,2,-1.6706792673460238,-1.6706792673460238,0.019653748173201677,2,0.3034094692262262,0.3034094692262262,0.20302138338485837,2,Thoracic Surgery Data
D015,logistic_regression,C3,0.75,0,0.6076716645302707,0.6158970539556439,0.0718227251266486,6,0.21205091473754342,0.22080799203278573,0.054478481894739465,6,0.5560696184153997,0.5672218439992219,0.06509100512422626,6,0.2647333025608562,0.25668449197860965,0.08718533916996758,6,0.23147829571896691,0.21908505947438922,0.03354051613059623,6,-1.718468600867224,-1.6354399054412903,0.327887434213905,6,0.3934275626567292,0.4138285653147184,0.29838551002792874,6,Thoracic Surgery Data
D015,logistic_regression,C3,1.0,PRIMARY,0.628455242181647,0.6540266106442577,0.06996422221800419,6,0.2302908824506337,0.23088732914216767,0.0320372811323467,6,0.5871444084752543,0.5928645428645428,0.06693214998425258,6,0.3089248026389836,0.30406212664277177,0.05143228256461634,6,0.22128763682574784,0.2169322208778613,0.019228586507278978,6,-1.7146902888155116,-1.6807390251760166,0.20983462632248556,5,0.5001005377207645,0.42285503818688724,0.21206971024668406,5,Thoracic Surgery Data
D015,logistic_regression,C4,0.75,0,0.6382811754203014,0.641652711323764,0.05798562344607848,6,0.2264397563538887,0.21902142192376706,0.046021428261823316,6,0.5933836693608351,0.5809124359722493,0.06423754754567823,6,0.2989480828313213,0.3094098883572568,0.04443646137193909,6,0.22991915855442813,0.2244424545923026,0.014036431687281194,6,-1.7135090659109329,-1.5973432250851598,0.3225642498404867,6,0.8307437690682323,0.705085255836364,0.5863911424765449,6,Thoracic Surgery Data
D015,logistic_regression,C4,1.0,PRIMARY,0.6211299517729542,0.6304177166117464,0.05049380329293899,6,0.2258507717690226,0.22167614164711613,0.029570548457745947,6,0.5691412745492586,0.574331550802139,0.05825748836338991,6,0.2679272345939013,0.2883116883116883,0.05098358431589336,6,0.2305306685375332,0.2319650984028735,0.006838214077964143,6,-1.69495908014083,-1.705181951423557,0.24147698470505727,6,1.2515315833203804,0.9389291492561413,0.9558765026787008,6,Thoracic Surgery Data
D015,logistic_regression,C5,0.75,0,0.7233900176380045,0.7232704402515724,0.016832352101053844,6,0.2988022347604335,0.3087295825018938,0.0546769357705918,6,0.6689985953278837,0.671129968229268,0.015890040677371802,6,0.3551701183844041,0.3693181818181818,0.056746040932630644,6,0.26448452473197653,0.26364361011935955,0.0181422599791944,6,-2.0146024070747193,-1.9295413128652061,0.40095129051353773,6,0.6629492114830141,0.6451014695634771,0.19050029490638223,6,Thoracic Surgery Data
D015,logistic_regression,C5,1.0,PRIMARY,0.7536179348623766,0.7415341128409676,0.031564947937510704,6,0.3166150357693419,0.3146995424777679,0.04979659827393821,6,0.689424959630856,0.6893440080773688,0.03985192428844075,6,0.37577549314497793,0.37904542398924423,0.050613913576031185,6,0.24893716829897836,0.2506891081253047,0.01806955011904704,6,-1.9760181816105664,-1.9033846659310223,0.30788564097025833,6,0.6788106435526294,0.6425943602697408,0.16827341822966516,6,Thoracic Surgery Data
D015,logistic_regression,C6,1.0,PRIMARY,0.6536588942422193,0.6693756595808834,0.028464596221354763,6,0.2522033834343338,0.2559480222393108,0.04732334368274455,6,0.5929293953144851,0.5846463585434174,0.03017194495592044,6,0.29999316407585136,0.30335097001763667,0.05237351787282654,6,0.21350786259256727,0.21552573972310382,0.015224493403204559,6,-1.647669567855993,-1.6109629881935712,0.2461464764593171,6,0.46459433983437504,0.483593186854727,0.11636116570446714,6,Thoracic Surgery Data
D015,random_forest,C0,0.75,0,0.6293781942473063,0.6096810422282121,0.0678232659974981,6,0.24068607417472912,0.2570492546496922,0.03881349060112691,6,0.5899263945041623,0.5583049886621315,0.06642493316528285,6,0.28972836887836645,0.2703196347031963,0.08239206872761037,6,0.19614207862285826,0.19270875016762187,0.03586005809700674,6,-1.5343519742210876,-1.4871588306890748,0.5197798812655956,6,0.45135572464785617,0.2846900391196083,0.3876763276598428,6,Thoracic Surgery Data
D015,random_forest,C0,1.0,PRIMARY,0.6173540067325688,0.6172814492176181,0.04234233629781157,6,0.2209085752666258,0.22428269498257614,0.0335040574606527,6,0.5872325252452971,0.5898046674166078,0.03297542126917301,6,0.3043863460652306,0.3100517368810052,0.025869620074392224,6,0.1899945761445356,0.20486984317332368,0.038684523444647706,6,-1.4897610308248745,-1.5620153777542958,0.2389910845087481,6,0.5246288130018945,0.5333846063196623,0.22310778670394033,6,Thoracic Surgery Data
D015,random_forest,C1,1.0,PRIMARY,0.6199186991869918,0.6199186991869918,,1,0.16863014186662278,0.16863014186662278,,1,0.6189024390243902,0.6189024390243902,,1,0.2857142857142857,0.2857142857142857,,1,0.13875667772599726,0.13875667772599726,,1,-1.367282680826191,-1.367282680826191,,1,0.38231135374469327,0.38231135374469327,,1,Thoracic Surgery Data
D015,random_forest,C2,0.75,0,0.6266611295681064,0.6266611295681064,0.040704268454451756,2,0.21239290049713974,0.21239290049713974,0.039337154500292196,2,0.6303347814975722,0.6303347814975722,0.038761667407235974,2,0.32996999249812453,0.32996999249812453,0.033260011388144425,2,0.17637388156170977,0.17637388156170977,0.013663735633895715,2,-1.4636471963314635,-1.4636471963314635,0.012511727322702773,2,0.4976420973745481,0.4976420973745481,0.2543248746638676,2,Thoracic Surgery Data
D015,random_forest,C2,1.0,PRIMARY,0.6252232142857141,0.6252232142857141,0.002361231572890712,2,0.20823939413298612,0.20823939413298612,0.000599889636960123,2,0.6196428571428572,0.6196428571428572,0.0025253813613805177,2,0.32256450873316933,0.32256450873316933,0.0005895258503368944,2,0.1732926176456822,0.1732926176456822,0.023851662721291373,2,-1.4101710315821387,-1.4101710315821387,0.13351817903448096,2,0.44318828821472467,0.44318828821472467,0.023817808416823145,2,Thoracic Surgery Data
D015,random_forest,C3,0.75,0,0.6154340535091022,0.6125372279495991,0.047164078801420144,6,0.2405112043920737,0.23401544096866556,0.03805482300320244,6,0.5918761358468753,0.5985121836925961,0.07258092816045134,6,0.2979055839594737,0.29035087719298247,0.06917017970707262,6,0.19791164467173064,0.1925623228935232,0.02148479555724182,6,-1.5574181468469943,-1.507505508176789,0.3514750895193313,6,0.4523982413550965,0.4983785699593607,0.26135424177543976,6,Thoracic Surgery Data
D015,random_forest,C3,1.0,PRIMARY,0.6085023954894146,0.5964238152670989,0.0538813344857018,6,0.2278335950769289,0.22424721662285715,0.049947006396447904,6,0.5580205094828077,0.5645278316067807,0.04219678634344601,6,0.2678862471127806,0.27223573938902407,0.06679722121064285,6,0.18961467988121605,0.19148116132328663,0.039543437537783194,6,-1.5021680519122114,-1.581946660759728,0.3276128580191029,6,0.4961298304686243,0.4544456975633072,0.3224631028692657,6,Thoracic Surgery Data
D015,random_forest,C4,0.75,0,0.6637473551060329,0.676690251572327,0.05730538026148775,6,0.23781403787080388,0.2284280327175875,0.058797474281856936,6,0.6243607881965922,0.6253155938731907,0.06837983341393845,6,0.3262616892580894,0.28718703976435933,0.08701837965344403,6,0.2012786103856573,0.203116049253666,0.024912570753080777,6,-1.568548350924407,-1.571147730593362,0.3529215406166492,6,0.6301784895687076,0.606404981760335,0.3899543881368625,6,Thoracic Surgery Data
D015,random_forest,C4,1.0,PRIMARY,0.5857534020556541,0.6076595617133767,0.062314012653421944,6,0.19559245312635673,0.19712420938391154,0.037423402835945294,6,0.529472221578398,0.5288714049759309,0.05995640374466355,6,0.2438704454783208,0.2512121212121212,0.05046323049444994,6,0.22174722454450424,0.22054812295615328,0.00889203000914633,6,-1.6787918009730405,-1.700318006737985,0.23359167768952363,6,0.4347558298251539,0.48489784543703307,0.29730501149161503,6,Thoracic Surgery Data
D015,random_forest,C5,0.75,0,0.8835893088803807,0.8906203921037585,0.09815098575226736,6,0.6264037733059374,0.590449364313099,0.2701130096321145,6,0.7512746260622468,0.7511792452830188,0.04423131379036589,6,0.4296111286891624,0.41263440860215056,0.10352143798747981,6,0.1966955613061595,0.20102176454151421,0.06447127348533357,6,-3.0278081531854237,-3.1072617275621073,1.013919015781375,6,2.1956861457295775,2.2436733243664895,1.3657997759455887,6,Thoracic Surgery Data
D015,random_forest,C5,1.0,PRIMARY,0.9094402079457155,0.9878130039894746,0.1341060974912434,6,0.7705249970706077,0.9446663690690942,0.3124215361485095,6,0.7652992150793104,0.7936449579831932,0.10000180863461453,6,0.45152030871208954,0.42653208363374184,0.10375755542245428,6,0.15706876897798952,0.12566114047321905,0.07910578970568617,6,-4.7034824028683415,-4.775015483141198,2.506736640378956,6,3.64505942799216,3.375039101163652,2.434472083708814,6,Thoracic Surgery Data
D015,random_forest,C6,1.0,PRIMARY,0.6541861679681786,0.6693051681879648,0.054119321730942194,6,0.2500954457781395,0.23909527713962758,0.07714407746432893,6,0.5254943918131608,0.5310550836713996,0.027903618263798807,6,0.1346728644974259,0.15587044534412955,0.0832446861767813,6,0.13416208002613098,0.13238565605095542,0.011894573284669823,6,-1.0875904598890795,-1.036585483391999,0.3670951066180445,6,0.4317576430646038,0.49045884007676555,0.15886657299455034,6,Thoracic Surgery Data
D016,gradient_boosted_trees,C0,0.75,0,0.541401842900903,0.5030555555555556,0.0932175312206262,6,0.3657117303552533,0.362077912458068,0.06224224530486526,6,0.5613086859399269,0.5345394736842106,0.07713534128721321,6,0.42205136195049175,0.40275696733593047,0.10067423643451495,6,0.272691574009527,0.2578753824053558,0.042413867061452636,6,-0.8601445181471995,-0.8613316965099045,0.27307883466016236,6,0.3190401305800334,0.15906050239517,0.4877144250057536,6,Haberman's Survival
D016,gradient_boosted_trees,C0,1.0,PRIMARY,0.6431948282650146,0.6522918468433052,0.03865239837285456,6,0.39736153492872894,0.40077062018135956,0.06212604045337111,6,0.5992049328835674,0.6086827099715272,0.036312491426455734,6,0.43970961483139864,0.43857240905971173,0.06500725073464404,6,0.2316845128753902,0.23315143197787397,0.023685489705928153,6,-0.9163889628651867,-0.9987442102649207,0.18345345082629944,6,0.523409281828602,0.5253724724870107,0.31440125327025925,6,Haberman's Survival
D016,gradient_boosted_trees,C1,1.0,PRIMARY,0.6834625322997416,0.6834625322997416,,1,0.4562575815619969,0.4562575815619969,,1,0.6375968992248062,0.6375968992248062,,1,0.5263157894736842,0.5263157894736842,,1,0.21904798522652463,0.21904798522652463,,1,-0.7041482056053749,-0.7041482056053749,,1,0.5132919145859406,0.5132919145859406,,1,Haberman's Survival
D016,gradient_boosted_trees,C2,0.75,0,0.6570123323431452,0.6570123323431452,0.0006683428933709951,2,0.4271406812355557,0.4271406812355557,0.013645920667921039,2,0.6547619047619048,0.6547619047619048,0.010979918962524012,2,0.5405149051490514,0.5405149051490514,0.0055572077654227146,2,0.23021709960669626,0.23021709960669626,0.01468647171844746,2,-0.6565440269629617,-0.6565440269629617,0.08411391084605059,2,0.5087123824361754,0.5087123824361754,0.35428000625485684,2,Haberman's Survival
D016,gradient_boosted_trees,C2,1.0,PRIMARY,0.6853360768175583,0.6853360768175583,0.04196082215930044,2,0.42429050691855386,0.42429050691855386,0.05684154679307023,2,0.6666666666666667,0.6666666666666667,0.0027935082713542317,2,0.5139802631578947,0.5139802631578947,0.005039686488720015,2,0.21657879823854187,0.21657879823854187,0.01228211496226956,2,-0.938554224867121,-0.938554224867121,0.014395831415705511,2,0.7423826496122674,0.7423826496122674,0.3464728481783145,2,Haberman's Survival
D016,gradient_boosted_trees,C3,0.75,0,0.577582162856068,0.5671992481203008,0.06446286567565487,6,0.371924660117698,0.3622709909468364,0.04474880316974145,6,0.5577720081781452,0.5380116959064327,0.0823443467404124,6,0.362108803814946,0.3618181818181818,0.11722569771082994,6,0.25773313544057136,0.24750028919501393,0.0308708057099874,6,-0.8135017963861304,-0.8164386046894547,0.25153760182591406,6,0.33538131025633483,0.20989733140183536,0.3112089801289203,6,Haberman's Survival
D016,gradient_boosted_trees,C3,1.0,PRIMARY,0.6348691600017254,0.6195023911661302,0.05442284248093938,6,0.38372690018057626,0.36548915167869417,0.07980164491848396,6,0.5985331395559336,0.6030249048606576,0.05762693202234128,6,0.44686356894427703,0.44249568717653825,0.0534729033994362,6,0.24780070200349882,0.25350341663840764,0.044391168708901016,6,-0.8626379476331113,-0.8439668844777659,0.20788001311782797,6,0.364654723943903,0.36218816878384563,0.225771679281875,6,Haberman's Survival
D016,gradient_boosted_trees,C4,0.75,0,0.6363988068592362,0.6411800831443688,0.08615575460335083,6,0.4269827825963168,0.4451495872467581,0.09319121782722047,6,0.6130764307470652,0.617228835978836,0.0550197286732014,6,0.48200749923279135,0.49096385542168675,0.07905024786148723,6,0.2473554274084749,0.24319167157895655,0.03951352561493878,6,-0.7967915539627651,-0.8389714336648508,0.3058226747369698,6,0.46804868944848027,0.43613559527447093,0.4095750851974287,6,Haberman's Survival
D016,gradient_boosted_trees,C4,1.0,PRIMARY,0.656246376922695,0.6545727822901737,0.04576458211570915,6,0.43523038808250947,0.4443069300592676,0.07202525307635795,6,0.6108826979493559,0.6028463372987314,0.0637898626029675,6,0.45717165717165714,0.46302346302346303,0.06430594580865129,6,0.22263796442243133,0.22462029866357158,0.01829160948562759,6,-0.8744580425822671,-0.8125196554373518,0.22457813441769647,6,0.4871742456824129,0.49446221473104657,0.20506381801460918,6,Haberman's Survival
D016,gradient_boosted_trees,C5,0.75,0,0.7694857895545573,0.774449117214944,0.07093202885279762,6,0.5497190254256744,0.5119996096339946,0.11275435781482313,6,0.6973095823998753,0.7155883426167402,0.06312697248495946,6,0.5844483452429492,0.5901800327332243,0.06443802557041951,6,0.2284410209987051,0.22645492837603015,0.020885460279008467,6,-1.1669994201575113,-1.1159867036238613,0.4750478662913387,6,0.7679256829596538,0.5893055248038033,0.39410936209968916,6,Haberman's Survival
D016,gradient_boosted_trees,C5,1.0,PRIMARY,0.7182436887529903,0.7608337075008107,0.10742418827375316,6,0.44098746611016365,0.43152192655464194,0.09706082218793875,6,0.6745023894062578,0.6995459250894034,0.09775984265185214,6,0.5297303943178561,0.5444444444444445,0.07339837365327702,6,0.24074936383560608,0.22718999482592273,0.05175461072899534,6,-1.2478955950788908,-1.2357209089362078,0.22141519266848828,6,0.72587674363704,0.7745637651218885,0.36540809799085255,6,Haberman's Survival
D016,gradient_boosted_trees,C6,1.0,PRIMARY,0.64212726685547,0.6403552698938044,0.029552995137224473,6,0.3727684312813142,0.39877555269927656,0.06603925288517463,6,0.5796874361548611,0.5812923489553925,0.033084747708913224,6,0.3848008572253261,0.3929824561403509,0.04654632014816817,6,0.2629034003936349,0.2590796276588452,0.01692135778631337,6,-0.7545331008545931,-0.6696146634348498,0.2385268987665551,6,0.15758239038235802,0.15028143926976734,0.044159006832755934,6,Haberman's Survival
D016,logistic_regression,C0,0.75,0,0.6100204640711117,0.6105442176870748,0.10589890234022059,6,0.41857434618535944,0.4486036628656857,0.07343200111521969,6,0.5879202146005945,0.6133911166805904,0.09670494186481132,6,0.45089110241993957,0.45350669818754924,0.09631484682183339,6,0.24028110883951756,0.24022012693800965,0.012947779782691972,6,-0.8580642127673278,-0.8345553311627991,0.26479954778881976,6,0.3808495398284959,0.600347093011204,0.46315122858320257,6,Haberman's Survival
D016,logistic_regression,C0,1.0,PRIMARY,0.6936156442268732,0.6936182760403558,0.09784791684028891,6,0.4759175904776032,0.47903933105062624,0.09513241442394316,6,0.6477746312040359,0.6565575188954577,0.07069184034333599,6,0.48194772101207356,0.4789473684210526,0.08241055421752483,6,0.22370769369862117,0.2215622630267164,0.007909609908871022,6,-1.0474534042111288,-1.0552350113517304,0.2067488111395216,6,1.0391381042761305,0.6891003508745386,0.8005824566670846,6,Haberman's Survival
D016,logistic_regression,C1,1.0,PRIMARY,0.7015503875968992,0.7015503875968992,,1,0.5095111491669463,0.5095111491669463,,1,0.6052971576227391,0.6052971576227391,,1,0.49056603773584906,0.49056603773584906,,1,0.23058545138904626,0.23058545138904626,,1,-0.9589214359893933,-0.9589214359893933,,1,0.7137817047044245,0.7137817047044245,,1,Haberman's Survival
D016,logistic_regression,C2,0.75,0,0.6459402286434424,0.6459402286434424,0.0030871076503328036,2,0.434897587403184,0.434897587403184,0.006524574740440818,2,0.6687370600414079,0.6687370600414079,0.008783935170019241,2,0.5382583170254402,0.5382583170254402,0.01369932902885868,2,0.2324043519864647,0.2324043519864647,0.0014152437350663958,2,-0.8246141735957226,-0.8246141735957226,0.007004375461755603,2,0.6633259843017278,0.6633259843017278,0.11102531678217101,2,Haberman's Survival
D016,logistic_regression,C2,1.0,PRIMARY,0.6955006858710562,0.6955006858710562,0.017886212681865632,2,0.43595143164986144,0.43595143164986144,0.02976128718894335,2,0.6662962962962963,0.6662962962962963,0.007507553479264619,2,0.511265909872721,0.511265909872721,0.011797275159115134,2,0.22668379063836494,0.22668379063836494,0.0034484238622229323,2,-1.0430342810791475,-1.0430342810791475,0.0065679802774387406,2,0.6621166058096182,0.6621166058096182,0.3261041696126289,2,Haberman's Survival
D016,logistic_regression,C3,0.75,0,0.641581527395413,0.6286363229502326,0.06942201094644623,6,0.45372382765742797,0.46054860402704323,0.07610689227419319,6,0.5922312563191573,0.5790866054023949,0.08500072904065682,6,0.44678707803312484,0.46132897603485834,0.11639460585471596,6,0.23939725406401657,0.23883991608550648,0.004746044344287863,6,-0.8876116707632397,-0.8469264566274819,0.22668326803386224,6,0.8893503856467634,0.7607526879029765,0.5737101755969682,6,Haberman's Survival
D016,logistic_regression,C3,1.0,PRIMARY,0.6923674995451371,0.6936182760403558,0.09923816470201452,6,0.4794447927079029,0.47797269916257845,0.10111365972418632,6,0.6357958357103836,0.6371756435680611,0.05438843505136873,6,0.4742604555556052,0.4728867623604466,0.054743420397306765,6,0.22401499966751093,0.22287286862021605,0.012888137327910148,6,-1.0371833396338557,-1.0368047747365023,0.1933805875753358,6,1.4690348734268077,0.6605487995969299,1.7737962426425404,6,Haberman's Survival
D016,logistic_regression,C4,0.75,0,0.658976023079349,0.6725310813980765,0.07191031542440308,6,0.46917600991384534,0.46267781588377244,0.10076795342085791,6,0.63597640000411,0.6554337252142236,0.06670342052301745,6,0.4919363744299033,0.5418464193270061,0.10798729308950372,6,0.23930034410729695,0.2415583757981741,0.004752486507931856,6,-0.9047130292495217,-0.866401388577621,0.21641481370108145,6,2.062402424819637,1.3465499416013125,2.6316967917050387,6,Haberman's Survival
D016,logistic_regression,C4,1.0,PRIMARY,0.6820638774177058,0.6621653539624336,0.10156724715531407,6,0.478854240268586,0.4739972545507819,0.1004325113522204,6,0.6285171789364963,0.613839604607022,0.0763892664942768,6,0.4728267275496652,0.44054198609377787,0.08536388311907396,6,0.22987778132320236,0.228977595934348,0.010400977575744388,6,-1.08000636965165,-1.0941603408169205,0.21145904615712882,6,1.2496140469868848,0.5633852272436304,1.1449890621813699,6,Haberman's Survival
D016,logistic_regression,C5,0.75,0,0.6542009690014564,0.6492045093899628,0.058792177056010225,6,0.4589333944897702,0.4486036628656857,0.09086565346211092,6,0.5984192283151076,0.5902295918367346,0.08547990016883504,6,0.4638119275969743,0.5111003861003861,0.12660070011081265,6,0.26190304543310367,0.26048049746196666,0.013519984932757627,6,-1.0713419524124832,-1.075088698305138,0.18860466824366753,6,1.3536914132997973,0.7005501227854418,1.8337097001978941,6,Haberman's Survival
D016,logistic_regression,C5,1.0,PRIMARY,0.7061727218524441,0.6936182760403558,0.07964625734319783,6,0.47867137224969497,0.48730067636690166,0.0947174997990208,6,0.6551477602292999,0.6501405071377897,0.08166985188793892,6,0.48077739951164644,0.49845916795069334,0.13973732228977548,6,0.2518927527678744,0.2492532364293413,0.011825739814074926,6,-1.3056199011149119,-1.2203511519250059,0.30739015842528666,6,0.9724652031394396,0.8565305534043446,0.5440705945415463,6,Haberman's Survival
D016,logistic_regression,C6,1.0,PRIMARY,0.6789004124638073,0.6550130287034425,0.10895773370116343,6,0.4802477062857444,0.45051245918644334,0.09221282181139095,6,0.6479316557124838,0.6263414863467247,0.0657305636464277,6,0.4774443870546021,0.4495192307692308,0.09326499479618502,6,0.22370937191389728,0.22410491452015513,0.008469585328000294,6,-1.0540276539629327,-1.0498358027248063,0.22599702896148577,6,0.9673152533756476,0.48803937628320104,0.868592361561958,6,Haberman's Survival
D016,random_forest,C0,0.75,0,0.6431991900101889,0.6498590496224033,0.08100407544735097,6,0.41044726615694865,0.4292603345614252,0.06767301630034252,6,0.5814431251763997,0.5987247389377206,0.07948293401881207,6,0.4290110097630329,0.46944948578342405,0.12710451141759987,6,0.23028036186187908,0.22892018687008625,0.03615503296047677,6,-0.6445186267851385,-0.6552377995921439,0.2852852714609186,6,0.4972607294423927,0.49264784211209894,0.3418329380103014,6,Haberman's Survival
D016,random_forest,C0,1.0,PRIMARY,0.6699700902476994,0.6810388434029739,0.07862548452677186,6,0.4045930670938898,0.40266439501376555,0.0584263444341668,6,0.601800448905456,0.6017953802788795,0.05228908998222203,6,0.45419460195672445,0.4565691837625491,0.04524475699916434,6,0.22089503681628472,0.21197669783692713,0.039785473196952824,6,-0.8544486749940106,-0.8481591547797704,0.14372812360619497,6,0.701204467185978,0.6694187198934074,0.4807651034004238,6,Haberman's Survival
D016,random_forest,C1,1.0,PRIMARY,0.7118863049095607,0.7118863049095607,,1,0.5305552693960438,0.5305552693960438,,1,0.6143410852713178,0.6143410852713178,,1,0.5084745762711864,0.5084745762711864,,1,0.2318578277519025,0.2318578277519025,,1,-0.9783376560780394,-0.9783376560780394,,1,0.8726911775286996,0.8726911775286996,,1,Haberman's Survival
D016,random_forest,C2,0.75,0,0.6652714015662976,0.6652714015662976,0.011139048222850466,2,0.4201326545991217,0.4201326545991217,0.00666097377419155,2,0.6614906832298136,0.6614906832298136,0.016103881145035248,2,0.5386657101865137,0.5386657101865137,0.020188558028138164,2,0.22114358373127413,0.22114358373127413,0.005435439546545956,2,-0.6824241377509002,-0.6824241377509002,0.020204090129151413,2,0.5600682206531158,0.5600682206531158,0.12442578270389547,2,Haberman's Survival
D016,random_forest,C2,1.0,PRIMARY,0.6773525377229082,0.6773525377229082,0.028264871884466376,2,0.39231246782589535,0.39231246782589535,0.014675531650126073,2,0.6590123456790123,0.6590123456790123,0.009078901881901323,2,0.5070830708307084,0.5070830708307084,0.013466276203678608,2,0.20634716854279725,0.20634716854279725,0.006997223532454025,2,-0.7977392729696067,-0.7977392729696067,0.04588760111661751,2,0.6415365030974676,0.6415365030974676,0.09325797064423919,2,Haberman's Survival
D016,random_forest,C3,0.75,0,0.6269430263367025,0.6203023405369407,0.049168947873300985,6,0.39962348066365533,0.4008042625850482,0.029393362061175266,6,0.6123460956272003,0.6171230158730159,0.0572935952744694,6,0.4676022436892002,0.47857142857142854,0.07116577473899847,6,0.2357283781081705,0.2286875858214892,0.019983952476815267,6,-0.7518823589928704,-0.8116918453889423,0.30807358919350414,6,0.5122271644186773,0.470885051716871,0.27210115210914676,6,Haberman's Survival
D016,random_forest,C3,1.0,PRIMARY,0.6673718585701423,0.6686533575120532,0.04416237916192244,6,0.4037480373046531,0.42143145199742227,0.047106756636664256,6,0.5985176871665168,0.6195029745525068,0.05475776586057723,6,0.43895549481879925,0.4664928292046936,0.07903176417561279,6,0.21265139643523714,0.21179309102485278,0.017571406657325272,6,-0.8294770728797566,-0.8249819885471597,0.17371698207107825,6,0.604702597988653,0.6870694268295066,0.1836198703658136,6,Haberman's Survival
D016,random_forest,C4,0.75,0,0.675987889304968,0.6642967372134039,0.09189366333652607,6,0.4924837574421968,0.4612731792584279,0.12650551816529435,6,0.6240546277326552,0.6122685185185185,0.08761537132879901,6,0.5011819953146229,0.4847198641765704,0.10175191440867323,6,0.2218556770969025,0.22765732189921667,0.01875582423798459,6,-0.7917530490726076,-0.820050441496099,0.34587820621684734,6,0.6664935378766873,0.5360018809356553,0.5361608702577311,6,Haberman's Survival
D016,random_forest,C4,1.0,PRIMARY,0.6684955934936219,0.6700533783921683,0.043070821257742,6,0.4385631271280445,0.431954882089424,0.06190740541889582,6,0.6170875437909672,0.6346726190476191,0.05512707214390033,6,0.46164007977121585,0.46161378770074424,0.04998738861791547,6,0.21857705325754986,0.21601314076585382,0.015755188409743465,6,-0.8832393848216401,-0.860997124585541,0.19885547716267346,6,0.5271080781709113,0.47307857023128885,0.21675178509341678,6,Haberman's Survival
D016,random_forest,C5,0.75,0,0.7270322359663545,0.7159013605442177,0.0560936824859484,6,0.5202618317081029,0.5296816769128061,0.10372395660820434,6,0.6756971327887208,0.683838813303099,0.054250105714815054,6,0.5618328179469484,0.5661057692307692,0.059948564294592596,6,0.23645688507857657,0.23356088029371702,0.018198400981240082,6,-1.2134347701527575,-1.1422237676156677,0.399165167395442,6,1.2572466181946036,1.2560045278187673,0.4017751262842632,6,Haberman's Survival
D016,random_forest,C5,1.0,PRIMARY,0.7318821763911351,0.7631130110504128,0.09932938298431064,6,0.49093047198064044,0.475772791240459,0.12029259966602882,6,0.6632911566443858,0.6857472237907021,0.0750146209211034,6,0.5119994268930439,0.535602328705777,0.06099229840382092,6,0.2418830582109058,0.22685469579177614,0.04613013880813998,6,-1.3120131997283468,-1.28369964149972,0.2844351442184997,6,1.0250521414084666,0.9891451984843092,0.619422790964146,6,Haberman's Survival
D016,random_forest,C6,1.0,PRIMARY,0.660378200041943,0.6585218450028233,0.040290681503281196,6,0.3922841164116806,0.4021874927011526,0.06861045897792901,6,0.5874083879083403,0.5776280838252628,0.05428761813279223,6,0.3835915610129446,0.37037037037037035,0.09261383818804723,6,0.21245183891746755,0.20945141723293043,0.0144152808027567,6,-0.670477918787165,-0.5881311855154359,0.20256136899452806,6,0.32854769411447227,0.3278767325584757,0.10424695568311147,6,Haberman's Survival
D019,gradient_boosted_trees,C0,0.5,0,0.8391327228986935,0.8476907493447279,0.023165630177416068,6,0.5834478981945294,0.5937475055656536,0.042837451512661356,6,0.7523901198917583,0.7523189626189785,0.0219694407178165,6,0.5144014782256604,0.5188914027149321,0.027842814544847775,6,0.11619869009134415,0.11213557088564062,0.01312864127582421,6,-0.5594160852423593,-0.5095998672266657,0.23648165774941246,6,0.5167264305590832,0.5383509097718713,0.1689196689556412,6,Myocardial Infarction Complications
D019,gradient_boosted_trees,C0,0.75,0,0.8374326160094775,0.8322101449275362,0.015896956974979143,6,0.5856492672336174,0.5973657181074792,0.045556026409097755,6,0.746748668020074,0.7524122290410783,0.022019148415446603,6,0.49021122310731324,0.49471148196027737,0.049354044091644754,6,0.11314027417335383,0.1139762074164283,0.011391526467761969,6,-0.6304384814325042,-0.7512486559019786,0.3439002162751,6,0.5333128419134537,0.5043412249322878,0.15498585842440737,6,Myocardial Infarction Complications
D019,gradient_boosted_trees,C0,1.0,PRIMARY,0.8357567699421127,0.8449481374695988,0.02515797742383628,6,0.5825983349525465,0.600756707843304,0.06906891613085678,6,0.7534554312306105,0.7571985730145014,0.025367310638225612,6,0.48155436689765346,0.5035708971879185,0.04993001450525998,6,0.11416411941428946,0.11120535078634826,0.011310496901989061,6,-0.8681376573671672,-0.8334466288236182,0.4010804542073183,6,0.7529817292195009,0.7200796460113276,0.16221621986983484,6,Myocardial Infarction Complications
D019,gradient_boosted_trees,C1,1.0,PRIMARY,0.8826293706293706,0.8826293706293706,,1,0.688363764415236,0.688363764415236,,1,0.7888111888111888,0.7888111888111888,,1,0.5454545454545454,0.5454545454545454,,1,0.10934827968093334,0.10934827968093334,,1,-0.7251314087753713,-0.7251314087753713,,1,0.9709273942199316,0.9709273942199316,,1,Myocardial Infarction Complications
D019,gradient_boosted_trees,C2,0.5,0,0.8539453493862134,0.8539453493862134,0.007880390138931772,2,0.5851262463406375,0.5851262463406375,0.018954376358915385,2,0.7867189959080894,0.7867189959080894,0.014703569950310377,2,0.5279398198696037,0.5279398198696037,0.0461461440583967,2,0.1247056049806296,0.1247056049806296,0.007927581570427852,2,-0.33979785784266037,-0.33979785784266037,0.013662558465234528,2,0.30884722024865885,0.30884722024865885,0.1256331513605216,2,Myocardial Infarction Complications
D019,gradient_boosted_trees,C2,0.75,0,0.8454401824106572,0.8454401824106572,0.0026786992617461314,2,0.5961602621349498,0.5961602621349498,0.0009703301175727338,2,0.7715883282314604,0.7715883282314604,0.003816511685129901,2,0.5297023002190553,0.5297023002190553,0.014512908199011666,2,0.11009336479820381,0.11009336479820381,0.006577528556249421,2,-0.2907652126718152,-0.2907652126718152,0.20232915067918883,2,0.36082478212255487,0.36082478212255487,0.15666914779600258,2,Myocardial Infarction Complications
D019,gradient_boosted_trees,C2,1.0,PRIMARY,0.8450068300543048,0.8450068300543048,0.00318259128802224,2,0.5955766988419566,0.5955766988419566,0.012211104245606596,2,0.7752486062299392,0.7752486062299392,0.00033597062363515334,2,0.5290007806401249,0.5290007806401249,0.020810246409627583,2,0.11734343304723201,0.11734343304723201,0.0025118310026868863,2,-0.6560347345154594,-0.6560347345154594,0.5570935189279279,2,0.52448773430652,0.52448773430652,0.41053033466997585,2,Myocardial Infarction Complications
D019,gradient_boosted_trees,C3,0.5,0,0.8434073641561325,0.8539471435934185,0.03088072694249534,6,0.6060637694611902,0.6158259372795366,0.05173787026243711,6,0.7467624038236065,0.7504214691329172,0.02718899873881969,6,0.507960670304996,0.5150025601638505,0.044387388291080146,6,0.11619683243522642,0.11428565983650976,0.01506858107773086,6,-0.6017136831476169,-0.63234940253032,0.3835695415235794,6,0.592937751541363,0.5982656091876342,0.168070206114886,6,Myocardial Infarction Complications
D019,gradient_boosted_trees,C3,0.75,0,0.8527797812092789,0.8508695652173913,0.01537537654659367,6,0.6229983326959823,0.6200768507866695,0.02706401424894424,6,0.7608798806366225,0.7604542495623547,0.00764010603487547,6,0.5113473921128119,0.5145686535897924,0.03636201755092313,6,0.10514914340393149,0.10542235949881659,0.006852279339060913,6,-0.6504561434429381,-0.6797889690282515,0.20563838999589767,6,0.5976019147040009,0.59139724699482,0.14941217493082973,6,Myocardial Infarction Complications
D019,gradient_boosted_trees,C3,1.0,PRIMARY,0.8369841278531832,0.8421275718950554,0.02513690403950096,6,0.5860554371470185,0.5733153201615042,0.06925260982015904,6,0.7518906215804195,0.756516506802027,0.03235587031473992,6,0.486237693568889,0.5208182803468209,0.06293358613657969,6,0.11696557978593856,0.11296528637506331,0.019044233068984933,6,-0.8286360550519881,-0.7308468952175511,0.4668752630148327,6,0.6594087289863871,0.6539890373280584,0.2721762160002411,6,Myocardial Infarction Complications
D019,gradient_boosted_trees,C4,0.5,0,0.8395286116477636,0.8389931746233343,0.019414244670291358,6,0.5933318101583248,0.593985649880685,0.024187234530547205,6,0.7468834023049662,0.7429393639264883,0.030568912158353775,6,0.5079764303955113,0.517588788202848,0.041071911763577766,6,0.11939692225800662,0.11867714041337804,0.009428870007134403,6,-0.6767468821747422,-0.7134679243669565,0.34224519288288624,6,0.6156871313154125,0.6887936905827331,0.22397200451095348,6,Myocardial Infarction Complications
D019,gradient_boosted_trees,C4,0.75,0,0.8281475972273626,0.8204438991507923,0.02232155539334606,6,0.5708899909602424,0.5834510627584358,0.06056613645004019,6,0.7434157644472688,0.7393145416561154,0.019659979373518748,6,0.4788048943847257,0.4652933273622929,0.04706690386301881,6,0.1288252390680399,0.12447247148132279,0.010215457204640795,6,-0.8238930912314503,-0.9445954440637612,0.5609117289584797,6,0.6572859529747095,0.5604946686404946,0.45771091394381525,6,Myocardial Infarction Complications
D019,gradient_boosted_trees,C4,1.0,PRIMARY,0.8257507662458794,0.8274980134520775,0.02281127504799775,6,0.565431166712049,0.564032282169199,0.0767602710642205,6,0.7496964523691999,0.7499091724236753,0.019012133600478605,6,0.4972260555502885,0.5210616566018043,0.061699573649358644,6,0.12456063672392814,0.12338902534869864,0.011173512543124618,6,-0.9788186307662633,-1.0606411504573765,0.4044566406523211,6,0.761725833582383,0.7454632335974569,0.2705620446965557,6,Myocardial Infarction Complications
D019,gradient_boosted_trees,C5,0.5,0,0.9689421104751282,0.9755968252518796,0.014969649637111256,6,0.8775876027757356,0.8847388145323907,0.07188632367343185,6,0.87153152113786,0.8853246278878641,0.028016213697270743,6,0.6271540318749124,0.6462421325435024,0.05730159724575054,6,0.08280380657547437,0.0705130530125974,0.026907632428303335,6,-2.3352078507144736,-2.3147976067128564,0.362790564925968,6,1.208479365486935,1.1210964199726168,0.36994751970924744,6,Myocardial Infarction Complications
D019,gradient_boosted_trees,C5,0.75,0,0.985814708581587,0.9893601685357907,0.01428318169073602,6,0.9338687773248772,0.9436487355040144,0.07026019765796794,6,0.8842628759692935,0.8732276903675233,0.03120333326869019,6,0.6404456185665377,0.6312217194570136,0.0723645147953866,6,0.06309377321567357,0.05482550821615466,0.027999337168749968,6,-5.766931971226659,-3.533844740341843,5.68710968836529,6,1.4192646411840368,1.5260173378234412,0.5842031704869525,6,Myocardial Infarction Complications
D019,gradient_boosted_trees,C5,1.0,PRIMARY,0.9728896214935084,0.9778103578498365,0.026213531714293817,6,0.8828038409495146,0.8904730238178645,0.09810196207910557,6,0.8406782376612826,0.8388502374938784,0.02056960330991883,6,0.5562931182991836,0.568058934847256,0.059342284015171096,6,0.08934024768089895,0.0826705542683471,0.028773289329517015,6,-5.398431673926212,-2.5527173663349267,5.126955284930696,6,1.7734986476401762,1.7167065125179952,0.21177090040134106,6,Myocardial Infarction Complications
D019,gradient_boosted_trees,C6,1.0,PRIMARY,0.8452428488753392,0.8462283359084943,0.020661053276179914,6,0.5851982948525404,0.584778371017985,0.07172481456465152,6,0.6832762492239759,0.6808772394932188,0.0296261206654507,6,0.49581381280419484,0.48045808966861603,0.06087689989065629,6,0.1097294891700813,0.11088273101219344,0.0046204679273239915,6,-0.35012982036880524,-0.2755119605845998,0.2519516569431634,6,0.2845732427170811,0.2904193809994178,0.0352592929380498,6,Myocardial Infarction Complications
D019,logistic_regression,C0,0.5,0,0.8417482337524413,0.835726216318146,0.02959712473906755,6,0.5880745107718602,0.5772365340083829,0.06177016175428141,6,0.7500150486102983,0.7417240054180745,0.02992840332851007,6,0.5104259175077231,0.5089816404702152,0.044643470357428376,6,0.152011522248694,0.152221669486984,0.006123365994759174,6,-1.5157475614629348,-1.4573863505441644,0.1672204301191581,6,0.819052819837489,0.7831530971389409,0.20393628965606495,6,Myocardial Infarction Complications
D019,logistic_regression,C0,0.75,0,0.8306069894733547,0.8268056484845525,0.016293477176852054,6,0.5587864748257286,0.5579438372781773,0.039689742874126424,6,0.7323460012804892,0.7408074351908553,0.022078528643073636,6,0.4702431510170125,0.460776715749591,0.06555290216071509,6,0.15719865865162697,0.15827298552897787,0.011395152244453395,6,-1.576570078641738,-1.525022887078193,0.2080044997303758,6,0.8430859980789722,0.8536787300295761,0.13471238835933916,6,Myocardial Infarction Complications
D019,logistic_regression,C0,1.0,PRIMARY,0.8299661590179012,0.8364783274967476,0.023509339877402505,6,0.5429119699432104,0.5648979831108095,0.065495434320846,6,0.7428889521707854,0.746997917914772,0.023997878199409475,6,0.48134069322985007,0.48993804742576375,0.05404981135837413,6,0.15682073064194726,0.15420670689646304,0.008206604681706656,6,-1.5879989828107302,-1.5393501591873047,0.18006946426141907,6,0.7657930143592,0.7894441678365762,0.1784046500603158,6,Myocardial Infarction Complications
D019,logistic_regression,C1,1.0,PRIMARY,0.8477202797202797,0.8477202797202797,,1,0.5494994872338848,0.5494994872338848,,1,0.7714685314685314,0.7714685314685314,,1,0.5697674418604651,0.5697674418604651,,1,0.17195193764723013,0.17195193764723013,,1,-1.556867306924853,-1.556867306924853,,1,0.9646482582274234,0.9646482582274234,,1,Myocardial Infarction Complications
D019,logistic_regression,C2,0.5,0,0.8486829162732137,0.8486829162732137,0.013235995087720357,2,0.5909008080214329,0.5909008080214329,0.00808084029940169,2,0.7757810040919106,0.7757810040919106,0.004715714487374841,2,0.5478307580497361,0.5478307580497361,0.0039860918811792335,2,0.15519721299493416,0.15519721299493416,0.011947957155574267,2,-1.5711869598209305,-1.5711869598209305,0.15836820966024193,2,0.9139556002886158,0.9139556002886158,0.3482875782578033,2,Myocardial Infarction Complications
D019,logistic_regression,C2,0.75,0,0.8386087596613913,0.8386087596613913,0.004767069065334567,2,0.5701437535983157,0.5701437535983157,0.010224655458890765,2,0.7645526809519108,0.7645526809519108,0.0015631035384003967,2,0.5192264675493443,0.5192264675493443,0.03326861295151281,2,0.1574973665289386,0.1574973665289386,0.006190204411702161,2,-1.5967090219439861,-1.5967090219439861,0.08284584884641738,2,0.7898234974678766,0.7898234974678766,0.30266719279975673,2,Myocardial Infarction Complications
D019,logistic_regression,C2,1.0,PRIMARY,0.823518627068706,0.823518627068706,0.009421784880203125,2,0.5400628843130237,0.5400628843130237,0.006700451522390999,2,0.7539030726206493,0.7539030726206493,0.00011412045639782943,2,0.5151652620034033,0.5151652620034033,0.023201526599639494,2,0.16015918092510167,0.16015918092510167,0.008002174369245031,2,-1.6058670333047607,-1.6058670333047607,0.11637166613456146,2,0.7476948541314938,0.7476948541314938,0.26670262873075024,2,Myocardial Infarction Complications
D019,logistic_regression,C3,0.5,0,0.8383567266965976,0.8428390554924532,0.034200176239335786,6,0.5839841259312667,0.5675369701816975,0.06573002565136048,6,0.7643161005878767,0.7698430797394193,0.04243699884462133,6,0.5148895985483422,0.5278195488721804,0.05129234043093616,6,0.15509827252874,0.1559900687517199,0.011768704783358445,6,-1.5388412762932404,-1.529108234321189,0.1099087771090091,6,0.833258765937698,0.8066828259175244,0.19869789854855519,6,Myocardial Infarction Complications
D019,logistic_regression,C3,0.75,0,0.8337117971306557,0.8334787776394403,0.010663417687342025,6,0.5578782170354187,0.5598620095513661,0.036981317209811425,6,0.7409284124969249,0.742649830140262,0.01430990064972211,6,0.49403805087652014,0.48066002902905447,0.049261204437599355,6,0.15411985672310355,0.15797892016478196,0.009708804318984686,6,-1.5459666257375495,-1.4620939731729954,0.16974424459044693,6,0.7799008304097921,0.7885605513879823,0.06977733210588426,6,Myocardial Infarction Complications
D019,logistic_regression,C3,1.0,PRIMARY,0.8291168868717697,0.8349972231221363,0.02478760407395132,6,0.5434861158954583,0.5563805892405602,0.056258974887306475,6,0.7489248866149278,0.7447024706517088,0.029969804088807863,6,0.4839560673574557,0.4672693902521923,0.05770393506207148,6,0.15533042128315216,0.15443122148853972,0.00636676580610866,6,-1.5825521650946135,-1.5550082950739499,0.15106229277253802,6,0.7627371225509982,0.7848055447077948,0.042209303384134075,6,Myocardial Infarction Complications
D019,logistic_regression,C4,0.5,0,0.843279176945757,0.8531860043792414,0.03510993751392989,6,0.5999452793489067,0.6069018579004888,0.05108250497601962,6,0.7568755585383888,0.749814598730949,0.0363354912917198,6,0.5094323679427663,0.5073212747631353,0.04774629264228004,6,0.1642673563332648,0.16323102721064056,0.0067787082580450025,6,-1.6688072906402718,-1.6856163663914963,0.14733681642755767,6,1.0727025321164392,1.1845457955443228,0.32801164187963483,6,Myocardial Infarction Complications
D019,logistic_regression,C4,0.75,0,0.8345748960137285,0.8319449704750056,0.008915553762277614,6,0.5736770556126926,0.5727163365639925,0.038783856912514104,6,0.7432523337139493,0.7350680518139097,0.017100945415259642,6,0.5084415023745043,0.5224690945539592,0.04680895249284551,6,0.16251447081040082,0.1671913608563783,0.01073441320168895,6,-1.6304761022046712,-1.5511896975084276,0.19948122237076746,6,0.9961273586414836,1.0209840299555526,0.14595991439813244,6,Myocardial Infarction Complications
D019,logistic_regression,C4,1.0,PRIMARY,0.8194387413843275,0.8367557838766243,0.031891101725426134,6,0.5417466558556546,0.550628089630364,0.06707301812358551,6,0.7368280840563456,0.7477617851285809,0.028713074403019987,6,0.4746301301892914,0.486229030432217,0.061149596829245714,6,0.16623612827475345,0.1642316591419825,0.006343726648516756,6,-1.6622973288538765,-1.6216928300289055,0.17557918618886229,6,0.9052445210533185,0.9034522443987087,0.17660610402197124,6,Myocardial Infarction Complications
D019,logistic_regression,C5,0.5,0,0.885740846047551,0.8814791127488888,0.0217739609465946,6,0.6621835647568846,0.6582240712337095,0.07063633365186696,6,0.7982949294353722,0.7912294158828722,0.029759314149693558,6,0.5622361585338717,0.5616894585456931,0.056035122115085365,6,0.15214848981029067,0.15046376941484257,0.007590381472365419,6,-1.7885425169759064,-1.7136303194200098,0.14882853917248365,6,1.0346766912431715,0.9996202337646062,0.3083903612981482,6,Myocardial Infarction Complications
D019,logistic_regression,C5,0.75,0,0.8819861666641245,0.8770141733214418,0.013630277765451263,6,0.6231334964254409,0.6132537000620912,0.0381309158392818,6,0.7982206124283043,0.7994622930743378,0.014054688712780657,6,0.555858389398275,0.5616574147501983,0.030167151107984083,6,0.16148740099205358,0.16198977830897265,0.007652792498988713,6,-1.8846282512123629,-1.8127682729726096,0.1744188967211483,6,0.9732638814419611,0.9863027620625144,0.24780606619603635,6,Myocardial Infarction Complications
D019,logistic_regression,C5,1.0,PRIMARY,0.8627972936799798,0.8665267428765369,0.016769144256768214,6,0.5945516704425967,0.5974492453991311,0.06255804504411189,6,0.7765822438148752,0.7822764989748211,0.022679049890991655,6,0.5222079415459697,0.52009009009009,0.039396940284279806,6,0.1776794981051367,0.1789178239883514,0.008779341024919934,6,-1.9699170254206761,-1.930574403670514,0.17055324080990694,6,0.9198239355365346,0.9255201253131295,0.19684684569713606,6,Myocardial Infarction Complications
D019,logistic_regression,C6,1.0,PRIMARY,0.8039436434887327,0.8049460475243224,0.02372481262519701,6,0.5164910346599338,0.520953853666459,0.05778683684051277,6,0.728982459304425,0.7396349562641736,0.03929130676487194,6,0.4845021339207522,0.486495345483152,0.06584655282650215,6,0.16023249770565914,0.16215135634417796,0.0065918724841053,6,-1.507382404387699,-1.4379775222111224,0.17015871541294167,6,0.4516410076710216,0.4620067181423255,0.048348130809692434,6,Myocardial Infarction Complications
D019,random_forest,C0,0.5,0,0.8642918849444526,0.8671663166225307,0.03428038825785973,6,0.6186358858181172,0.6359503860355966,0.06901377712065913,6,0.7695624117653227,0.7762830657523957,0.05541327965267489,6,0.5241284772696467,0.5345238095238095,0.052914234881487,6,0.10918992543262958,0.1096339711999221,0.010756890380597283,6,-0.3126725023583033,-0.2871421644743625,0.31473313146551385,6,1.6768367367116987,1.6184069272564718,0.39608340080036514,6,Myocardial Infarction Complications
D019,random_forest,C0,0.75,0,0.8570355307753353,0.8567079848891611,0.015687514987858715,6,0.6212442584150433,0.6220911380830896,0.03094356252714135,6,0.7713091401635896,0.7790963685378923,0.027989637373692988,6,0.5466031774418924,0.5465188123963448,0.04244782287610847,6,0.11474935084527316,0.11024381574333972,0.022668131344606598,6,-0.4351280218581263,-0.28419617946064707,0.5395430649456995,6,1.7278722715714068,1.7517172029764374,0.19365924246683833,6,Myocardial Infarction Complications
D019,random_forest,C0,1.0,PRIMARY,0.8530045075326854,0.8513240220997953,0.030716948038545838,6,0.5992957309870443,0.6121558519989199,0.07740705641913789,6,0.7635669513352238,0.7593242792213613,0.02705867049368695,6,0.5014445291557149,0.5106875203649397,0.05207108312748593,6,0.12509833913515953,0.12193791627960415,0.017375964337521383,6,-0.7709261817788433,-0.8718274171902598,0.4322710066328501,6,1.8904085361672696,2.001319205371078,0.42176442724758817,6,Myocardial Infarction Complications
D019,random_forest,C1,1.0,PRIMARY,0.8995244755244756,0.8995244755244756,,1,0.7041956475066711,0.7041956475066711,,1,0.8151048951048951,0.8151048951048951,,1,0.5740740740740741,0.5740740740740741,,1,0.12880035251224844,0.12880035251224844,,1,-0.6526619301811012,-0.6526619301811012,,1,2.649167870206266,2.649167870206266,,1,Myocardial Infarction Complications
D019,random_forest,C2,0.5,0,0.8725163282971357,0.8725163282971357,0.004486188560998266,2,0.6151507525991652,0.6151507525991652,0.016479530606673735,2,0.7964422017626692,0.7964422017626692,0.0007303097657438856,2,0.5635141987829615,0.5635141987829615,0.0349609082990306,2,0.10213745709314032,0.10213745709314032,0.0005777911611367449,2,-0.13265341547434695,-0.13265341547434695,0.07822026207008637,2,1.540934469391366,1.540934469391366,0.22058864689594193,2,Myocardial Infarction Complications
D019,random_forest,C2,0.75,0,0.856991211612521,0.856991211612521,0.001653557245698635,2,0.6138133703255286,0.6138133703255286,0.003987995196718349,2,0.7790716985197088,0.7790716985197088,0.016316579270896192,2,0.5261251764887918,0.5261251764887918,0.038984350613547686,2,0.12011442295540939,0.12011442295540939,0.025175820680117478,2,-0.5509705155284523,-0.5509705155284523,0.5646730793296748,2,1.8597012253974352,1.8597012253974352,0.4545619647080322,2,Myocardial Infarction Complications
D019,random_forest,C2,1.0,PRIMARY,0.8524011062363949,0.8524011062363949,0.005401092960395479,2,0.600572866594919,0.600572866594919,0.014258211285244448,2,0.7706367056672666,0.7706367056672666,0.007716368779794372,2,0.5149103401140309,0.5149103401140309,0.006320834372015977,2,0.14085192499732813,0.14085192499732813,0.0016438832423629854,2,-1.0197337178079042,-1.0197337178079042,0.026360114988821536,2,2.158605634088609,2.158605634088609,0.13390160577691498,2,Myocardial Infarction Complications
D019,random_forest,C3,0.5,0,0.8577021456210395,0.8487149272643277,0.025472749266906798,6,0.6081482930366123,0.6283219557874875,0.05155279942738424,6,0.7598058494168227,0.756364329971712,0.03439605258586229,6,0.5152124644896593,0.5147877984084881,0.02578818532081659,6,0.12481107650740929,0.12973969593895446,0.017691783290935792,6,-0.5885314298849589,-0.8321571705205828,0.5387622224035657,6,1.8191374601155073,1.894191318705813,0.2895451029478509,6,Myocardial Infarction Complications
D019,random_forest,C3,0.75,0,0.8575867613488892,0.8601811594202898,0.01460695297874326,6,0.616908629449906,0.618011914606352,0.034915808978824354,6,0.7695974821937539,0.7737976773685591,0.017921814438592552,6,0.5161069997273905,0.5396825396825398,0.055567508683807124,6,0.11868008977567455,0.11195599905557674,0.026942295611349816,6,-0.40125836493812156,-0.28432115496696453,0.573633175263013,6,1.951109218920876,1.7576455133762274,0.5802947048442461,6,Myocardial Infarction Complications
D019,random_forest,C3,1.0,PRIMARY,0.8509991245028345,0.8617637337162172,0.030421583207973973,6,0.6044316411993051,0.6231336489623835,0.08746410897161105,6,0.7546853109102121,0.7657325838728494,0.037081540604206153,6,0.489109826378161,0.5135597926693818,0.0747218914492669,6,0.11979299962871648,0.12077062201729197,0.015813744506503438,6,-0.6386879548158769,-0.8851641113439228,0.7043714178718748,6,1.67741824664224,1.635662579282002,0.11730053314139287,6,Myocardial Infarction Complications
D019,random_forest,C4,0.5,0,0.8593838815591622,0.8693312447962971,0.02433384430946006,6,0.6263344539285262,0.6206588252079774,0.05126261773552038,6,0.7503511458081785,0.7549857524172345,0.025162537023987325,6,0.5224237630372258,0.49817955351154547,0.052446791500800186,6,0.11295162057636589,0.10916808849037331,0.012230063165097263,6,-0.3856244180694002,-0.2866625776458974,0.26305934392496755,6,1.7465760764233158,1.8033708590975586,0.3816078206511333,6,Myocardial Infarction Complications
D019,random_forest,C4,0.75,0,0.8532072508679619,0.8544942996025411,0.015796265653896403,6,0.5989597081627417,0.6043865077961309,0.05617534832954894,6,0.7627570649135142,0.7570392188248749,0.01754958184447931,6,0.5323258173332747,0.5286041689403034,0.04039223443420334,6,0.11043947996489363,0.1047357641105415,0.016402386190271047,6,-0.3233398282809534,-0.1618965396061051,0.5208447655987706,6,1.5689430901535657,1.5902307969892766,0.17143513780530104,6,Myocardial Infarction Complications
D019,random_forest,C4,1.0,PRIMARY,0.8461871602135326,0.8530847313950801,0.030319896204162842,6,0.5859245792497733,0.6030431135077836,0.08017047772748447,6,0.7550034795523138,0.7551995521763736,0.0237643020586079,6,0.4959303723955877,0.5133691052852491,0.057586771444500195,6,0.11671523874373517,0.1164742077644243,0.012453961461020941,6,-0.6999467691390681,-0.7753600778444272,0.2939173511441171,6,1.5952444389293097,1.5346519084865529,0.3778104408470192,6,Myocardial Infarction Complications
D019,random_forest,C5,0.5,0,0.9851084545519818,0.983447713336063,0.01131195746833625,6,0.9523797824281385,0.9407177171613412,0.03369562532628943,6,0.8667495332571336,0.8636931880708705,0.027529767341494423,6,0.6192160112023768,0.6058405808665124,0.06522952535659465,6,0.08494492925445545,0.08010497419248311,0.021217219739417266,6,-2.8268899003614396,-2.277910797879438,1.1253337795156864,6,3.1750096876969525,3.1431766940439294,0.5655563966596204,6,Myocardial Infarction Complications
D019,random_forest,C5,0.75,0,0.9890048775286711,0.9890810450567993,0.009553683457242649,6,0.9649769761055503,0.9667449423476961,0.032426976647023924,6,0.8832755518371297,0.8881105145273791,0.017085868831194256,6,0.6337731152442575,0.6344512195121952,0.05218113163240133,6,0.0814086227438122,0.07266017636010091,0.02709593904867261,6,-3.4862732651236805,-2.8343052566812035,1.4502126912974882,6,3.823617851803178,3.9349462628544782,1.0913429422985101,6,Myocardial Infarction Complications
D019,random_forest,C5,1.0,PRIMARY,0.980221070434354,0.9853334708750822,0.020887881013884217,6,0.9250748339714905,0.9494270256404421,0.08353815078037155,6,0.8523796400282043,0.8471219460250543,0.03470348230624528,6,0.5713181539084563,0.5507800175284838,0.09624931997864156,6,0.09818405926584095,0.08987025753923497,0.03474748743000745,6,-3.0907881257765126,-2.666867618563603,1.1763389491408918,6,3.5104564113763437,3.568978091122788,0.5032754287888612,6,Myocardial Infarction Complications
D019,random_forest,C6,1.0,PRIMARY,0.8507071766115207,0.8550535958851121,0.031200345585313174,6,0.6034595774086298,0.6148907875632288,0.08556470541747056,6,0.6432936420593797,0.6347015391140693,0.03719504825653462,6,0.4300773396992357,0.41906151773686573,0.08363933469039068,6,0.09725453418587693,0.09712321693121692,0.003893262088171453,6,0.13753436780767245,0.24239400724975296,0.37467076262501303,6,1.4942397468904849,1.4819866084567823,0.27710454940189255,6,Myocardial Infarction Complications
D020,gradient_boosted_trees,C0,0.75,0,0.9034846440795851,0.8993216884369247,0.03751326217686235,6,0.8269941659095945,0.8374877679868968,0.04887846275123233,6,0.8400213009050851,0.8437508300926517,0.01852237869796798,6,0.751998335532504,0.7597114317425083,0.04689784510929563,6,0.11232307593728062,0.10514729140544227,0.01599654816203739,6,-0.660297009104088,-0.5363124879195518,0.5601003527949606,6,0.849016566522575,0.7990443189026956,0.29033455307792716,6,Differentiated Thyroid Cancer Recurrence
D020,gradient_boosted_trees,C0,1.0,PRIMARY,0.9167399061971766,0.9157742241172628,0.02006616225029051,6,0.8610912606266653,0.8524613733274066,0.03886466026901431,6,0.845166430005356,0.8462109028941591,0.016772227821962526,6,0.7499191287029516,0.7487944544906571,0.034896409491671894,6,0.10588712703615226,0.10502183605071656,0.009698525324839351,6,-0.8242287944314636,-0.8677702365383151,0.5002071130181929,6,0.9942399106936725,0.9087073877636318,0.23699355676237885,6,Differentiated Thyroid Cancer Recurrence
D020,gradient_boosted_trees,C1,1.0,PRIMARY,0.8866379310344827,0.8866379310344827,,1,0.8132197331501269,0.8132197331501269,,1,0.8637931034482759,0.8637931034482759,,1,0.75,0.75,,1,0.1086123709765092,0.1086123709765092,,1,-0.9434060962532992,-0.9434060962532992,,1,0.8327662688277794,0.8327662688277794,,1,Differentiated Thyroid Cancer Recurrence
D020,gradient_boosted_trees,C2,0.75,0,0.9152298850574713,0.9152298850574713,0.010864530651587831,2,0.8486952832576222,0.8486952832576222,0.029503633813879004,2,0.8689449917898194,0.8689449917898194,0.00914362217051574,2,0.8010421898543445,0.8010421898543445,0.00790212249191398,2,0.10635794219784658,0.10635794219784658,0.007351631164598278,2,-0.6378347765685682,-0.6378347765685682,0.05594573243886068,2,0.9786753316788389,0.9786753316788389,0.14423572020508674,2,Differentiated Thyroid Cancer Recurrence
D020,gradient_boosted_trees,C2,1.0,PRIMARY,0.9232744107744107,0.9232744107744107,0.01189225041086468,2,0.8682948131699979,0.8682948131699979,0.008575869661949382,2,0.870479797979798,0.870479797979798,0.00805911264079614,2,0.7808390531785234,0.7808390531785234,0.024720841346248495,2,0.09896438059592123,0.09896438059592123,0.003957999040896224,2,-0.6343571611430743,-0.6343571611430743,0.1942778319052762,2,0.7896837343785756,0.7896837343785756,0.2885816290794654,2,Differentiated Thyroid Cancer Recurrence
D020,gradient_boosted_trees,C3,0.75,0,0.9098419886311042,0.918972185648453,0.04020472094610725,6,0.8462103401632476,0.8500754502441027,0.03424598717523269,6,0.8418823739004498,0.8447323363873154,0.023796156125075223,6,0.7518013120275877,0.7602816901408451,0.04091888736922018,6,0.11616816271063284,0.10989938072727698,0.02202441377382911,6,-0.8638022848310881,-0.7237108021773179,0.37998811579313696,6,0.8107561581228763,0.7515706617456479,0.23278750364430098,6,Differentiated Thyroid Cancer Recurrence
D020,gradient_boosted_trees,C3,1.0,PRIMARY,0.9125956443158475,0.90846239099977,0.02069680398430402,6,0.8505063347527839,0.8537988812912571,0.04742683330341289,6,0.841445835034688,0.8377468623108157,0.02363782471752041,6,0.7501626322429207,0.7477573972419334,0.039668931075527325,6,0.10318519983961084,0.1020763262724351,0.009912913271428918,6,-0.644993173478418,-0.6486025125695776,0.473343840581894,6,0.8071735412211343,0.8486193519601615,0.17620056487875166,6,Differentiated Thyroid Cancer Recurrence
D020,gradient_boosted_trees,C4,0.75,0,0.9102911132678541,0.9033554825092093,0.02102765323585691,6,0.8487541058805208,0.8419793840249875,0.028999163511278077,6,0.8490596696110116,0.8519751082251081,0.012443387850823434,6,0.7520252950120642,0.7657004830917875,0.04784290425808443,6,0.11646277378131108,0.11250962357416533,0.01850470322443576,6,-0.8014056912593605,-0.6652832060487579,0.36154299503631493,6,0.9408524826522916,0.93741219929002,0.23668893689673046,6,Differentiated Thyroid Cancer Recurrence
D020,gradient_boosted_trees,C4,1.0,PRIMARY,0.9240318742005761,0.9180574460086594,0.013040235477765233,6,0.8736006511631661,0.8748986175956652,0.029639408551413705,6,0.8532559663561324,0.8572530126877953,0.016384366914728762,6,0.7611815040732806,0.7664135021097047,0.016169057774450216,6,0.10209680665404508,0.10296540856902216,0.008394433847434605,6,-0.782256296474441,-0.8359272315952698,0.4680901578184803,6,0.9545973414186287,0.9302996708076426,0.16422893750435996,6,Differentiated Thyroid Cancer Recurrence
D020,gradient_boosted_trees,C5,0.75,0,0.9322669369711024,0.9437070729931316,0.034103771212267604,6,0.868387362247082,0.8660313096989387,0.0502545598862234,6,0.850011551883482,0.8390220599352292,0.023979508820060582,6,0.7551019285848649,0.7573529411764706,0.037812812636732605,6,0.11134575280333286,0.10622785369285459,0.019599930885027775,6,-1.1862637511400609,-1.0591345571904833,0.4880590748308507,6,0.9214811425909702,0.9153061103216685,0.3318608269605016,6,Differentiated Thyroid Cancer Recurrence
D020,gradient_boosted_trees,C5,1.0,PRIMARY,0.9538490239327313,0.953797852474323,0.016307354312578733,6,0.9012766484485576,0.9048756787662313,0.03104267604631227,6,0.8827490207918117,0.8820028011204482,0.02673022999292306,6,0.7876764478915271,0.7995561104175336,0.06538934441721553,6,0.09323931800380579,0.09230045040569104,0.01735375227466884,6,-1.2728804597813184,-1.2331593569188368,0.45218834726059653,6,1.039891752265094,1.0416523298857232,0.12806444972304615,6,Differentiated Thyroid Cancer Recurrence
D020,gradient_boosted_trees,C6,1.0,PRIMARY,0.9237239815351271,0.92301502424101,0.013336968561878862,6,0.8657821435598841,0.8794303169593745,0.036007440719568455,6,0.8171107474704103,0.8237861811391223,0.049343949527801884,6,0.7316744051865495,0.7588340661130109,0.06105208549921709,6,0.11207823041992937,0.11840800872308556,0.012460663701225068,6,-0.2196594921454412,-0.33935942487732695,0.5489822594968348,6,0.3631822469862706,0.37143725057149146,0.03204387028458478,6,Differentiated Thyroid Cancer Recurrence
D020,logistic_regression,C0,0.75,0,0.9190764211110767,0.9224479712833751,0.01591107789056968,6,0.8446092562905999,0.8330920033431503,0.03213917811661919,6,0.8549685612689983,0.8478087477058512,0.027373178933903095,6,0.774315155685771,0.7758148035333536,0.022087656870993566,6,0.12794071720623867,0.13406813767852244,0.023497234504800672,6,-0.6962374611806315,-0.507058278303061,0.5134715471048303,6,2.0701395130054685,1.9580237726441125,1.1407324117877855,6,Differentiated Thyroid Cancer Recurrence
D020,logistic_regression,C0,1.0,PRIMARY,0.9248050437951528,0.9263177194115075,0.02800849380116546,6,0.8719413718093832,0.8707782023535067,0.03906643774120055,6,0.8455180159735957,0.8464868230040412,0.025031677475959396,6,0.7544020842017473,0.7513997760358342,0.029544269681601357,6,0.11478393150799092,0.11796605705161943,0.025532150125067658,6,-0.7191063639811425,-0.8160229304319034,0.4678486941113434,6,1.8707478020567656,1.860191723867843,1.0384976617942738,6,Differentiated Thyroid Cancer Recurrence
D020,logistic_regression,C1,1.0,PRIMARY,0.889655172413793,0.889655172413793,,1,0.797297330548381,0.797297330548381,,1,0.8232758620689655,0.8232758620689655,,1,0.7317073170731707,0.7317073170731707,,1,0.10910966850733832,0.10910966850733832,,1,-0.6201168028082571,-0.6201168028082571,,1,0.3871605934211058,0.3871605934211058,,1,Differentiated Thyroid Cancer Recurrence
D020,logistic_regression,C2,0.75,0,0.925536593947924,0.925536593947924,0.007028770784137934,2,0.8668254274294869,0.8668254274294869,0.0027481493326530116,2,0.8613505747126436,0.8613505747126436,0.014658822844795062,2,0.8087898277519037,0.8087898277519037,0.025980045113455655,2,0.10170379206181679,0.10170379206181679,0.006795040474261236,2,-0.7079063331560036,-0.7079063331560036,0.010247810253048452,2,0.9279646667235941,0.9279646667235941,0.05903822844657886,2,Differentiated Thyroid Cancer Recurrence
D020,logistic_regression,C2,1.0,PRIMARY,0.9283838383838383,0.9283838383838383,0.002095131203515723,2,0.8612598509875709,0.8612598509875709,0.0024633380957444673,2,0.8677441077441077,0.8677441077441077,0.0014046902387207863,2,0.7931245935148192,0.7931245935148192,0.002312567007132434,2,0.10108462419300815,0.10108462419300815,0.0011720578286179178,2,-0.7721605690217581,-0.7721605690217581,0.02048663205572262,2,1.2856793281352898,1.2856793281352898,0.05406716148807325,2,Differentiated Thyroid Cancer Recurrence
D020,logistic_regression,C3,0.75,0,0.9149611525791975,0.9108541803818302,0.015786680667064765,6,0.8591163946336754,0.8590519398486881,0.025396916201457967,6,0.841012150237573,0.8429383116883117,0.025257936279881456,6,0.756853348422435,0.7554275587062472,0.01976197636781168,6,0.12963114915144935,0.13019662157674516,0.01852008708758338,6,-0.7261392642791074,-0.4240252293844035,0.6036251617163545,6,1.9691172670762167,1.9543061140407423,0.97194968067124,6,Differentiated Thyroid Cancer Recurrence
D020,logistic_regression,C3,1.0,PRIMARY,0.9239429443095685,0.9214646002968079,0.019327008810001812,6,0.8595023376623295,0.8592101862898114,0.03477162756269338,6,0.8536091606592299,0.8496769533740738,0.03095881362723089,6,0.7717954748706797,0.7664135021097047,0.04568800577140607,6,0.10748653304353578,0.10651240441886381,0.02195980627966928,6,-0.742661544105807,-0.8288505089912654,0.3444692548830714,6,1.2548180244219675,1.0172212408398773,0.6047331854331133,6,Differentiated Thyroid Cancer Recurrence
D020,logistic_regression,C4,0.75,0,0.9184448278378832,0.9224242922975642,0.01928504005627588,6,0.8397167116048238,0.8432663509720246,0.03498553053873417,6,0.8425140081869369,0.8363069870994405,0.03143892444717485,6,0.7590523394398251,0.7586297760210804,0.02173070400746994,6,0.12751995641915112,0.12453529092240935,0.02445005621954005,6,-0.7184184397510401,-0.7311342006588365,0.3712480981995627,6,1.958802054779514,1.2604046551504604,1.5049250893304353,6,Differentiated Thyroid Cancer Recurrence
D020,logistic_regression,C4,1.0,PRIMARY,0.9233796375324436,0.9215299713913293,0.02736921698953756,6,0.8647409097088489,0.8620098433434691,0.03776011090554978,6,0.8588314437422224,0.8586865779990147,0.03339530158522083,6,0.7729780500166376,0.7726750861079219,0.029720962172281647,6,0.10181017492159737,0.10095581849235286,0.018892647881627794,6,-0.8439948765863537,-0.8843694887458529,0.36845990440136966,6,1.0322134190808652,1.0837354864343052,0.2875863187859506,6,Differentiated Thyroid Cancer Recurrence
D020,logistic_regression,C5,0.75,0,0.9315803077692614,0.9291200245301717,0.02167420392585306,6,0.8681788564454244,0.8582801193819298,0.0267250240764653,6,0.8449180514515243,0.8399229550691245,0.029478534902675643,6,0.7529313894791233,0.7656862745098039,0.03250117728665641,6,0.1255441800443089,0.1258227814002644,0.017944951020899474,6,-1.2493122286376475,-1.03136997398548,0.5669554422826343,6,1.5784503895140565,1.3516865058976895,0.8095934888365173,6,Differentiated Thyroid Cancer Recurrence
D020,logistic_regression,C5,1.0,PRIMARY,0.9458409529671825,0.9427815416794121,0.011054921750009763,6,0.8902394597385853,0.8932612675963543,0.026080951804736987,6,0.8720697835959769,0.8761559850665007,0.022191816814221214,6,0.7837894817792262,0.8092562867843767,0.05736004096349955,6,0.10673719024286828,0.11115117051274162,0.019347778528954782,6,-1.1794276404169455,-1.2610649499389432,0.4028382174751046,6,1.2724980144086093,0.908146111036713,0.8601942378693649,6,Differentiated Thyroid Cancer Recurrence
D020,logistic_regression,C6,1.0,PRIMARY,0.930250665161806,0.9251966873706003,0.019463736924813714,6,0.875134892784302,0.8809319142201549,0.03735856825657935,6,0.8520799899876724,0.8474013790846354,0.03482698319074433,6,0.7714274282049245,0.7682456140350877,0.04215540375205986,6,0.10118758395104223,0.10426782154872266,0.015360548874930364,6,-0.784998244852003,-0.8782405045839541,0.3658528451809163,6,0.9167904241015102,0.8746072077260197,0.09518326616247227,6,Differentiated Thyroid Cancer Recurrence
D020,random_forest,C0,0.75,0,0.9227083588132573,0.9255752869630136,0.011209656560278829,6,0.8550490414806605,0.8498290234900913,0.035581111421648576,6,0.8380818523635126,0.8357057763943758,0.007728406889362665,6,0.7475951539910208,0.7611408199643493,0.03632881143111537,6,0.10639476382612852,0.10961468996542222,0.008626817289751563,6,-0.5463694638583348,-0.4850390016592796,0.2988641634021197,6,1.1263560754519988,1.1133391102217232,0.23530226899279763,6,Differentiated Thyroid Cancer Recurrence
D020,random_forest,C0,1.0,PRIMARY,0.934150342876998,0.9317880215324534,0.018260072206598622,6,0.8795053681421909,0.8753045330545093,0.03148568141072312,6,0.850217806882124,0.8537770562770564,0.02475861056495714,6,0.7549394336386239,0.7357142857142858,0.0410209850049653,6,0.09750380291367973,0.09840615846909957,0.010657954280618697,6,-0.7129438527413933,-0.7504370128371474,0.3593646375325773,6,1.3383503334312998,1.277316557319593,0.3230820290178414,6,Differentiated Thyroid Cancer Recurrence
D020,random_forest,C1,1.0,PRIMARY,0.9249999999999999,0.9249999999999999,,1,0.8661285644713639,0.8661285644713639,,1,0.8724137931034484,0.8724137931034484,,1,0.7659574468085106,0.7659574468085106,,1,0.09519835852932615,0.09519835852932615,,1,-0.7763024310052183,-0.7763024310052183,,1,1.1598622159858385,1.1598622159858385,,1,Differentiated Thyroid Cancer Recurrence
D020,random_forest,C2,0.75,0,0.9293777855969975,0.9293777855969975,0.006531158693225483,2,0.8599456162529321,0.8599456162529321,0.0183717136214017,2,0.8579638752052545,0.8579638752052545,0.0014513685984945343,2,0.7953612479474549,0.7953612479474549,0.0031930109166880384,2,0.09905829964417552,0.09905829964417552,0.003706143806981864,2,-0.5970858747884049,-0.5970858747884049,0.04713837471967415,2,1.1816205109396398,1.1816205109396398,0.12177005332551503,2,Differentiated Thyroid Cancer Recurrence
D020,random_forest,C2,1.0,PRIMARY,0.9301767676767676,0.9301767676767676,0.002392735067651484,2,0.865969783402891,0.865969783402891,0.0007039310806519223,2,0.8784090909090909,0.8784090909090909,0.0045592911985597485,2,0.8042553191489361,0.8042553191489361,0.006017930052651438,2,0.09588529114260705,0.09588529114260705,0.0008594077844149815,2,-0.6968217133849283,-0.6968217133849283,0.08064261021218204,2,1.243646824418136,1.243646824418136,0.04284990313224863,2,Differentiated Thyroid Cancer Recurrence
D020,random_forest,C3,0.75,0,0.9267364475407289,0.925060787479423,0.01702011332743572,6,0.8702424596268571,0.8683447537558415,0.03615207439923977,6,0.845906888196546,0.8348619962593711,0.027839700198166645,6,0.7588638098807591,0.7618181818181818,0.016771238884830633,6,0.10566398230099584,0.10701653923389828,0.011003115264806808,6,-0.6760177954452665,-0.5165486985328127,0.41013556861608613,6,1.3313980015987643,1.4041762641878452,0.28953287781628095,6,Differentiated Thyroid Cancer Recurrence
D020,random_forest,C3,1.0,PRIMARY,0.9353202547408229,0.933817884871997,0.018056280217274356,6,0.8780516163155339,0.8677836739378608,0.030444823263654656,6,0.8580337192322717,0.8541675831394375,0.021393028813256665,6,0.7686891262115085,0.7606992163954189,0.037655435263809794,6,0.098890160938213,0.1019950226030919,0.015538352680685916,6,-0.7106393334881757,-0.6933514522804922,0.3647415570632677,6,1.3291070966177905,1.2402886112247522,0.3208009960583206,6,Differentiated Thyroid Cancer Recurrence
D020,random_forest,C4,0.75,0,0.9174676832183422,0.9185004882479568,0.017071256334218896,6,0.8563818231216289,0.8491284733995111,0.030787699855632147,6,0.8433648668579655,0.8420749198835024,0.01813188359062142,6,0.7518352404424794,0.7721834496510469,0.05979061920203122,6,0.11014447205334205,0.10824542629684272,0.010781342784001167,6,-0.8085254608878513,-0.6785969292971952,0.42101552588086916,6,1.2010345261962139,1.177644708368424,0.2969726879360914,6,Differentiated Thyroid Cancer Recurrence
D020,random_forest,C4,1.0,PRIMARY,0.9304288962343826,0.9313223503409297,0.007998516063115696,6,0.8656493226034415,0.8618430210818824,0.02382181860528794,6,0.8619920074756777,0.8630328719462632,0.019040273400284403,6,0.7749463560736038,0.767246835443038,0.03807770653011369,6,0.10037802471404551,0.10520981480331715,0.012767606400551,6,-0.7353731535833207,-0.8145784713517057,0.43295294343995877,6,1.1830591889094195,1.105641145506701,0.2794168622839085,6,Differentiated Thyroid Cancer Recurrence
D020,random_forest,C5,0.75,0,0.9471647579415333,0.9475492249685797,0.011904312150789213,6,0.8979445052549578,0.892845979547698,0.024086033062138437,6,0.8661412084973651,0.8604428484773075,0.025525122735362057,6,0.7853217078651259,0.8050632911392406,0.05375072885566167,6,0.1010093617025843,0.1038001448717486,0.005939578560609697,6,-1.2059056485637794,-1.1169606226500122,0.4359550402925812,6,1.2799261819778585,1.3917966577548226,0.3744378042748617,6,Differentiated Thyroid Cancer Recurrence
D020,random_forest,C5,1.0,PRIMARY,0.9528705197057029,0.9524419948081582,0.01319458728583902,6,0.9057586417183544,0.9086977367847688,0.02833918539100777,6,0.8766484380933122,0.8711160627061568,0.021119679830882265,6,0.7832620040028163,0.7809147374364767,0.048085593240872394,6,0.09534870725419854,0.0992713852780791,0.01452403735995351,6,-1.2251319800962086,-1.1621712798765882,0.4540136233270607,6,1.344548639278514,1.3598270581927476,0.1744342991905777,6,Differentiated Thyroid Cancer Recurrence
D020,random_forest,C6,1.0,PRIMARY,0.9255612334053951,0.9215960516965942,0.017436819277742904,6,0.8638639325382012,0.8582597153246905,0.03696869242692104,6,0.8370306381051776,0.8341154485049833,0.03188238684281536,6,0.7593628371094289,0.7667774086378738,0.04353859057492408,6,0.09561763468410005,0.09638838119126562,0.014604629855582339,6,-0.27602226248147527,-0.3402770298943126,0.375372303125343,6,0.8169336868727862,0.789406901761049,0.14265803236380017,6,Differentiated Thyroid Cancer Recurrence
