dataset_id,dataset_name,model,condition,reference_AUROC,apparent_AUROC,delta_AUROC,delta_median_AUROC,reference_AUPRC,apparent_AUPRC,delta_AUPRC,delta_median_AUPRC,reference_balanced_accuracy,apparent_balanced_accuracy,delta_balanced_accuracy,delta_median_balanced_accuracy,reference_F1,apparent_F1,delta_F1,delta_median_F1,reference_Brier,apparent_Brier,delta_Brier,delta_median_Brier,reference_calibration_intercept,apparent_calibration_intercept,delta_calibration_intercept,delta_median_calibration_intercept,reference_calibration_slope,apparent_calibration_slope,delta_calibration_slope,delta_median_calibration_slope
D001,Breast Cancer Wisconsin Diagnostic,gradient_boosted_trees,C2,0.9903848422094965,0.9881216637598436,-0.0022631784496529583,-0.0044924818700442515,0.989047603485132,0.9869764112441943,-0.002071192240937658,-0.0041226887032139725,0.9589391714826879,0.9631097722107711,0.004170600728083174,0.001535821412682381,0.9472362351038822,0.9539883800028994,0.0067521448990172095,0.005508650273169713,0.029931299075937556,0.028809071330242294,-0.0011222277456952624,0.00313189761537061,0.07375694568503845,-0.11226710829119824,-0.18602405397623667,-0.17672871777817317,0.674675244957891,0.6889515374272359,0.01427629246934492,0.15839963669800194
D001,Breast Cancer Wisconsin Diagnostic,gradient_boosted_trees,C3,0.9903848422094965,0.9913228184903885,0.0009379762808919834,0.0005228466847655433,0.989047603485132,0.9891864810569989,0.0001388775718669244,0.00013961864238942745,0.9589391714826879,0.9562230138637386,-0.0027161576189492775,-0.0033783783783783994,0.9472362351038822,0.9399866186277257,-0.007249616476156517,-0.007507507507507505,0.029931299075937556,0.02870160968129995,-0.0012296893946376064,0.0031709680903688753,0.07375694568503845,0.07160083504654689,-0.002156110638491554,0.0124982382950031,0.674675244957891,0.6740276069295706,-0.000647638028320352,0.10424447901003797
D001,Breast Cancer Wisconsin Diagnostic,gradient_boosted_trees,C4,0.9903848422094965,0.9861356199946685,-0.004249222214828041,-0.004037261736233644,0.989047603485132,0.9816659155492732,-0.007381687935858805,-0.008080410975555119,0.9589391714826879,0.9393636061342256,-0.019575565348462276,-0.02752288109484513,0.9472362351038822,0.9188209561637554,-0.028415278940126854,-0.030686936936936915,0.029931299075937556,0.04628907321451448,0.016357774138576926,0.019405759005801226,0.07375694568503845,-0.24850825496835915,-0.3222652006533976,-0.2826672034121145,0.674675244957891,0.594467571530651,-0.08020767342724,0.050045503032009164
D001,Breast Cancer Wisconsin Diagnostic,gradient_boosted_trees,C5,0.9903848422094965,0.9955087263876582,0.005123884178161675,0.00479275787225375,0.989047603485132,0.994304949897045,0.005257346411913,0.0048797562686522244,0.9589391714826879,0.976677059274163,0.017737887791475115,0.02081669107531181,0.9472362351038822,0.9687797905960215,0.021543555492139266,0.029316188637617202,0.029931299075937556,0.021593166051745716,-0.00833813302419184,-0.008148413188037617,0.07375694568503845,-1.9019707010613685,-1.9757276467464069,-0.82136891760876,0.674675244957891,1.1486817295049991,0.47400648454710814,0.4411334702360644
D001,Breast Cancer Wisconsin Diagnostic,logistic_regression,C2,0.9925440230083615,0.9920656942022092,-0.0004783288061522839,-0.003101142336693341,0.9910639039446628,0.9898314819455261,-0.0012324219991367569,-0.003984259911391064,0.9717228899282757,0.9657622482955446,-0.005960641632731134,-0.008374072899600238,0.9634621867289991,0.9535960378983634,-0.009866148830635635,-0.01279241236105455,0.028378314926302235,0.04657749656592296,0.018199181639620723,0.018746593500892264,-0.29999865599665265,-0.32889922920090964,-0.028900573204256985,-0.01709840334908791,2.0273581863582266,3.085063938844023,1.0577057524857962,1.1291159199107992
D001,Breast Cancer Wisconsin Diagnostic,logistic_regression,C3,0.9925440230083615,0.9914623401951879,-0.0010816828131736678,-0.0016113969717712617,0.9910639039446628,0.9895006914953249,-0.0015632124493378807,-0.002461860588220399,0.9717228899282757,0.9625891634770003,-0.009133726451275415,-0.009697128307676106,0.9634621867289991,0.9511990964998521,-0.012263090229146956,-0.013831000296482543,0.028378314926302235,0.03420884182211418,0.0058305268958119445,0.008857194323906872,-0.29999865599665265,-0.2613881209910096,0.03861053500564304,-0.023267712432369803,2.0273581863582266,2.15520751021671,0.12784932385848347,0.36545382904024715
D001,Breast Cancer Wisconsin Diagnostic,logistic_regression,C4,0.9925440230083615,0.987633344504558,-0.004910678503803556,-0.004935929361216784,0.9910639039446628,0.9822201696739586,-0.008843734270704173,-0.010944085898975109,0.9717228899282757,0.9326986251112878,-0.03902426481698795,-0.04139995128486185,0.9634621867289991,0.915076456650036,-0.048385730078963074,-0.05030453417550196,0.028378314926302235,0.041929011354655155,0.01355069642835292,0.009638542969031563,-0.29999865599665265,-0.526750406304696,-0.2267517503080434,-0.15135049192484956,2.0273581863582266,1.0201562782762679,-1.0072019080819588,-0.9901774058241477
D001,Breast Cancer Wisconsin Diagnostic,logistic_regression,C5,0.9925440230083615,0.9932139399517695,0.000669916943408011,-0.0022683077231895332,0.9910639039446628,0.991037069598276,-2.6834346386839236e-05,-0.0035193003527169697,0.9717228899282757,0.9592277005038756,-0.012495189424400088,-0.01739028944911314,0.9634621867289991,0.9472172872462643,-0.016244899482734776,-0.020172234043201787,0.028378314926302235,0.029121560711112604,0.0007432457848103695,0.0018011445498018405,-0.29999865599665265,-0.41979674245187976,-0.1197980864552271,-0.28809764245417185,2.0273581863582266,1.2821357704355112,-0.7452224159227154,-0.9324583735345608
D001,Breast Cancer Wisconsin Diagnostic,random_forest,C2,0.9891365894893459,0.9890696844775647,-6.690501178119312e-05,-0.003210931472519163,0.9865141396705001,0.9864154148127928,-9.872485770723305e-05,-0.0013311601544474527,0.9495873929044057,0.9573225516621743,0.007735158757768534,0.008885553377305788,0.9329917659845327,0.9422632794457275,0.009271513461194814,0.010290490330081226,0.033770184209734606,0.03538569861202555,0.001615514402290942,0.0027718481080686933,-0.24557436605792304,-0.12494775912512938,0.12062660693279366,0.13252590593282426,1.6595279351203782,1.4677898552749469,-0.19173807984543134,0.010297293487745884
D001,Breast Cancer Wisconsin Diagnostic,random_forest,C3,0.9891365894893459,0.9904247488618544,0.0012881593725084794,0.001080432172869017,0.9865141396705001,0.9880617463100964,0.0015476066395962995,0.0022308968673220297,0.9495873929044057,0.955572882389935,0.005985489485529238,0.0116768733507423,0.9329917659845327,0.9427059542335657,0.009714188249033029,0.014228761271950607,0.033770184209734606,0.03192236888909659,-0.0018478153206380188,-0.003323944012116782,-0.24557436605792304,-0.09142083912903341,0.15415352692888962,0.06811871006703779,1.6595279351203782,1.7037432852823298,0.04421535016195155,0.166751517747473
D001,Breast Cancer Wisconsin Diagnostic,random_forest,C4,0.9891365894893459,0.9869983164744388,-0.0021382730149070994,-0.002409418517809847,0.9865141396705001,0.9820523184836357,-0.004461821186864334,-0.004102443381990173,0.9495873929044057,0.9410190142785927,-0.008568378625813056,-0.005765769194878478,0.9329917659845327,0.9198401525098575,-0.013151613474675194,-0.01006037036778451,0.033770184209734606,0.04094840941061613,0.007178225200881523,0.00775055923588755,-0.24557436605792304,-0.25441545800491855,-0.008841091946995505,0.0496825863038764,1.6595279351203782,1.0220596100900956,-0.6374683250302826,-0.32846211552548743
D001,Breast Cancer Wisconsin Diagnostic,random_forest,C5,0.9891365894893459,0.9950541092147779,0.0059175197254319745,0.003582173610184647,0.9865141396705001,0.9929933977349211,0.006479258064421067,0.005247251058476898,0.9495873929044057,0.9623720351407586,0.012784642236352894,0.016359413033281922,0.9329917659845327,0.9485167224131237,0.015524956428590975,0.017289347819223644,0.033770184209734606,0.03007189118556788,-0.003698293024166726,-0.0028081872124287033,-0.24557436605792304,-1.135534468497467,-0.889960102439544,-0.6576723163833936,1.6595279351203782,2.1960726365597094,0.5365447014393312,0.3664709834055955
D002,Chronic Kidney Disease,gradient_boosted_trees,C2,0.9992697878822759,0.9996400000000001,0.00037021211772414464,-6.430804967316739e-06,0.999577536871226,0.9997846906970211,0.00020715382579516994,8.230974464007446e-05,0.9802057007392713,0.991,0.010794299260728724,0.013098127367340395,0.9838649439002682,0.992977787040971,0.009112843140702709,0.007821146778357657,0.013550560235131981,0.009163449652556239,-0.0043871105825757425,-0.004473427225958528,0.6065512801004008,1.108006675338646,0.5014553952382451,0.634166431386259,1.9451446505549954,1.1368509576827484,-0.8082936928722471,0.3539824836772969
D002,Chronic Kidney Disease,gradient_boosted_trees,C3,0.9992697878822759,0.9987623888471721,-0.0005073990351038837,-0.00012835465705329785,0.999577536871226,0.9993382243097746,-0.00023931256145137692,-2.220446049250313e-16,0.9802057007392713,0.9746771079454554,-0.005528592793815901,-0.004597900480947104,0.9838649439002682,0.9798813271441998,-0.003983616756068398,-0.002818977924951005,0.013550560235131981,0.016314846243393702,0.0027642860082617206,-0.0005134690748208517,0.6065512801004008,1.1855760845963774,0.5790248044959766,-0.3368703488156858,1.9451446505549954,0.9679309201387826,-0.9772137304162128,0.13122958696929143
D002,Chronic Kidney Disease,gradient_boosted_trees,C4,0.9992697878822759,0.9984959073896819,-0.0007738804925940812,-0.0003764366909991823,0.999577536871226,0.9991364781363589,-0.0004410587348671058,-0.00011317920741571452,0.9802057007392713,0.9859046010884085,0.005698900349137226,0.013159173878968256,0.9838649439002682,0.9880183608940826,0.0041534169938143295,0.005816352708159944,0.013550560235131981,0.012242881995078834,-0.0013076782400531471,-0.0006741512571850003,0.6065512801004008,4.720401144038333,4.113849863937932,1.826932078349731,1.9451446505549954,5.9686375956255056,4.02349294507051,0.990754296248054
D002,Chronic Kidney Disease,gradient_boosted_trees,C5,0.9992697878822759,0.999796918767507,0.0005271308852310419,0.0003535691950325992,0.999577536871226,0.9998196248196248,0.00024208794839886139,0.00029761904761893554,0.9802057007392713,0.9889775213453006,0.008771820606029324,0.01206199729909474,0.9838649439002682,0.991002428253767,0.007137484353498813,0.008707466644971795,0.013550560235131981,0.007810614949643223,-0.005739945285488758,-0.006287274274551773,0.6065512801004008,41.52599449342116,40.91944321332076,1.8845795784618358,1.9451446505549954,23.59127668620404,21.646132035649046,3.0003496642538012
D002,Chronic Kidney Disease,logistic_regression,C2,0.9998821436016558,0.99992,3.785639834419374e-05,-7.999999999996898e-05,0.999927382299675,0.9999522226016568,2.4840301981798873e-05,-4.777739834294081e-05,0.9925581357681125,0.9963333333333333,0.0037751975652208225,0.002434523809523803,0.9939229021792557,0.9969939638794699,0.003071061700214206,0.0028781492659225583,0.01394429063406362,0.010561333402532416,-0.0033829572315312046,0.001863287030358816,9.614841899103453,3.3141137524881383,-6.300728146615315,-7.788954205416074,14.091433688664884,6.01036672805473,-8.081066960610155,-6.048214426148447
D002,Chronic Kidney Disease,logistic_regression,C3,0.9998821436016558,0.9998412842525543,-4.0859349101585174e-05,-0.0001179245283018382,0.999927382299675,0.9999027291216039,-2.4653178071099013e-05,-6.682705159044566e-05,0.9925581357681125,0.9888136756452249,-0.0037444601228875385,-0.004647767400071001,0.9939229021792557,0.9898094824842878,-0.004113419694967924,-0.0032897912217344505,0.01394429063406362,0.019723698632542922,0.005779407998479301,0.007095469010067345,9.614841899103453,36.98315077104965,27.368308871946198,-3.5566868181537084,14.091433688664884,36.73163381213973,22.64020012347484,1.4273651697729637
D002,Chronic Kidney Disease,logistic_regression,C4,0.9998821436016558,0.999484126984127,-0.0003980166175288069,0.0,0.999927382299675,0.9997283635676492,-0.0001990187320258796,2.220446049250313e-16,0.9925581357681125,0.9949781267928858,0.0024199910247733047,0.0030891422834193882,0.9939229021792557,0.9949113779302459,0.0009884757509901476,0.002853882356149584,0.01394429063406362,0.028290304756908257,0.014346014122844636,0.010056627159316328,9.614841899103453,105.19549499879948,95.58065309969602,13.055465573840959,14.091433688664884,82.98045988769051,68.88902619902564,28.745871874969005
D002,Chronic Kidney Disease,logistic_regression,C5,0.9998821436016558,0.9998825179652377,3.7436358191200725e-07,0.0,0.999927382299675,0.9999258864943146,-1.4958053604630095e-06,0.0,0.9925581357681125,0.9871682770003165,-0.005389858767795963,-0.008146529888551135,0.9939229021792557,0.9889101335196174,-0.005012768659638289,-0.0033561387822969024,0.01394429063406362,0.020181676144887774,0.006237385510824154,0.0008838254167205899,9.614841899103453,17.902167194786536,8.287325295683083,-4.131847407818972,14.091433688664884,14.378039201183439,0.28660551251855537,-9.314922253813101
D002,Chronic Kidney Disease,random_forest,C2,0.9996548804005719,0.9997066666666666,5.178626609469994e-05,-0.00029333333333336764,0.9997931539488913,0.9998235681731822,3.0414224290842284e-05,-0.00017643182681781333,0.9881649012804985,0.9933333333333333,0.005168432052834793,0.0015537148594377825,0.9911087468110359,0.9960198886521192,0.004911141841083322,0.002044203658470245,0.010353935655329183,0.010098194135454985,-0.0002557415198741978,9.254861147913775e-05,10.08098877809215,-0.013181235432610482,-10.09417001352476,0.0004384232954874126,22.44451771942788,3.3570721767725447,-19.087445542655335,-4.354481697430923
D002,Chronic Kidney Disease,random_forest,C3,0.9996548804005719,0.9998799027548962,0.00022502235432431128,-0.000117260787992568,0.9997931539488913,0.9999288068413223,0.0001356528924310041,-6.839945280434634e-05,0.9881649012804985,0.9842542537559358,-0.003910647524562716,-0.010142152166617846,0.9911087468110359,0.989038188472386,-0.002070558338649886,-0.005536764918802728,0.010353935655329183,0.011211648338507234,0.0008577126831780506,0.0006229835617133275,10.08098877809215,-4.635844861331962,-14.716833639424113,-2.178401092784325,22.44451771942788,10.291287581028627,-12.153230138399252,1.3466179361133204
D002,Chronic Kidney Disease,random_forest,C4,0.9996548804005719,0.9996825396825396,2.7659281967684635e-05,0.0,0.9997931539488913,0.9998274672187716,3.431326988023731e-05,0.0,0.9881649012804985,0.9949551399558746,0.006790238675376092,0.0052441910499140265,0.9911087468110359,0.9948863049357711,0.0037775581247352363,0.003030303030303161,0.010353935655329183,0.010863365904181596,0.0005094302488524126,-0.0010974650058402455,10.08098877809215,12.719491481036712,2.638502702944562,2.5300506617451237,22.44451771942788,15.807006958299112,-6.637510761128766,4.068260981274076
D002,Chronic Kidney Disease,random_forest,C5,0.9996548804005719,1.0,0.0003451195994280676,0.0,0.9997931539488913,1.0,0.00020684605110865562,0.0,0.9881649012804985,0.9990310077519379,0.010866106471439374,0.008220381526104492,0.9911087468110359,0.9990253411306043,0.00791659431956837,0.006024315006351033,0.010353935655329183,0.009384559125949012,-0.0009693765293801709,-0.002702038940466266,10.08098877809215,7.050622427870625,-3.0303663502215255,4.746247631466568,22.44451771942788,7.27548626445158,-15.169031454976299,-2.7291696030844754
D003,ILPD Indian Liver Patient,gradient_boosted_trees,C2,0.6987617116536793,0.703758348687241,0.004996637033561679,0.026520087918408874,0.8659506636002018,0.8624632175716518,-0.003487446028550001,-0.003294391092445892,0.6431723506021806,0.6892453074619991,0.04607295685981849,0.06062841660810547,0.6746206446694641,0.6549269098378205,-0.019693734831643606,-0.02217938100237582,0.22861628373220358,0.21361303632188833,-0.015003247410315251,-0.010521208038089452,0.5095052830868019,0.5640841998903197,0.054578916803517785,-0.05169273502359606,0.30157207716870543,0.4319967092255631,0.13042463205685767,0.09594030465046821
D003,ILPD Indian Liver Patient,gradient_boosted_trees,C3,0.6987617116536793,0.7156529736141132,0.01689126196043389,0.04344701490999592,0.8659506636002018,0.8733313230090705,0.007380659408868673,0.0030073385875278857,0.6431723506021806,0.6661356945321233,0.022963343929942703,0.04156438196822432,0.6746206446694641,0.67581272584892,0.001192081179455906,0.004679843119850702,0.22861628373220358,0.20619878134231687,-0.022417502389886712,-0.018525533397823146,0.5095052830868019,0.5701796093449137,0.060674326258111866,0.008578648802869848,0.30157207716870543,0.5299847872391678,0.22841271007046232,0.19101594327828952
D003,ILPD Indian Liver Patient,gradient_boosted_trees,C4,0.6987617116536793,0.7028817845031448,0.004120072849465473,0.02753664780974141,0.8659506636002018,0.8657338604551544,-0.00021680314504735065,-0.0068105054778522245,0.6431723506021806,0.6672428756076627,0.024070525005482124,0.04350752229164634,0.6746206446694641,0.6402318744977334,-0.0343887701717307,-0.02987161221538326,0.22861628373220358,0.21287049539762867,-0.015745788334574906,-0.006622769905905129,0.5095052830868019,0.679221918410504,0.16971663532370218,0.09553751222884,0.30157207716870543,0.5787654267899246,0.27719334962121916,0.16150478412137903
D003,ILPD Indian Liver Patient,gradient_boosted_trees,C5,0.6987617116536793,0.8612340608429734,0.1624723491892941,0.19277040749557117,0.8659506636002018,0.94329802393879,0.07734736033858824,0.08188959875562907,0.6431723506021806,0.7316226964090128,0.0884503458068322,0.11385286640176906,0.6746206446694641,0.67311178429324,-0.0015088603762241082,0.012534301125977088,0.22861628373220358,0.18621322479566405,-0.042403058936539534,-0.0327866679630712,0.5095052830868019,1.4825489670836942,0.9730436839968923,0.7028251170435793,0.30157207716870543,0.9282780348869428,0.6267059577182374,0.6200882969068182
D003,ILPD Indian Liver Patient,logistic_regression,C2,0.7327619339456252,0.7396217181022571,0.0068597841566319095,0.012607285829608905,0.8889183963865234,0.8890875001680636,0.0001691037815402252,0.00014766455233350406,0.6836846757329411,0.704586020267158,0.02090134453421688,0.022053833976657722,0.6695099311097121,0.686251563158282,0.01674163204856982,-0.012493206716195027,0.20892876533938587,0.21010542113262892,0.0011766557932430532,0.00046653570834645497,0.8654899961269132,0.9160705157270411,0.05058051960012788,0.09277391273953439,0.8066709359102502,0.9842812253294196,0.17761028941916945,0.2099312700949335
D003,ILPD Indian Liver Patient,logistic_regression,C3,0.7327619339456252,0.7347534103111967,0.0019914763655715095,0.004805152364363741,0.8889183963865234,0.889093361163748,0.00017496477722467318,0.0016070741094709184,0.6836846757329411,0.6800132251648826,-0.0036714505680585097,-0.002223109203562501,0.6695099311097121,0.6923072680799501,0.022797336970238002,-0.003707780719840792,0.20892876533938587,0.20793278198171236,-0.0009959833576735078,-0.0029521992781007256,0.8654899961269132,0.8495393489516446,-0.015950647175268617,-0.00880316179617513,0.8066709359102502,0.783447623757939,-0.023223312152311215,0.011320793425476205
D003,ILPD Indian Liver Patient,logistic_regression,C4,0.7327619339456252,0.7376675426876327,0.004905608742007517,0.0009537471744045511,0.8889183963865234,0.8890533757432157,0.00013497935669237737,-0.0016048506723609357,0.6836846757329411,0.6745951868977839,-0.009089488835157256,-0.007201498459812439,0.6695099311097121,0.6828461663187965,0.013336235209084335,-0.014028170684193486,0.20892876533938587,0.2116514173058968,0.0027226519665109195,-0.000285278986516424,0.8654899961269132,1.0102030818706982,0.14471308574378494,-0.0059607582434928474,0.8066709359102502,1.4532851630818742,0.646614227171624,0.09230334597721623
D003,ILPD Indian Liver Patient,logistic_regression,C5,0.7327619339456252,0.7451046836516729,0.012342749706047762,0.01972987659419223,0.8889183963865234,0.8932088802124998,0.00429048382597641,0.0035694763831064513,0.6836846757329411,0.7009552107509709,0.017270535018029776,0.021899030640716632,0.6695099311097121,0.660661234122604,-0.008848696987108107,-0.02294568311648615,0.20892876533938587,0.22751275802476603,0.018583992685380163,0.015404218839984135,0.8654899961269132,1.176464889590345,0.31097489346343166,0.2590649196269522,0.8066709359102502,1.1200091179069618,0.3133381819967116,0.1877214754877644
D003,ILPD Indian Liver Patient,random_forest,C2,0.7210821825806323,0.7208767561031783,-0.0002054264774540293,0.0009692409652436451,0.879066146873432,0.8716609333025906,-0.00740521357084134,-0.0071795513359738106,0.6806624504707116,0.7034920543528328,0.022829603882121186,0.028452756943506796,0.6975613749840152,0.7202354482167547,0.02267407323273951,0.021085478574981775,0.20129470555408957,0.19384384822325817,-0.007450857330831395,-0.007385010549939813,0.6883079056362792,0.5555089041285504,-0.13279900150772883,-0.1487323716909844,0.7681016354443878,0.7303568246726324,-0.0377448107717554,0.010763499170150737
D003,ILPD Indian Liver Patient,random_forest,C3,0.7210821825806323,0.7160054776722916,-0.005076704908340668,-0.006211415590962055,0.879066146873432,0.8795077593543015,0.000441612480869491,-0.0009363450523569572,0.6806624504707116,0.6902845340336459,0.009622083562934258,0.01568965101364561,0.6975613749840152,0.6924980657431163,-0.005063309240898817,-0.0012408131889971585,0.20129470555408957,0.20169693812395117,0.0004022325698616047,-0.0017410861773251296,0.6883079056362792,0.6650664135965947,-0.023241492039684508,0.003257678023496857,0.7681016354443878,0.7606434542937568,-0.007458181150631016,0.06342265083812515
D003,ILPD Indian Liver Patient,random_forest,C4,0.7210821825806323,0.7282447595850815,0.007162577004449222,0.018548001371289757,0.879066146873432,0.8782544875897664,-0.0008116592836655556,-0.0003991015451751956,0.6806624504707116,0.6818338775549725,0.0011714270842608787,0.006590742851401155,0.6975613749840152,0.7093947702240945,0.011833395240079314,-0.007912009513347584,0.20129470555408957,0.2030064797125003,0.0017117741584107282,-0.002597193250363339,0.6883079056362792,0.7248587932462603,0.03655088760998115,0.05260865611799703,0.7681016354443878,0.7673816166371004,-0.000720018807287448,0.10519881051168078
D003,ILPD Indian Liver Patient,random_forest,C5,0.7210821825806323,0.8384393615047084,0.11735717892407616,0.11926854692396982,0.879066146873432,0.9334577270994412,0.054391580226009206,0.05451639287624854,0.6806624504707116,0.7337651957350134,0.05310274526430181,0.05788287301284445,0.6975613749840152,0.6876628729987623,-0.009898501985252883,-0.027853673345476615,0.20129470555408957,0.19173378962501583,-0.009560915929073738,0.0005482177545698408,0.6883079056362792,1.481161562947154,0.7928536573108748,0.8115269265466077,0.7681016354443878,1.4969657894943502,0.7288641540499624,0.8851644294292768
D005,Heart Disease Cleveland,gradient_boosted_trees,C2,0.8823455870046141,0.8964511317775048,0.014105544772890721,-0.004111877912242656,0.8711561250166616,0.8923410161211542,0.02118489110449262,-0.000746558826993371,0.7925337195759452,0.8398293560273732,0.04729563645142798,0.03621480494378193,0.7629210115208854,0.8237497246089447,0.06082871308805926,0.02718475767913886,0.13990676649120068,0.12714412298445424,-0.01276264350674644,-0.0008440325474263766,-0.09544538847473388,-0.08745634437676565,0.007989044097968231,0.05437106505178178,0.8312164872366156,0.9965928468220079,0.16537635958539232,0.15389458839205894
D005,Heart Disease Cleveland,gradient_boosted_trees,C3,0.8823455870046141,0.8753527649407706,-0.00699282206384344,-0.008117189256310886,0.8711561250166616,0.8687251680513245,-0.0024309569653371277,-0.005479924908209255,0.7925337195759452,0.8007527970574095,0.008219077481464332,-0.0009512169752443622,0.7629210115208854,0.7767671054435761,0.01384609392269065,0.0007612362787503546,0.13990676649120068,0.1420189014363243,0.0021121349451236338,0.0043635579912083555,-0.09544538847473388,-0.10433986751406206,-0.008894479039328176,0.009483414309328114,0.8312164872366156,0.9001525436420211,0.06893605640540557,-0.032244867633130614
D005,Heart Disease Cleveland,gradient_boosted_trees,C4,0.8823455870046141,0.8802846520930588,-0.0020609349115552345,-0.010511175558965968,0.8711561250166616,0.870333963600272,-0.0008221614163895774,0.00017731739532556023,0.7925337195759452,0.8049439123159058,0.01241019273996058,-0.001079406777528158,0.7629210115208854,0.7837378159858996,0.020816804465014216,-0.004379296749884576,0.13990676649120068,0.14043382393957873,0.0005270574483780543,0.012029970272140783,-0.09544538847473388,-0.15018801837212242,-0.05474262989738854,-0.042760051732052246,0.8312164872366156,1.2507242208282114,0.4195077335915959,0.2887348255983495
D005,Heart Disease Cleveland,gradient_boosted_trees,C5,0.8823455870046141,0.8857729767742314,0.0034273897696173172,-0.016745238043837984,0.8711561250166616,0.8714688491587742,0.0003127241421125859,-0.022351037101048243,0.7925337195759452,0.8187693777358831,0.02623565815993789,0.02934286868422631,0.7629210115208854,0.7992337250764217,0.036312713555536225,0.019040526203777164,0.13990676649120068,0.13622568645086933,-0.0036810800403313526,0.014190741776577392,-0.09544538847473388,-0.10070846437075776,-0.005263075896023872,0.002928549646613543,0.8312164872366156,0.8437850669420087,0.012568579705393157,-0.15676198149144027
D005,Heart Disease Cleveland,logistic_regression,C2,0.8849046310107967,0.8975478154062115,0.012643184395414786,0.007411322826109901,0.873787295108604,0.8839431959723085,0.010155900863704548,-0.009809965215799687,0.8178931600386968,0.8446766976662573,0.026783537627560472,0.03778684838510371,0.7949357703784431,0.8290536801328168,0.034117909754373676,0.03492305347791835,0.14599927526228182,0.12175599928960465,-0.02424327597267717,-0.015201806308924343,-0.21570589956944017,-0.14107076531394697,0.0746351342554932,0.10916663700561569,1.7381982877820918,0.8924071986602764,-0.8457910891218154,-0.26156157465819696
D005,Heart Disease Cleveland,logistic_regression,C3,0.8849046310107967,0.8926731779223805,0.007768546911583796,0.008668463635480128,0.873787295108604,0.8786627226061517,0.0048754274975477685,0.009519475158670576,0.8178931600386968,0.8205287165550983,0.0026355565164014605,0.014004077683323013,0.7949357703784431,0.7924411154141732,-0.0024946549642699267,0.005252089394484294,0.14599927526228182,0.14935688939282984,0.0033576141305480256,0.00524132367210739,-0.21570589956944017,-0.1788621238269715,0.036843775742468665,0.017826348623068144,1.7381982877820918,2.0703133426320517,0.33211505484995985,0.8032502497070635
D005,Heart Disease Cleveland,logistic_regression,C4,0.8849046310107967,0.8892678263410283,0.004363195330231551,0.01643511976981271,0.873787295108604,0.8792878695859069,0.0055005744773029,0.014902399139601452,0.8178931600386968,0.829318411620915,0.011425251582218188,0.02935873686745305,0.7949357703784431,0.8058578266127961,0.01092205623435305,0.03147376894949716,0.14599927526228182,0.14320188961092198,-0.0027973856513598405,0.008493448766805939,-0.21570589956944017,-0.19201236674195643,0.023693532827483738,0.04323567337790413,1.7381982877820918,2.1690170421157773,0.43081875433368544,1.1091168166913878
D005,Heart Disease Cleveland,logistic_regression,C5,0.8849046310107967,0.8970445961325866,0.01213996512178983,0.020761840301845913,0.873787295108604,0.8796142760253195,0.005826980916715518,0.016434725066129863,0.8178931600386968,0.8307064248031143,0.012813264764417465,0.03519693322810635,0.7949357703784431,0.8060269131004762,0.011091142722033154,0.03140128823871868,0.14599927526228182,0.13928716381816642,-0.006712111444115404,-0.0019490221004434538,-0.21570589956944017,-0.20702105929747386,0.00868484027196631,0.03829752925288091,1.7381982877820918,1.893650459461769,0.15545217167967706,0.039179465831091775
D005,Heart Disease Cleveland,random_forest,C2,0.9033940583472525,0.910686085278119,0.007292026930866502,-0.001946900930718587,0.8954308615605197,0.902064759355658,0.006633897795138344,-0.0075016401299133895,0.8258151822946268,0.8448302333742762,0.019015051079649403,0.014817876689253162,0.8018073239859772,0.8273130544993663,0.025505730513389113,0.01713264212823229,0.1296230902142732,0.128346176120811,-0.0012769140934622003,0.003092588396184287,-0.13345734926476288,-0.03485013595496017,0.09860721330980271,0.06555233372764749,1.8583592290128452,1.8140878290044942,-0.04427140000835106,-0.005082752508107191
D005,Heart Disease Cleveland,random_forest,C3,0.9033940583472525,0.8989332413643677,-0.004460816982884808,-0.012428464208649959,0.8954308615605197,0.8876646818461174,-0.007766179714402299,-0.011833859183229878,0.8258151822946268,0.8218015907295922,-0.004013591565034558,-0.013987316060305122,0.8018073239859772,0.8014700404579318,-0.00033728352804540673,-0.009790593522246205,0.1296230902142732,0.12966706334659817,4.397313232495925e-05,0.0010003063761468423,-0.13345734926476288,-0.13499568112490726,-0.0015383318601443763,-0.005205601163465218,1.8583592290128452,1.7336132204842256,-0.12474600852861961,-0.3430433127383057
D005,Heart Disease Cleveland,random_forest,C4,0.9033940583472525,0.8979042075365832,-0.005489850810669328,-0.010095224692747928,0.8954308615605197,0.8916429657639587,-0.003787895796560914,-0.010052162012999633,0.8258151822946268,0.8358133285656996,0.009998146271072761,0.011193900937643164,0.8018073239859772,0.8116305413045346,0.009823217318557398,0.019568691571518304,0.1296230902142732,0.13016658069573162,0.0005434904814584085,0.00754137946143299,-0.13345734926476288,-0.15354586207111087,-0.02008851280634799,0.003244598704141871,1.8583592290128452,1.7267626412239843,-0.13159658778886096,-0.20742046578917583
D005,Heart Disease Cleveland,random_forest,C5,0.9033940583472525,0.9103272279243709,0.006933169577118425,0.004938080495356045,0.8954308615605197,0.9000134507448893,0.004582589184369601,0.0010535371044189112,0.8258151822946268,0.8233627547277881,-0.002452427566838722,-0.019035313412175348,0.8018073239859772,0.8035945190444341,0.0017871950584569252,-0.010706728160607693,0.1296230902142732,0.12511246299925935,-0.004510627215013857,0.00046758504630844966,-0.13345734926476288,-0.2840809328873344,-0.1506235836225715,-0.18184835914661748,1.8583592290128452,1.8968460414983903,0.038486812485545085,0.1605345467482806
D006,SPECT Heart,gradient_boosted_trees,C2,0.7961057455150864,0.8102272727272728,0.014121527212186402,0.007930556715401771,0.9295647383006497,0.9380187541232883,0.008454015822638605,0.011521978802693678,0.7021370982738947,0.7586406518010291,0.05650355352713443,0.05027668121279383,0.8220472738637907,0.7791887939659816,-0.04285847989780911,-0.06626725089629781,0.164013675870751,0.14991850017813563,-0.01409517569261537,0.000790261615500415,1.1305614117885268,0.6997172303560604,-0.4308441814324664,-0.38913774546596325,0.6073322055494252,0.49324351447572,-0.11408869107370523,-0.14451225356485609
D006,SPECT Heart,gradient_boosted_trees,C3,0.7961057455150864,0.779978120008746,-0.016127625506340393,-0.025669958309779473,0.9295647383006497,0.9271300257908042,-0.0024347125098455047,-0.005847361147034547,0.7021370982738947,0.6839734252235967,-0.01816367305029798,-0.011907286953242835,0.8220472738637907,0.839979757681283,0.01793248381749224,0.01553211777282093,0.164013675870751,0.16272414898408247,-0.0012895268866685294,-0.0020886523888679343,1.1305614117885268,0.9951571969327707,-0.13540421485575604,-0.1201085283405614,0.6073322055494252,0.5170978825218853,-0.09023432302753998,-0.18182406720019395
D006,SPECT Heart,gradient_boosted_trees,C4,0.7961057455150864,0.8322116400843192,0.036105894569232855,0.04946728285690716,0.9295647383006497,0.9421930564077705,0.01262831810712084,0.012098512568841091,0.7021370982738947,0.7034173313266843,0.00128023305278957,-0.0025417138009050655,0.8220472738637907,0.8532816314691593,0.031234357605368523,0.055279249255367646,0.164013675870751,0.15528728952626128,-0.008726386344489717,-0.014216166013849979,1.1305614117885268,1.0953753402453028,-0.03518607154322395,-0.1424569337545849,0.6073322055494252,0.7666824445788044,0.15935023902937917,0.06979519400955536
D006,SPECT Heart,gradient_boosted_trees,C5,0.7961057455150864,0.8688244962704195,0.07271875075533307,0.06302233993218498,0.9295647383006497,0.9611246908032594,0.03155995250260968,0.042019438868801995,0.7021370982738947,0.7920063697720098,0.08986927149811508,0.10986909817520951,0.8220472738637907,0.810674400155356,-0.01137287370843476,-0.03315408773273609,0.164013675870751,0.16923205723076132,0.005218381360010321,0.017629742348382854,1.1305614117885268,1.8679522956950922,0.7373908839065655,0.8060825112754142,0.6073322055494252,0.9288551360087589,0.32152293045933367,0.27332284183906475
D006,SPECT Heart,logistic_regression,C2,0.8107353561712278,0.8417238421955403,0.030988486024312478,0.03884748196377108,0.9325999082065967,0.9477656170353026,0.015165708828705937,0.014615241172139415,0.7207789309618868,0.7782161234991424,0.057437192537255544,0.03941404016580907,0.7933851716938273,0.8595710394045197,0.06618586771069246,0.037035828136914084,0.1773184751814332,0.17816378146105377,0.0008453062796205668,0.006526051950748568,1.2470595595240364,1.4013355668090646,0.15427600728502822,0.2083783035107878,0.6676574631679606,1.2403127780441625,0.5726553148762019,0.4797715230751014
D006,SPECT Heart,logistic_regression,C3,0.8107353561712278,0.8064354716371528,-0.004299884534075038,-0.0014517278788279686,0.9325999082065967,0.9334061166749236,0.0008062084683269077,0.007369612052305685,0.7207789309618868,0.7298280631486757,0.009049132186788822,-0.03183210784313717,0.7933851716938273,0.8042103436066285,0.01082517191280119,0.045928841019976074,0.1773184751814332,0.18063925388138222,0.003320778699949012,-0.0007670840616985086,1.2470595595240364,1.2703431234449343,0.02328356392089792,-0.08759963533402093,0.6676574631679606,0.7434181473048591,0.07576068413689852,0.00463614740918894
D006,SPECT Heart,logistic_regression,C4,0.8107353561712278,0.8374917806255588,0.026756424454331018,0.031108014768230774,0.9325999082065967,0.9470663620386675,0.014466453832070791,0.015274761429895034,0.7207789309618868,0.6795669024728573,-0.041212028489029495,-0.045773237179487225,0.7933851716938273,0.8406593219646155,0.047274150270788184,0.04468492239989641,0.1773184751814332,0.17827340290826366,0.0009549277268304512,0.009422963043974497,1.2470595595240364,1.5746623450811226,0.3276027855570862,0.38648438534559215,0.6676574631679606,1.3222420951229747,0.6545846319550142,0.3183704659206079
D006,SPECT Heart,logistic_regression,C5,0.8107353561712278,0.8567895900787686,0.04605423390754082,0.05090490743357834,0.9325999082065967,0.9550424369156424,0.022442528709045728,0.032673703825294775,0.7207789309618868,0.7626038557770561,0.041824924815169306,0.023613075037707376,0.7933851716938273,0.8094838114571727,0.016098639763345468,0.02928232258841712,0.1773184751814332,0.1751695377542565,-0.0021489374271767003,0.006294125962950314,1.2470595595240364,1.5654441194077435,0.3183845598837072,0.13366155489299159,0.6676574631679606,1.2262387738782679,0.5585813107103073,0.27964221645608944
D006,SPECT Heart,random_forest,C2,0.7925984364659889,0.8317324185248713,0.03913398205888241,0.03536293323075368,0.9362617776808849,0.9449399787111519,0.008678201030266952,0.01504710847823465,0.6758205618174485,0.7835977701543739,0.10777720833692539,0.11374482897790339,0.8597013170576983,0.8524349286314021,-0.007266388426296122,-0.016290506517390724,0.1525773888803653,0.1435223043493217,-0.009055084531043589,-0.0036668815959942924,1.136352775343703,0.9026691330039759,-0.23368364233972716,-0.2686525778724337,1.049937916263529,1.2514885541565235,0.20155063789299454,0.35389744673428225
D006,SPECT Heart,random_forest,C3,0.7925984364659889,0.7876077631018213,-0.004990673364167586,-0.00202205882352946,0.9362617776808849,0.9324221312820927,-0.003839646398792196,-0.0064876966595652785,0.6758205618174485,0.668768838193031,-0.007051723624417527,0.04100078842725907,0.8597013170576983,0.8485622800671107,-0.011139036990587603,-0.0059319306502192415,0.1525773888803653,0.15051323555269147,-0.0020641533276738178,0.0016352894255129424,1.136352775343703,1.0272948427456274,-0.10905793259807561,-0.2718042798654787,1.049937916263529,0.9107838479683256,-0.13915406829520338,-0.07205323379419182
D006,SPECT Heart,random_forest,C4,0.7925984364659889,0.8129339475917621,0.020335511125773142,0.02740207861990962,0.9362617776808849,0.9365470777213573,0.00028530004047233604,-0.0009355072338388393,0.6758205618174485,0.6770790145720523,0.0012584527546037894,0.020772058823529505,0.8597013170576983,0.8552873145167421,-0.004414002540956141,0.01964381175885166,0.1525773888803653,0.15093487472090647,-0.0016425141594588188,-0.005502954462005327,1.136352775343703,1.151077117120884,0.01472434177718096,-0.05379335218751402,1.049937916263529,0.8885943687712955,-0.16134354749223345,0.04020593251520932
D006,SPECT Heart,random_forest,C5,0.7925984364659889,0.8787343264992185,0.08613589003322952,0.0952320504250651,0.9362617776808849,0.9665199678051107,0.030258190124225814,0.03905019882137728,0.6758205618174485,0.7901869524654601,0.11436639064801157,0.13754006410256414,0.8597013170576983,0.8382990209298322,-0.02140229612786604,-0.05157642773429871,0.1525773888803653,0.16951759612999237,0.01694020724962708,0.021080646760126,1.136352775343703,1.960782484289061,0.824429708945358,0.883835700699203,1.049937916263529,1.3028109790553866,0.2528730627918576,0.41595253764586293
D009,Cervical Cancer Risk Factors,gradient_boosted_trees,C2,0.5532253235495616,0.5639420355485112,0.010716711998949635,0.013069434484063613,0.11758451431162831,0.09692639434917805,-0.02065811996245026,-0.021817903905384878,0.5350651894281332,0.5732876712328767,0.038222481804743524,0.04861081507017151,0.1246682360537084,0.1468059613646396,0.02213772531093121,0.02946361902229727,0.11786581374823775,0.08361124588016981,-0.03425456786806794,-0.02830834378150604,-2.488865380504652,-2.2207958649782977,0.26806951552635416,0.25108837505778325,0.18921728232308033,0.06929220446586955,-0.11992507785721078,-0.02005897611654922
D009,Cervical Cancer Risk Factors,gradient_boosted_trees,C3,0.5532253235495616,0.5478537981492265,-0.005371525400335031,0.0022595137343338623,0.11758451431162831,0.11451624734672065,-0.003068266964907654,-0.004873080535774302,0.5350651894281332,0.5416692085312218,0.00660401910308861,0.01256347164366034,0.1246682360537084,0.12968346026601948,0.005015224212311084,0.004973250561485856,0.11786581374823775,0.1168987652734615,-0.0009670484747762442,-0.012887805801791455,-2.488865380504652,-2.4155796102466476,0.07328577025800431,0.010132479210632539,0.18921728232308033,0.10662139648166886,-0.08259588584141146,-0.020702424406765618
D009,Cervical Cancer Risk Factors,gradient_boosted_trees,C4,0.5532253235495616,0.5419993916516057,-0.011225931897955843,-0.014801465498147759,0.11758451431162831,0.09781232665651989,-0.019772187655108422,-0.019572798612195005,0.5350651894281332,0.5192376460817368,-0.015827543346396356,-0.005629464002105511,0.1246682360537084,0.10041393672890969,-0.02425429932479871,-0.008320009246595123,0.11786581374823775,0.1807106834319805,0.06284486968374274,0.06823804092310688,-2.488865380504652,-2.629667145925888,-0.1408017654212359,-0.14160406101004153,0.18921728232308033,0.09448470057623444,-0.09473258174684589,-0.019241963233667947
D009,Cervical Cancer Risk Factors,gradient_boosted_trees,C5,0.5532253235495616,0.9727854816970988,0.4195601581475372,0.44610944466759817,0.11758451431162831,0.8048912810362195,0.6873067667245912,0.8015228399768033,0.5350651894281332,0.8685676575818467,0.33350246815371354,0.33263729251834995,0.1246682360537084,0.3863385525673834,0.261670316513675,0.21766550695122125,0.11786581374823775,0.08468480369793342,-0.03318101005030433,-0.05149522752078972,-2.488865380504652,-9.765402703274848,-7.276537322770196,-5.3621803308517135,0.18921728232308033,3.2038536283735097,3.0146363460504295,2.605710826022687
D009,Cervical Cancer Risk Factors,logistic_regression,C2,0.573040618976801,0.5577267066681761,-0.015313912308624889,-0.022375592281686285,0.11703530059371448,0.10038869040111748,-0.016646610192597,-0.006813125016615115,0.561184722052055,0.5952054794520547,0.03402075739999966,0.018346483300411887,0.15274725846413686,0.1766980146290491,0.02395075616491224,0.018221356152390622,0.22446157816739257,0.2175269606843696,-0.006934617483022959,-0.010726367295270156,-2.6967642362020166,-2.6243951298838075,0.07236910631820903,0.01821796106079221,0.5449871141455825,0.3704786040868732,-0.17450851005870932,-0.13311921789267994
D009,Cervical Cancer Risk Factors,logistic_regression,C3,0.573040618976801,0.5814547908434005,0.00841417186659943,-0.0044238813989051495,0.11703530059371448,0.13572787897948033,0.01869257838576585,0.00841815739183703,0.561184722052055,0.5779388810318845,0.01675415897982946,-0.028541590287067153,0.15274725846413686,0.19375529922113774,0.041008040757000874,-0.0006091636526419086,0.22446157816739257,0.2252863182298729,0.0008247400624803447,-0.004961449918490707,-2.6967642362020166,-2.6929070294581035,0.0038572067439130997,0.009892697108297988,0.5449871141455825,0.6609446198797768,0.11595750573419428,0.035898494845011175
D009,Cervical Cancer Risk Factors,logistic_regression,C4,0.573040618976801,0.6523416078602072,0.0793009888834062,0.08001674866918529,0.11703530059371448,0.14164589366760913,0.024610593073894654,0.017777834370327122,0.561184722052055,0.6207990083225267,0.059614286270471606,0.034480054485968914,0.15274725846413686,0.21512973252982684,0.062382474065689975,0.04678649941807836,0.22446157816739257,0.22512725390307878,0.0006656757356862109,-0.0014369635389558932,-2.6967642362020166,-2.688045110076865,0.008719126125151355,0.0034364003123692477,0.5449871141455825,0.8254144544378317,0.28042734029224914,0.27231380729075716
D009,Cervical Cancer Risk Factors,logistic_regression,C5,0.573040618976801,0.648722090631991,0.07568147165519001,0.05379358134889556,0.11703530059371448,0.1603773075824634,0.04334200698874893,0.06416710424194151,0.561184722052055,0.6139289003303786,0.05274417827832356,0.0230687290009024,0.15274725846413686,0.19963670255739863,0.04688944409326176,0.0362456228597961,0.22446157816739257,0.2863208126015308,0.06185923443413824,0.050244780534857314,-2.6967642362020166,-2.961736042677441,-0.2649718064754243,-0.2934459978186883,0.5449871141455825,0.894011332724976,0.3490242185793935,0.3051918030213623
D009,Cervical Cancer Risk Factors,random_forest,C2,0.6108023447511485,0.5779236952337824,-0.032878649517366076,-0.016278359668014608,0.12872265570002478,0.10242648851832528,-0.026296167181699498,-0.008689562076074742,0.5595175082693825,0.5948318804483188,0.03531437217893629,0.038542843551141126,0.14357923838763567,0.1641518300005221,0.020572591612886437,0.021674381546913868,0.1407679380137028,0.09442682853447612,-0.04634110947922668,-0.036497013250646776,-2.459910875311715,-2.3994997186522804,0.06041115665943453,0.052457575928476885,0.4597849825066253,0.2158344283957982,-0.2439505541108271,-0.022358761344369094
D009,Cervical Cancer Risk Factors,random_forest,C3,0.6108023447511485,0.5693346696660667,-0.04146767508508176,-0.02624799507273723,0.12872265570002478,0.12559749587067873,-0.0031251598293460525,0.01446775217663357,0.5595175082693825,0.5454222677581749,-0.014095240511207585,-0.00877602278027012,0.14357923838763567,0.13694713767770458,-0.006632100709931088,0.00332674735058755,0.1407679380137028,0.1561642960080195,0.015396357994316712,0.028862137316222947,-2.459910875311715,-2.496815096558229,-0.03690422124651427,-0.02172249010068228,0.4597849825066253,0.21479852932739976,-0.24498645317922554,-0.11958302782105863
D009,Cervical Cancer Risk Factors,random_forest,C4,0.6108023447511485,0.5827005531730397,-0.02810179157810877,-0.028399311589760057,0.12872265570002478,0.11842112578428728,-0.010301529915737503,-0.003511020668764714,0.5595175082693825,0.5535137613533205,-0.0060037469160619805,-0.023796376849203438,0.14357923838763567,0.15292309560392328,0.00934385721628761,0.0016965397359351708,0.1407679380137028,0.19209956605934764,0.05133162804564484,0.06040655105143661,-2.459910875311715,-2.5962347179700527,-0.13632384265833775,-0.039352405226463105,0.4597849825066253,0.5204936060944337,0.06070862358780843,0.14116567776139205
D009,Cervical Cancer Risk Factors,random_forest,C5,0.6108023447511485,0.9253934402159908,0.3145910954648423,0.3519517912520491,0.12872265570002478,0.6177718977580597,0.48904924205803496,0.4368730409801085,0.5595175082693825,0.7796572532409606,0.22013974497157807,0.21291259480445401,0.14357923838763567,0.2980797326716154,0.15450049428397974,0.153035925144321,0.1407679380137028,0.15755591842682362,0.016787980413120823,0.045356352549146994,-2.459910875311715,-3.6033858317002143,-1.1434749563884994,-1.1001926285647121,0.4597849825066253,1.8216809712331772,1.3618959887265518,1.3022552428438716
D010,HCV Data,gradient_boosted_trees,C2,0.9805094919106933,0.9882801751094434,0.007770683198750183,0.008097952232764216,0.9312700963516937,0.9596551926911318,0.028385096339438087,0.02727299626258539,0.9232477638304905,0.9516072545340839,0.02835949070359345,0.02861177703926332,0.8054962708526107,0.8864014951448422,0.08090522429223157,0.057481634517664526,0.030939190428636396,0.018862743685154552,-0.012076446743481843,-0.015414898045497692,-0.3271908626965831,-0.17084330239374787,0.15634756030283523,0.08000271807474743,0.5687163451114603,0.9369590580534872,0.36824271294202693,0.5085208065672681
D010,HCV Data,gradient_boosted_trees,C3,0.9805094919106933,0.9717387533385633,-0.008770738572129955,0.005346098894659312,0.9312700963516937,0.9186637554384892,-0.01260634091320445,-0.0017795307015826545,0.9232477638304905,0.9075753025348702,-0.015672461295620277,-0.004505128892112409,0.8054962708526107,0.7927146844351086,-0.012781586417502044,-0.020527545157005833,0.030939190428636396,0.032254538656369854,0.001315348227733458,-0.00476170659367315,-0.3271908626965831,-0.1730759059735345,0.1541149567230486,0.0013719064294098748,0.5687163451114603,0.6045685922791274,0.035852247167667106,0.06280024367025239
D010,HCV Data,gradient_boosted_trees,C4,0.9805094919106933,0.9407001385810162,-0.039809353329677055,-0.03720548604541252,0.9312700963516937,0.8393900364968144,-0.09188005985487924,-0.0811557196671564,0.9232477638304905,0.8735273866260087,-0.04972037720448175,-0.05805276516838731,0.8054962708526107,0.67228180878086,-0.1332144620717507,-0.14169763840495553,0.030939190428636396,0.05217697089950122,0.021237780470864824,0.01570820816315871,-0.3271908626965831,-0.6647542167695477,-0.3375633540729646,-0.4240215286620104,0.5687163451114603,0.5226673466823503,-0.04604899842911003,-0.05830282483668514
D010,HCV Data,gradient_boosted_trees,C5,0.9805094919106933,0.9999378156131287,0.019428323702435413,0.01981777712332078,0.9312700963516937,0.9996722442642746,0.06840214791258092,0.06761780357145364,0.9232477638304905,0.9817653954322756,0.058517631601785136,0.059168954062506995,0.8054962708526107,0.8808920880298211,0.07539581717721044,0.06345465674733974,0.030939190428636396,0.017571268063288657,-0.013367922365347739,-0.018445517548012512,-0.3271908626965831,-97.89994230065024,-97.57275143795366,-40.27622128167494,0.5687163451114603,25.95581606540287,25.38709972029141,12.24920628865797
D010,HCV Data,logistic_regression,C2,0.9574540435823744,0.9592620387742339,0.0018079951918594794,0.0020281651037631354,0.8552998034283296,0.8604248450471376,0.005125041618808002,-0.0007758362380158035,0.8924780580577161,0.9028267667292058,0.010348708671489737,0.007231329072050707,0.6945435992470705,0.665207927597663,-0.029335671649407535,-0.02807270481340418,0.06314914716790647,0.06487158113413674,0.0017224339662302718,0.005476416286496477,-1.9347987975152046,-2.033714252772587,-0.09891545525738255,-0.21442005354411964,1.0255993527697993,0.8171420143285639,-0.20845733844123537,-0.21487267111186448
D010,HCV Data,logistic_regression,C3,0.9574540435823744,0.9558190205273346,-0.0016350230550398193,-0.0044294710105303725,0.8552998034283296,0.8625583962497602,0.007258592821430598,0.007503225906562383,0.8924780580577161,0.8930200259402231,0.000541967882507044,0.0005845228117141721,0.6945435992470705,0.6998598886272243,0.005316289380153716,0.03374142641246225,0.06314914716790647,0.062171432863049186,-0.0009777143048572828,-0.0022605974283096686,-1.9347987975152046,-1.9345300122257614,0.00026878528944318525,0.02685793934337455,1.0255993527697993,0.9905323759698389,-0.0350669767999604,0.08133873502000077
D010,HCV Data,logistic_regression,C4,0.9574540435823744,0.948192728852649,-0.009261314729725356,-0.0070750581270397905,0.8552998034283296,0.8494105253053208,-0.005889278123008768,-0.00921000788076276,0.8924780580577161,0.8880327870560568,-0.004445271001659257,-0.010599553391607897,0.6945435992470705,0.7012366919564846,0.006693092709414095,0.010819734785995294,0.06314914716790647,0.1073051556889203,0.044156008521013826,0.005929796881538302,-1.9347987975152046,-2.1515827120508515,-0.21678391453564694,-0.3308467792977232,1.0255993527697993,2.6595788075792934,1.6339794548094941,0.5453190510275441
D010,HCV Data,logistic_regression,C5,0.9574540435823744,0.9696200079347684,0.012165964352394032,0.015104600239232213,0.8552998034283296,0.8900928983776689,0.034793094949339354,0.03216972066974977,0.8924780580577161,0.9238455407736011,0.031367482715885076,0.03598525163281441,0.6945435992470705,0.7796458156203284,0.08510221637325788,0.10410031996988511,0.06314914716790647,0.057768316966055645,-0.005380830201850824,5.184485421209917e-05,-1.9347987975152046,-2.1379418853171313,-0.2031430878019267,-0.04331581886020941,1.0255993527697993,1.0139578146067696,-0.011641538163029708,0.002475916197941741
D010,HCV Data,random_forest,C2,0.9786451688948166,0.9855784865540964,0.006933317659279847,0.0020657659948268847,0.9345733120675538,0.9629508989324709,0.028377586864917093,0.020182919660621357,0.9315844926689573,0.963733583489681,0.0321490908207237,0.0140459677346495,0.7928512735166544,0.8329480511141077,0.04009677759745334,0.024362192528249227,0.03295717370324689,0.023313791132250152,-0.009643382570996738,-0.005507222706887631,-0.12947431515201283,0.2672954966821115,0.3967698118341243,0.4000251779492613,2.116608030219407,1.7678075056412248,-0.348800524578182,0.051423597640114505
D010,HCV Data,random_forest,C3,0.9786451688948166,0.9770834273598026,-0.001561741535013983,-0.0026950417159085083,0.9345733120675538,0.9286480115347748,-0.005925300532778954,-0.00787872557707825,0.9315844926689573,0.9279009277744875,-0.0036835648944697486,0.0,0.7928512735166544,0.7999519274923084,0.007100653975653959,0.008080808080808133,0.03295717370324689,0.03417793257015642,0.0012207588669095326,0.0012502177686008961,-0.12947431515201283,-0.3580259699527814,-0.22855165480076858,-0.5504252376711657,2.116608030219407,2.0010603021741074,-0.11554772804529945,0.024336259983745556
D010,HCV Data,random_forest,C4,0.9786451688948166,0.9459098174400501,-0.03273535145476647,-0.03216587649531233,0.9345733120675538,0.8529831387715293,-0.08159017329602447,-0.10059141208811262,0.9315844926689573,0.8938173680298743,-0.03776712463908294,-0.04835890543499344,0.7928512735166544,0.6958392740240744,-0.09701199949257999,-0.1097965123388851,0.03295717370324689,0.0495715771201743,0.01661440341692741,0.019467135669773598,-0.12947431515201283,-0.9416796488410454,-0.8122053336890326,-0.5708957243056704,2.116608030219407,0.9945357141621973,-1.1220723160572095,-0.6884483104012418
D010,HCV Data,random_forest,C5,0.9786451688948166,0.9999127856270714,0.021267616732254857,0.016487279440730473,0.9345733120675538,0.9992613206898922,0.06468800862233837,0.05723202072815048,0.9315844926689573,0.9810690664066161,0.0494845737376588,0.033089222791037876,0.7928512735166544,0.8854613637503536,0.09261009023369915,0.0902774465729872,0.03295717370324689,0.017118305123932902,-0.015838868579313988,-0.011076440026101888,-0.12947431515201283,-16.59699147108677,-16.467517155934758,-6.773073507447123,2.116608030219407,15.941364078645535,13.824756048426128,4.334636752099851
D011,Mammographic Mass,gradient_boosted_trees,C2,0.8547460908688104,0.8506663182649594,-0.004079772603850951,-0.00023321414104526816,0.8104463598304495,0.8018148055708018,-0.008631554259647789,-0.0004385822732088096,0.7893203105101175,0.7932094329762216,0.003889122466104067,0.004620727329045171,0.7825132011190314,0.7870881364406543,0.004574935321622897,0.0042560796500695774,0.1522538238998183,0.15560036208270223,0.0033465381828839125,0.0016428297465722053,-0.12020491397567046,-0.10242571171989208,0.01777920225577838,0.06879818050180235,0.9559964261829031,0.8118442378097972,-0.14415218837310595,-0.11401004185396058
D011,Mammographic Mass,gradient_boosted_trees,C3,0.8547460908688104,0.8520466990209495,-0.0026993918478608325,-0.0025878936341221515,0.8104463598304495,0.804736483686602,-0.005709876143847548,0.005764777064838578,0.7893203105101175,0.7960490288397876,0.006728718329670036,0.010177229824002043,0.7825132011190314,0.7853059608918732,0.0027927597728417686,0.007828648624219059,0.1522538238998183,0.1525891616823484,0.0003353377825300874,-0.0005498621626205957,-0.12020491397567046,-0.1137246804603144,0.006480233515356051,-0.012944663276610813,0.9559964261829031,0.9330340733050745,-0.022962352877828662,-0.026420382918133423
D011,Mammographic Mass,gradient_boosted_trees,C4,0.8547460908688104,0.8320695959016108,-0.02267649496719959,-0.01562777552451078,0.8104463598304495,0.7568595970716987,-0.05358676275875085,-0.034993615720185,0.7893203105101175,0.7915562953287077,0.00223598481859022,-0.00075703814759287,0.7825132011190314,0.7745954327784412,-0.007917768340590214,-0.015162830396955651,0.1522538238998183,0.15408030563406805,0.0018264817342497353,-0.0036732425262400448,-0.12020491397567046,-0.12890289421584997,-0.00869798024017951,0.008574759784453767,0.9559964261829031,0.9794040601111335,0.02340763392823031,0.10425850704176065
D011,Mammographic Mass,gradient_boosted_trees,C5,0.8547460908688104,0.8452334939976844,-0.009512596871125933,-0.003906421167312102,0.8104463598304495,0.7852411501676818,-0.025205209662767736,-0.011028398747673807,0.7893203105101175,0.8015577531726819,0.012237442662564324,0.013047207818799866,0.7825132011190314,0.7908794349932937,0.008366233874262274,0.011233862959284968,0.1522538238998183,0.153440491755064,0.0011866678552456822,3.239327771742406e-05,-0.12020491397567046,-0.19584454303942153,-0.07563962906375107,-0.07231177843234171,0.9559964261829031,0.9970342110841163,0.041037784901213126,0.047400450913204106
D011,Mammographic Mass,logistic_regression,C2,0.8641778130270551,0.86282880411114,-0.001349008915915051,-0.0029929636212460142,0.8277972974022295,0.8262589011177712,-0.0015383962844582877,-0.0001726946806923646,0.7916676996502002,0.7998170891037366,0.008149389453536382,0.005984658614662575,0.7833349599464966,0.7934492142763059,0.01011425432980928,0.01885147462590331,0.14949720999254051,0.15258704822575644,0.00308983823321593,0.0036190334242347244,-0.18977008604596743,-0.18895165511544368,0.0008184309305237503,0.0605410278993071,1.0744100891093522,1.271422627331692,0.19701253822233977,0.17023428845291666
D011,Mammographic Mass,logistic_regression,C3,0.8641778130270551,0.8636862180606713,-0.0004915949663838459,-0.001540164620254414,0.8277972974022295,0.8275230716325593,-0.00027422576967017775,-0.0006334846671071093,0.7916676996502002,0.7964012063700023,0.004733506719802105,0.0022122982352954512,0.7833349599464966,0.7861595082208476,0.0028245482743509687,0.006085711919124992,0.14949720999254051,0.15009205357029634,0.000594843577755827,0.0010434867907476164,-0.18977008604596743,-0.18684420070427288,0.0029258853416945507,-0.049487313799381344,1.0744100891093522,1.105538872440875,0.031128783331522802,-0.031048424980212097
D011,Mammographic Mass,logistic_regression,C4,0.8641778130270551,0.8342446447765909,-0.029933168250464215,-0.03025541767913531,0.8277972974022295,0.7625480582258198,-0.06524923917640968,-0.05914262654462987,0.7916676996502002,0.7767160281717383,-0.014951671478461881,-0.017177146490717554,0.7833349599464966,0.7671180560245924,-0.016216903921904224,-0.0009224268937971791,0.14949720999254051,0.16397282204074481,0.0144756120482043,0.014749664105338817,-0.18977008604596743,-0.2166691905371839,-0.026899104491216463,0.001193525126116174,1.0744100891093522,1.4341414440991835,0.35973135498983133,0.38752009784123675
D011,Mammographic Mass,logistic_regression,C5,0.8641778130270551,0.865299616927584,0.0011218039005288505,0.00022247389581697696,0.8277972974022295,0.8301411022632436,0.0023438048610140427,0.00012860804308290064,0.7916676996502002,0.7884693077543797,-0.003198391895820496,-0.0070328586840675555,0.7833349599464966,0.779065593446619,-0.004269366499877636,-0.001264003837796901,0.14949720999254051,0.15065867519517107,0.0011614652026305516,0.002346862833944585,-0.18977008604596743,-0.23382099523121766,-0.04405090918525023,-0.05837573622190065,1.0744100891093522,1.1225912022482645,0.04818111313891227,-0.04279830590248945
D011,Mammographic Mass,random_forest,C2,0.8643587633543856,0.855527610835293,-0.0088311525190925,-0.0033557382624801457,0.8249816209803202,0.8062873313801007,-0.01869428960021957,-0.017431673110655854,0.8081530906632141,0.7990288302412681,-0.009124260421945918,-0.01012592842322102,0.7966139170969351,0.7882797190794273,-0.008334198017507788,-0.005652618956458189,0.14848397947828618,0.15108396106268557,0.002599981584399391,0.00028684536741666045,-0.12496111141555398,-0.098779814272905,0.026181297142648982,0.09103356351799319,1.0082206544996422,0.9067493960918568,-0.10147125840778537,-0.02947538152725182
D011,Mammographic Mass,random_forest,C3,0.8643587633543856,0.8579683015739602,-0.006390461780425349,-0.0017727525432702507,0.8249816209803202,0.8123821818558592,-0.012599439124461043,-0.006257783804399564,0.8081530906632141,0.8030768698326495,-0.005076220830564582,-0.005100757110487519,0.7966139170969351,0.7935857834376652,-0.003028133659269905,-0.0005901897897938602,0.14848397947828618,0.15080677178774618,0.0023227923094600034,0.0001485039312504599,-0.12496111141555398,-0.10604732128160706,0.018913790133946923,-0.0009413449478563596,1.0082206544996422,0.981560916497492,-0.026659738002150157,0.06988006016824855
D011,Mammographic Mass,random_forest,C4,0.8643587633543856,0.8330737117328573,-0.03128505162152828,-0.023314759005231056,0.8249816209803202,0.7623180621703703,-0.06266355880994989,-0.0521473544394182,0.8081530906632141,0.7877699197502882,-0.020383170912925852,-0.023326530733000395,0.7966139170969351,0.7721493842461623,-0.02446453285077277,-0.028404516984881112,0.14848397947828618,0.15402838598690619,0.005544406508620009,0.0002932923373723806,-0.12496111141555398,-0.14071217642284342,-0.01575106500728944,0.028585677111260532,1.0082206544996422,1.0177094721762916,0.009488817676649441,0.12278433046715453
D011,Mammographic Mass,random_forest,C5,0.8643587633543856,0.8645928791063784,0.00023411575199283607,0.002743368079158204,0.8249816209803202,0.8175483838130466,-0.007433237167273621,-0.006747236623322994,0.8081530906632141,0.8083171693267591,0.00016407866354506417,-0.0012507938668118168,0.7966139170969351,0.798241508627788,0.001627591530852901,-0.0039346713951450285,0.14848397947828618,0.14772529387784122,-0.0007586856004449527,-0.0022159654875635593,-0.12496111141555398,-0.2155013559247144,-0.09054024450916041,-0.05406077442793428,1.0082206544996422,0.9879564279087177,-0.020264226590924417,0.02533983076613322
D013,Early Stage Diabetes Risk Prediction,gradient_boosted_trees,C2,0.9486074835562149,0.9560156249999999,0.007408141443784988,0.008158269978081889,0.9681018566829266,0.9738173573329948,0.005715500650068206,0.004274844008804846,0.8945244062990086,0.9140625,0.019538093700991355,0.007761944266338139,0.9181880712380958,0.9231065791751247,0.004918507937028971,0.00710093842067383,0.08456529687902857,0.08537276759863159,0.0008074707196030206,0.001470713430334461,0.34630797971103067,0.1718848169124962,-0.17442316279853445,-0.06093284001371799,0.8044818776254649,0.4296480247656822,-0.37483385285978266,-0.23685671937919262
D013,Early Stage Diabetes Risk Prediction,gradient_boosted_trees,C3,0.9486074835562149,0.9534850548863281,0.0048775713301131285,0.006106165114576956,0.9681018566829266,0.969778749499873,0.0016768928169463848,0.000530186387624143,0.8945244062990086,0.8751312939977214,-0.019393112301287263,-0.031683592237388036,0.9181880712380958,0.8950834984864225,-0.023104572751673214,-0.024515488394733276,0.08456529687902857,0.0905071002855113,0.005941803406482732,0.005305593388542251,0.34630797971103067,0.23186972480654097,-0.1144382549044897,-0.10295734269240728,0.8044818776254649,0.6965660805258814,-0.10791579709958343,0.0015368124888934798
D013,Early Stage Diabetes Risk Prediction,gradient_boosted_trees,C4,0.9486074835562149,0.9552054642727534,0.0065979807165384985,0.00892183322278739,0.9681018566829266,0.9721237017202253,0.0040218450372987435,0.004814519507193804,0.8945244062990086,0.8627369099524289,-0.031787496346579736,-0.045106753989486936,0.9181880712380958,0.893327201988055,-0.024860869250040718,-0.021477021225831394,0.08456529687902857,0.08335082512988685,-0.0012144717491417156,-0.004551625678680726,0.34630797971103067,0.2930303309960157,-0.05327764871501495,0.10184035076539827,0.8044818776254649,0.9070769204494704,0.10259504282400556,0.2167799083159745
D013,Early Stage Diabetes Risk Prediction,gradient_boosted_trees,C5,0.9486074835562149,0.984703894566441,0.03609641101022609,0.04108711829755518,0.9681018566829266,0.9906160503244643,0.022514193641537728,0.023992274054036367,0.8945244062990086,0.926894365518575,0.03236995921956631,0.022526418621329758,0.9181880712380958,0.928034621861843,0.009846550623747286,0.016489523655607186,0.08456529687902857,0.06900265433770622,-0.01556264254132235,-0.019605041561205322,0.34630797971103067,1.9148529222634003,1.5685449425523696,1.458497053868797,0.8044818776254649,0.7817376538353263,-0.022744223790138518,0.08319321354538867
D013,Early Stage Diabetes Risk Prediction,logistic_regression,C2,0.9541350146789734,0.953296875,-0.000838139678973393,0.0012602893427248185,0.9737892075914506,0.9731954873406352,-0.0005937202508153883,-0.000940498595943251,0.8664170868429428,0.894375,0.0279579131570572,0.02451058800415351,0.8826547918453569,0.915281953106694,0.032627161261337134,0.01980032450689262,0.09431442561051805,0.08350516041714058,-0.010809265193377465,-0.0062001582591985765,0.6786526948313435,0.27445256509256866,-0.40420012973877484,-0.7465484391856634,1.3723075785997734,0.8159898501011067,-0.5563177284986667,-0.6533570905380621
D013,Early Stage Diabetes Risk Prediction,logistic_regression,C3,0.9541350146789734,0.950825052888038,-0.003309961790935456,-0.0019175500438366466,0.9737892075914506,0.9721751247716462,-0.0016140828198043522,-0.0011331570865773521,0.8664170868429428,0.8841051393809659,0.01768805253802308,0.006704535272713974,0.8826547918453569,0.9059849335913798,0.02333014174602288,0.010637548384254902,0.09431442561051805,0.09900459789413962,0.004690172283621577,0.010413206868118502,0.6786526948313435,0.5657261563115156,-0.11292653851982792,-0.29478305524635284,1.3723075785997734,1.5203249200933495,0.14801734149357615,-0.3082159612941058
D013,Early Stage Diabetes Risk Prediction,logistic_regression,C4,0.9541350146789734,0.9552877114790972,0.0011526968001237536,0.004084593101916001,0.9737892075914506,0.9741894491219586,0.00040024153050799427,0.0026799387836011768,0.8664170868429428,0.8824239650588805,0.016006878215937714,0.022616694062845832,0.8826547918453569,0.8914429466528758,0.008788154807518933,0.02400737912450046,0.09431442561051805,0.091455680435979,-0.0028587451745390458,-0.002380280873022736,0.6786526948313435,0.6839451202148901,0.005292425383546573,-0.2626557360572277,1.3723075785997734,1.3655082625080084,-0.006799316091764984,-0.044172006533444774
D013,Early Stage Diabetes Risk Prediction,logistic_regression,C5,0.9541350146789734,0.9606837053771572,0.006548690698183757,0.011217066448988788,0.9737892075914506,0.9777268112637776,0.003937603672326984,0.0060333746366834085,0.8664170868429428,0.8746549488037352,0.008237861960792348,-0.0007527111423588639,0.8826547918453569,0.8938709550363785,0.011216163191021589,0.008513931888544879,0.09431442561051805,0.08842385523410949,-0.005890570376408555,-0.004447640858279811,0.6786526948313435,0.9012187057978922,0.2225660109665487,-0.10914134387541563,1.3723075785997734,1.2001084468642613,-0.17219913173551205,-0.2893326834430032
D013,Early Stage Diabetes Risk Prediction,random_forest,C2,0.956411060256658,0.96594140625,0.009530345993342015,0.011115487580797723,0.9751071246431962,0.979513987712804,0.004406863069607803,0.0033596691070981732,0.8894095639676681,0.911875,0.022465436032331865,0.012155414287408739,0.9121084081115369,0.9223953941135439,0.010286986002006948,0.004823962470777321,0.08254846558571606,0.07501566820195474,-0.007532797383761322,-0.006511428497961574,0.4228255338864803,0.12431001310224189,-0.29851552078423843,-0.30480691152453077,1.500292160872549,1.4388360325885985,-0.06145612828395053,-0.11890250195216323
D013,Early Stage Diabetes Risk Prediction,random_forest,C3,0.956411060256658,0.9544048506099037,-0.0020062096467543533,-0.00012805182581310248,0.9751071246431962,0.9738946378166701,-0.0012124868265260824,-0.0007336888323354884,0.8894095639676681,0.8834598239042828,-0.005949740063385334,-0.01605885269597951,0.9121084081115369,0.9104866439064795,-0.001621764205057441,-0.007668834240169176,0.08254846558571606,0.08247022962993984,-7.8235955776218e-05,0.00025801180329629303,0.4228255338864803,0.36872282252420047,-0.05410271136227984,-0.06210158301429047,1.500292160872549,1.2814310649878966,-0.2188610958846524,-0.44998027123565465
D013,Early Stage Diabetes Risk Prediction,random_forest,C4,0.956411060256658,0.9513914170583302,-0.005019643198327817,-0.0021628992173897688,0.9751071246431962,0.9706252027946513,-0.004481921848544901,-0.00345445362162633,0.8894095639676681,0.8685583706232342,-0.02085119334443397,-0.027068035182842398,0.9121084081115369,0.887222279515811,-0.02488612859572592,-0.024312607281162246,0.08254846558571606,0.08683121494357153,0.00428274935785547,0.0011104646420481978,0.4228255338864803,0.49172462632358976,0.06889909243710945,0.012404795153190762,1.500292160872549,1.1667779115773387,-0.33351424929521034,-0.3875606424311069
D013,Early Stage Diabetes Risk Prediction,random_forest,C5,0.956411060256658,0.9723330334528449,0.015921973196186934,0.02121686546726731,0.9751071246431962,0.9835760079916352,0.008468883348439094,0.011001389191270139,0.8894095639676681,0.901829005502198,0.012419441534529896,0.021107773799093232,0.9121084081115369,0.9081125894679221,-0.003995818643614868,0.021155313535591524,0.08254846558571606,0.07581159001109403,-0.006736875574622034,-0.006844961485925755,0.4228255338864803,1.0226829375989157,0.5998574037124353,0.6098506277909054,1.500292160872549,1.5394419358897542,0.03914977501720518,0.13267871585394198
D014,Diabetic Retinopathy Debrecen,gradient_boosted_trees,C2,0.7639696311336294,0.7716372673819483,0.007667636248318899,0.004984635466292797,0.8109482526113622,0.8132314202810061,0.0022831676696439818,0.006267146304559157,0.7033299572326005,0.7157680184275929,0.012438061194992356,0.014476341702003626,0.6662109189996822,0.6990455337002286,0.03283461470054638,0.046205009891962856,0.20611177846815656,0.19267503520451107,-0.013436743263645495,-0.012749265163696732,0.07406745324466348,0.0729755823449431,-0.0010918708997203763,-0.014489610888058627,0.5720978339452677,0.8403011583890065,0.26820332444373884,0.3046652505955244
D014,Diabetic Retinopathy Debrecen,gradient_boosted_trees,C3,0.7639696311336294,0.7633512495311675,-0.0006183816024618594,-0.007434603035439524,0.8109482526113622,0.8083461723844135,-0.002602080226948633,-0.009895332795477496,0.7033299572326005,0.6948290015622164,-0.008500955670384114,-0.015577083338067066,0.6662109189996822,0.6686177007022488,0.002406781702566585,0.02140190043415846,0.20611177846815656,0.21688087160044126,0.01076909313228469,0.00978133154414218,0.07406745324466348,0.03146071815479433,-0.04260673508986915,-0.0428381567826852,0.5720978339452677,0.48953225864838085,-0.08256557529688685,-0.09225049462313345
D014,Diabetic Retinopathy Debrecen,gradient_boosted_trees,C4,0.7639696311336294,0.7668249904662315,0.00285535933260217,0.005422181284028271,0.8109482526113622,0.8083088484122443,-0.0026394041991179007,0.0017982574694638265,0.7033299572326005,0.6935215901079316,-0.009808367124668926,-0.00682765251610018,0.6662109189996822,0.6607385341239865,-0.0054723848756956794,0.01564050496688063,0.20611177846815656,0.2090097981374149,0.002898019669258345,-0.0020599472736844704,0.07406745324466348,0.034971959927057324,-0.03909549331760615,-0.046625861265408776,0.5720978339452677,0.6137255505238115,0.041627716578543805,0.03647735550035103
D014,Diabetic Retinopathy Debrecen,gradient_boosted_trees,C5,0.7639696311336294,0.780329767453057,0.016360136319427676,0.009635632961724205,0.8109482526113622,0.8225166410056314,0.011568388394269213,0.011830707708756494,0.7033299572326005,0.7055995770963649,0.002269619863764394,-0.0035106486227789446,0.6662109189996822,0.6849744181032486,0.01876349910356634,0.049543882928629435,0.20611177846815656,0.20251997461608515,-0.003591803852071418,-0.0059810965189056875,0.07406745324466348,0.11226107864439056,0.03819362539972708,0.0176179825971359,0.5720978339452677,0.5758897312389991,0.0037918972937314166,-0.0011729238039147605
D014,Diabetic Retinopathy Debrecen,logistic_regression,C2,0.8171229830611321,0.8177986906710311,0.00067570760989899,0.00016690612227199253,0.8610839499698207,0.8620078484426918,0.0009238984728711097,0.004619537970552923,0.7437788970617922,0.7511714251075954,0.007392528045803148,0.008369116172428304,0.7275027671392952,0.7468998729793204,0.019397105840025186,0.025875614219212473,0.1712150494853374,0.17135257903653267,0.0001375295511952812,-0.0001265363866783109,0.09522543736864254,0.13581003657450602,0.04058459920586348,0.06999666817695097,0.9740741495979665,0.9799326155373456,0.005858465939379109,0.0662683074267163
D014,Diabetic Retinopathy Debrecen,logistic_regression,C3,0.8171229830611321,0.8201232674126375,0.0030002843515054556,0.001572504274575004,0.8610839499698207,0.8637403198892909,0.0026563699194701584,0.0005010753501584198,0.7437788970617922,0.7480410402401517,0.00426214317835949,0.00541898536778318,0.7275027671392952,0.7358962464897534,0.0083934793504582,0.006500993765144569,0.1712150494853374,0.17016597593238145,-0.0010490735529559425,-0.0007019767323657167,0.09522543736864254,0.10068066927777924,0.005455231909136701,0.007078598595796584,0.9740741495979665,0.9230541339502789,-0.051020015647687544,-0.06597305565910827
D014,Diabetic Retinopathy Debrecen,logistic_regression,C4,0.8171229830611321,0.8199058167919002,0.0027828337307681528,0.004968860881077397,0.8610839499698207,0.8633007466061019,0.0022167966362811597,0.003520675592110223,0.7437788970617922,0.7423107476515566,-0.001468149410235653,-0.002852946351849961,0.7275027671392952,0.7328169163528434,0.005314149213548225,0.008166839693011019,0.1712150494853374,0.1705098234307312,-0.0007052260546061839,-0.0005671027685277275,0.09522543736864254,0.1136328957872589,0.01840745841861635,0.028158266199221654,0.9740741495979665,0.9811734759597398,0.00709932636177335,0.024395597711549755
D014,Diabetic Retinopathy Debrecen,logistic_regression,C5,0.8171229830611321,0.8214524595181271,0.004329476456994996,0.001613230298039614,0.8610839499698207,0.8646537139995124,0.003569764029691669,0.00442578973556329,0.7437788970617922,0.740784569066847,-0.002994327994945256,-0.0013308934649415294,0.7275027671392952,0.7366856502291464,0.009182883089851268,0.012051229499712157,0.1712150494853374,0.17020305794496424,-0.0010119915403731528,-0.0003415531193165233,0.09522543736864254,0.18018246361388432,0.08495702624524178,0.10710180318992135,0.9740741495979665,0.9673857201453089,-0.006688429452657574,0.022010754950461564
D014,Diabetic Retinopathy Debrecen,random_forest,C2,0.7565634339782837,0.7621120506758805,0.005548616697596764,0.009728200262109743,0.8006848069858407,0.7987385054638787,-0.0019463015219619573,0.003982442127981933,0.6876265988373942,0.7031278414257137,0.01550124258831953,0.015146460599600786,0.6684739662546856,0.6884188919968608,0.019944925742175212,0.035873215358869226,0.20224191135728206,0.1984644212943392,-0.0037774900629428676,-0.0002726710375963448,0.08638546139271715,0.12002189044398998,0.03363642905127283,0.008027967043187811,0.7964800924905902,0.9032086694149718,0.10672857692438165,0.14783310515255843
D014,Diabetic Retinopathy Debrecen,random_forest,C3,0.7565634339782837,0.7618936657477334,0.005330231769449689,-0.000549463219034374,0.8006848069858407,0.80650537092187,0.005820563936029366,0.007826291248208772,0.6876265988373942,0.6936214590774951,0.005994860240100874,-0.0003501730996592345,0.6684739662546856,0.6668038767861842,-0.0016700894685013346,0.0023557628113396456,0.20224191135728206,0.19649701004205533,-0.00574490131522673,0.002388226513510394,0.08638546139271715,0.08484729854777741,-0.0015381628449397389,-0.03245391845709167,0.7964800924905902,0.870873630827054,0.0743935383364639,0.09549913485467543
D014,Diabetic Retinopathy Debrecen,random_forest,C4,0.7565634339782837,0.7569729678322226,0.000409533853938826,0.011562232751020751,0.8006848069858407,0.7992109285869303,-0.0014738783989103332,0.011095542186383534,0.6876265988373942,0.6785387432890039,-0.009087855548390311,-0.009673370245310786,0.6684739662546856,0.6584905906298898,-0.009983375624795787,-0.0027251243784149892,0.20224191135728206,0.1989884349526989,-0.00325347640458315,-0.0007783063889353903,0.08638546139271715,0.10286722550056238,0.01648176410784523,-0.010528938466028231,0.7964800924905902,0.9365239046020211,0.1400438121114309,0.12613515605463044
D014,Diabetic Retinopathy Debrecen,random_forest,C5,0.7565634339782837,0.7732933422731231,0.016729908294839335,0.017930200390412265,0.8006848069858407,0.8148920264625942,0.014207219476753519,0.020523763098218684,0.6876265988373942,0.7008209622352136,0.01319436339781943,0.008125664130362087,0.6684739662546856,0.6864149645070324,0.01794099825234685,0.033777689917933174,0.20224191135728206,0.19404146500261343,-0.008200446354668628,-0.004857682141614639,0.08638546139271715,0.1961221586879243,0.10973669729520714,0.045142038145036756,0.7964800924905902,0.9647153941844139,0.16823530169382372,0.33580166466170414
D015,Thoracic Surgery Data,gradient_boosted_trees,C2,0.5881652352455703,0.5918392857142858,0.003674050468715495,0.015654160205466283,0.23708196740223997,0.19305832358956357,-0.0440236438126764,-0.036098428397579874,0.5500552658396135,0.6016964285714286,0.05164116273181507,0.051205029305783634,0.2565375232483663,0.30999929763772155,0.05346177438935523,0.03380882144724534,0.21788389189776944,0.20075843068856325,-0.01712546120920619,-0.020501649731935273,-1.6635799452893902,-1.5904701424172898,0.07310980287210045,0.057087718873521265,0.4854010976959165,0.34966326762396094,-0.13573783007195556,-0.008937625472226873
D015,Thoracic Surgery Data,gradient_boosted_trees,C3,0.5881652352455703,0.5923182531322265,0.0041530178866562295,0.024451483764562854,0.23708196740223997,0.22707370615347422,-0.010008261248765749,-0.01126227506795549,0.5500552658396135,0.5639420333307562,0.013886767491142704,0.004158954770134948,0.2565375232483663,0.28280174516902595,0.026264221920659636,-0.014805276949489521,0.21788389189776944,0.20464302617588867,-0.013240865721880768,-0.003940248131930918,-1.6635799452893902,-1.6312534050710568,0.03232654021833348,-0.10308050086611398,0.4854010976959165,0.37616064113232905,-0.10924045656358744,0.059295356251666376
D015,Thoracic Surgery Data,gradient_boosted_trees,C4,0.5881652352455703,0.5821823448905142,-0.005982890355056059,0.00865574004325298,0.23708196740223997,0.2090678465305815,-0.02801412087165847,-0.015790787449145666,0.5500552658396135,0.540083820930349,-0.009971444909264493,-0.008748064000504319,0.2565375232483663,0.252161646143931,-0.004375877104435322,-0.00989260385005064,0.21788389189776944,0.2213396517032794,0.003455759805509967,-0.000341777380733127,-1.6635799452893902,-1.6720978500113857,-0.008517904721995428,0.0039046394546065066,0.4854010976959165,0.2992941684495483,-0.18610692924636818,-0.08668816475159147
D015,Thoracic Surgery Data,gradient_boosted_trees,C5,0.5881652352455703,0.9321906924767921,0.3440254572312218,0.4062102180126016,0.23708196740223997,0.7712287334496047,0.5341467660473648,0.6420591682685942,0.5500552658396135,0.7724846970783434,0.22242943123872994,0.2245374646506112,0.2565375232483663,0.4525718026110465,0.1960342793626802,0.1738095238095238,0.21788389189776944,0.12468379944844289,-0.09320009244932655,-0.11837547878385712,-1.6635799452893902,-4.526833407077713,-2.8632534617883225,-1.937670260299516,0.4854010976959165,1.4514829831590037,0.9660818854630873,0.8640311273230693
D015,Thoracic Surgery Data,logistic_regression,C2,0.6088286914623979,0.6423392857142858,0.03351059425188785,0.01937926724285377,0.22457460660907222,0.2297701898186073,0.005195583209535087,0.013032125045469467,0.5805287269418817,0.6435714285714286,0.06304270162954684,0.055757894066717606,0.29879761700718754,0.3524553184105501,0.05365770140336257,0.046098862039820276,0.2233482086515016,0.22316688575501714,-0.00018132289648445377,0.0006866507411200096,-1.7224728142094061,-1.6706792673460238,0.051793546863382334,0.02180519190432184,0.4063013433295892,0.3034094692262262,-0.10289187410336303,-0.12567678857432796
D015,Thoracic Surgery Data,logistic_regression,C3,0.6088286914623979,0.628455242181647,0.019626550719249014,0.031066592172825702,0.22457460660907222,0.2302908824506337,0.00571627584156148,0.01414926436902983,0.5805287269418817,0.5871444084752543,0.006615681533372553,0.0050510083598318545,0.29879761700718754,0.3089248026389836,0.010127185631796043,-0.0022943297279580666,0.2233482086515016,0.22128763682574784,-0.002060571825753754,-0.005548014136035839,-1.7224728142094061,-1.7146902888155116,0.007782525393894568,0.011745434074329042,0.4063013433295892,0.5001005377207645,0.09379919439117523,-0.006231219613666905
D015,Thoracic Surgery Data,logistic_regression,C4,0.6088286914623979,0.6211299517729542,0.012301260310556228,0.007457698140314384,0.22457460660907222,0.2258507717690226,0.001276165159950382,0.004938076873978292,0.5805287269418817,0.5691412745492586,-0.011387452392623176,-0.01348198370257192,0.29879761700718754,0.2679272345939013,-0.030870382413286268,-0.018044768059041538,0.2233482086515016,0.2305306685375332,0.007182459886031611,0.009484863388976361,-1.7224728142094061,-1.69495908014083,0.027513734068576046,-0.012697492173211478,0.4063013433295892,1.2515315833203804,0.8452302399907912,0.5098428914555873
D015,Thoracic Surgery Data,logistic_regression,C5,0.6088286914623979,0.7536179348623766,0.14478924339997867,0.11857409436953559,0.22457460660907222,0.3166150357693419,0.0920404291602697,0.09796147770463004,0.5805287269418817,0.689424959630856,0.1088962326889743,0.10153047357265788,0.29879761700718754,0.37577549314497793,0.07697787613779039,0.0726889676185144,0.2233482086515016,0.24893716829897836,0.02558895964747676,0.028208873111407573,-1.7224728142094061,-1.9760181816105664,-0.2535453674011603,-0.21090020668067666,0.4063013433295892,0.6788106435526294,0.2725093002230402,0.21350810246918667
D015,Thoracic Surgery Data,random_forest,C2,0.6173540067325688,0.6252232142857141,0.007869207553145352,0.007941765068096074,0.2209085752666258,0.20823939413298612,-0.012669181133639684,-0.01604330084959002,0.5872325252452971,0.6196428571428572,0.03241033189756004,0.02983818972624941,0.3043863460652306,0.32256450873316933,0.018178162667938758,0.01251277185216415,0.1899945761445356,0.1732926176456822,-0.016701958498853392,-0.03157722552764147,-1.4897610308248745,-1.4101710315821387,0.0795899992427358,0.15184434617215703,0.5246288130018945,0.44318828821472467,-0.08144052478716979,-0.09019631810493767
D015,Thoracic Surgery Data,random_forest,C3,0.6173540067325688,0.6085023954894146,-0.008851611243154145,-0.020857633950519205,0.2209085752666258,0.2278335950769289,0.006925019810303107,-3.547835971898228e-05,0.5872325252452971,0.5580205094828077,-0.02921201576248944,-0.025276835809827092,0.3043863460652306,0.2678862471127806,-0.03650009895244999,-0.03781599749198111,0.1899945761445356,0.18961467988121605,-0.0003798962633195513,-0.013388681850037054,-1.4897610308248745,-1.5021680519122114,-0.012407021087336823,-0.01993128300543212,0.5246288130018945,0.4961298304686243,-0.028498982533270156,-0.07893890875635512
D015,Thoracic Surgery Data,random_forest,C4,0.6173540067325688,0.5857534020556541,-0.03160060467691472,-0.009621887504241422,0.2209085752666258,0.19559245312635673,-0.02531612214026907,-0.0271584855986646,0.5872325252452971,0.529472221578398,-0.057760303666899104,-0.06093326244067687,0.3043863460652306,0.2438704454783208,-0.06051590058690978,-0.05883961566888396,0.1899945761445356,0.22174722454450424,0.031752648399968636,0.015678279782829596,-1.4897610308248745,-1.6787918009730405,-0.18903077014816594,-0.13830262898368928,0.5246288130018945,0.4347558298251539,-0.08987298317674053,-0.048486760882629265
D015,Thoracic Surgery Data,random_forest,C5,0.6173540067325688,0.9094402079457155,0.29208620121314666,0.3705315547718565,0.2209085752666258,0.7705249970706077,0.549616421803982,0.720383674086518,0.5872325252452971,0.7652992150793104,0.1780666898340133,0.20384029056658548,0.3043863460652306,0.45152030871208954,0.14713396264685896,0.11648034675273666,0.1899945761445356,0.15706876897798952,-0.032925807166546084,-0.07920870270010463,-1.4897610308248745,-4.7034824028683415,-3.2137213720434668,-3.213000105386902,0.5246288130018945,3.64505942799216,3.1204306149902656,2.8416544948439895
D016,Haberman's Survival,gradient_boosted_trees,C2,0.6431948282650146,0.6853360768175583,0.04214124855254364,0.03304422997425305,0.39736153492872894,0.42429050691855386,0.026928971989824912,0.023519886737194295,0.5992049328835674,0.6666666666666667,0.06746173378309939,0.05798395669513956,0.43970961483139864,0.5139802631578947,0.07427064832649605,0.07540785409818296,0.2316845128753902,0.21657879823854187,-0.015105714636848316,-0.0165726337393321,-0.9163889628651867,-0.938554224867121,-0.02216526200193436,0.06018998539779963,0.523409281828602,0.7423826496122674,0.21897336778366538,0.21701017712525672
D016,Haberman's Survival,gradient_boosted_trees,C3,0.6431948282650146,0.6348691600017254,-0.008325668263289177,-0.03278945567717506,0.39736153492872894,0.38372690018057626,-0.013634634748152685,-0.03528146850266539,0.5992049328835674,0.5985331395559336,-0.0006717933276337851,-0.0056578051108695515,0.43970961483139864,0.44686356894427703,0.007153954112878391,0.003923278116826523,0.2316845128753902,0.24780070200349882,0.016116189128108638,0.020351984660533673,-0.9163889628651867,-0.8626379476331113,0.05375101523207537,0.15477732578715475,0.523409281828602,0.364654723943903,-0.158754557884699,-0.16318430370316506
D016,Haberman's Survival,gradient_boosted_trees,C4,0.6431948282650146,0.656246376922695,0.013051548657680434,0.0022809354468684706,0.39736153492872894,0.43523038808250947,0.037868853153780524,0.04353630987790802,0.5992049328835674,0.6108826979493559,0.011677765065788548,-0.005836372672795798,0.43970961483139864,0.45717165717165714,0.0174620423402585,0.0244510539637513,0.2316845128753902,0.22263796442243133,-0.009046548452958852,-0.008531133314302386,-0.9163889628651867,-0.8744580425822671,0.04193092028291956,0.18622455482756883,0.523409281828602,0.4871742456824129,-0.036235036146189115,-0.03091025775596412
D016,Haberman's Survival,gradient_boosted_trees,C5,0.6431948282650146,0.7182436887529903,0.07504886048797565,0.10854186065750548,0.39736153492872894,0.44098746611016365,0.04362593118143471,0.030751306373282383,0.5992049328835674,0.6745023894062578,0.07529745652269049,0.0908632151178762,0.43970961483139864,0.5297303943178561,0.09002077948645743,0.10587203538473278,0.2316845128753902,0.24074936383560608,0.009064850960215892,-0.005961437151951243,-0.9163889628651867,-1.2478955950788908,-0.33150663221370413,-0.23697669867128712,0.523409281828602,0.72587674363704,0.202467461808438,0.24919129263487783
D016,Haberman's Survival,logistic_regression,C2,0.6936156442268732,0.6955006858710562,0.0018850416441830165,0.0018824098307004267,0.4759175904776032,0.43595143164986144,-0.03996615882774174,-0.043087899400764795,0.6477746312040359,0.6662962962962963,0.018521665092260386,0.009738777400838616,0.48194772101207356,0.511265909872721,0.029318188860647465,0.0323185414516684,0.22370769369862117,0.22668379063836494,0.0029760969397437664,0.005121527611648552,-1.0474534042111288,-1.0430342810791475,0.0044191231319812285,0.012200730272582838,1.0391381042761305,0.6621166058096182,-0.37702149846651234,-0.026983745064920406
D016,Haberman's Survival,logistic_regression,C3,0.6936156442268732,0.6923674995451371,-0.001248144681736063,0.0,0.4759175904776032,0.4794447927079029,0.003527202230299731,-0.0010666318880477865,0.6477746312040359,0.6357958357103836,-0.011978795493652328,-0.019381875327396547,0.48194772101207356,0.4742604555556052,-0.007687265456468362,-0.006060606060606044,0.22370769369862117,0.22401499966751093,0.0003073059688897539,0.0013106055934996585,-1.0474534042111288,-1.0371833396338557,0.010270064577273086,0.018430236615228024,1.0391381042761305,1.4690348734268077,0.4298967691506772,-0.028551551277608667
D016,Haberman's Survival,logistic_regression,C4,0.6936156442268732,0.6820638774177058,-0.011551766809167363,-0.03145292207792216,0.4759175904776032,0.478854240268586,0.0029366497909827927,-0.005042076499844339,0.6477746312040359,0.6285171789364963,-0.01925745226753961,-0.04271791428843563,0.48194772101207356,0.4728267275496652,-0.009120993462408356,-0.03840538232727475,0.22370769369862117,0.22987778132320236,0.006170087624581183,0.0074153329076316055,-1.0474534042111288,-1.08000636965165,-0.03255296544052122,-0.03892532946519012,1.0391381042761305,1.2496140469868848,0.21047594271075432,-0.1257151236309082
D016,Haberman's Survival,logistic_regression,C5,0.6936156442268732,0.7061727218524441,0.0125570776255709,0.0,0.4759175904776032,0.47867137224969497,0.00275378177209179,0.008261345316275426,0.6477746312040359,0.6551477602292999,0.007373129025263991,-0.006417011757667956,0.48194772101207356,0.48077739951164644,-0.0011703215004271184,0.019511799529640717,0.22370769369862117,0.2518927527678744,0.0281850590692532,0.027690973402624913,-1.0474534042111288,-1.3056199011149119,-0.2581664969037831,-0.1651161405732755,1.0391381042761305,0.9724652031394396,-0.06667290113669089,0.167430202529806
D016,Haberman's Survival,random_forest,C2,0.6699700902476994,0.6773525377229082,0.007382447475208775,-0.0036863056800657823,0.4045930670938898,0.39231246782589535,-0.012280599267994463,-0.010351927187870202,0.601800448905456,0.6590123456790123,0.057211896773556314,0.05721696540013288,0.45419460195672445,0.5070830708307084,0.05288846887398391,0.050513887068159236,0.22089503681628472,0.20634716854279725,-0.014547868273487474,-0.005629529294129881,-0.8544486749940106,-0.7977392729696067,0.05670940202440389,0.05041988181016377,0.701204467185978,0.6415365030974676,-0.05966796408851038,-0.02788221679593983
D016,Haberman's Survival,random_forest,C3,0.6699700902476994,0.6673718585701423,-0.002598231677557128,-0.0123854858909207,0.4045930670938898,0.4037480373046531,-0.0008450297892367287,0.018767056983656716,0.601800448905456,0.5985176871665168,-0.003282761738939266,0.017707594273627336,0.45419460195672445,0.43895549481879925,-0.0152391071379252,0.009923645442144469,0.22089503681628472,0.21265139643523714,-0.008243640381047579,-0.00018360681207435503,-0.8544486749940106,-0.8294770728797566,0.024971602114253977,0.02317716623261079,0.701204467185978,0.604702597988653,-0.09650186919732495,0.01765070693609916
D016,Haberman's Survival,random_forest,C4,0.6699700902476994,0.6684955934936219,-0.0014744967540775145,-0.010985465010805662,0.4045930670938898,0.4385631271280445,0.0339700600341547,0.029290487075658456,0.601800448905456,0.6170875437909672,0.015287094885511165,0.0328772387687396,0.45419460195672445,0.46164007977121585,0.007445477814491397,0.0050446039381951135,0.22089503681628472,0.21857705325754986,-0.0023179835587348596,0.004036442928926687,-0.8544486749940106,-0.8832393848216401,-0.028790709827629546,-0.012837969805770566,0.701204467185978,0.5271080781709113,-0.17409638901506663,-0.19634014966211855
D016,Haberman's Survival,random_forest,C5,0.6699700902476994,0.7318821763911351,0.061912086143435685,0.08207416764743891,0.4045930670938898,0.49093047198064044,0.08633740488675062,0.07310839622669346,0.601800448905456,0.6632911566443858,0.06149070773892973,0.08395184351182261,0.45419460195672445,0.5119994268930439,0.05780482493631944,0.07903314494322783,0.22089503681628472,0.2418830582109058,0.02098802139462108,0.01487799795484901,-0.8544486749940106,-1.3120131997283468,-0.4575645247343363,-0.4355404867199495,0.701204467185978,1.0250521414084666,0.3238476742224886,0.31972647859090175
D019,Myocardial Infarction Complications,gradient_boosted_trees,C2,0.8357567699421127,0.8450068300543048,0.009250060112192093,5.8692584705921647e-05,0.5825983349525465,0.5955766988419566,0.012978363889410094,-0.005180009001347408,0.7534554312306105,0.7752486062299392,0.021793174999328646,0.018050033215437744,0.48155436689765346,0.5290007806401249,0.04744641374247144,0.025429883452206425,0.11416411941428946,0.11734343304723201,0.0031793136329425487,0.006138082260883748,-0.8681376573671672,-0.6560347345154594,0.21210292285170784,0.17741189430815885,0.7529817292195009,0.52448773430652,-0.22849399491298095,-0.1955919117048076
D019,Myocardial Infarction Complications,gradient_boosted_trees,C3,0.8357567699421127,0.8369841278531832,0.0012273579110705368,-0.0028205655745434655,0.5825983349525465,0.5860554371470185,0.0034571021944719282,-0.027441387681799823,0.7534554312306105,0.7518906215804195,-0.0015648096501910125,-0.0006820662124744636,0.48155436689765346,0.486237693568889,0.004683326671235555,0.017247383158902396,0.11416411941428946,0.11696557978593856,0.002801460371649106,0.001759935588715053,-0.8681376573671672,-0.8286360550519881,0.039501602315179074,0.10259973360606711,0.7529817292195009,0.6594087289863871,-0.09357300023311377,-0.06609060868326921
D019,Myocardial Infarction Complications,gradient_boosted_trees,C4,0.8357567699421127,0.8257507662458794,-0.010006003696233279,-0.01745012401752133,0.5825983349525465,0.565431166712049,-0.017167168240497577,-0.036724425674105055,0.7534554312306105,0.7496964523691999,-0.0037589788614106334,-0.007289400590826167,0.48155436689765346,0.4972260555502885,0.01567168865263502,0.01749075941388578,0.11416411941428946,0.12456063672392814,0.010396517309638684,0.01218367456235038,-0.8681376573671672,-0.9788186307662633,-0.1106809733990961,-0.2271945216337583,0.7529817292195009,0.761725833582383,0.008744104362882088,0.025383587586129353
D019,Myocardial Infarction Complications,gradient_boosted_trees,C5,0.8357567699421127,0.9728896214935084,0.13713285155139576,0.13286222038023765,0.5825983349525465,0.8828038409495146,0.30020550599696805,0.2897163159745605,0.7534554312306105,0.8406782376612826,0.08722280643067204,0.081651664479377,0.48155436689765346,0.5562931182991836,0.07473875140153013,0.06448803765933753,0.11416411941428946,0.08934024768089895,-0.024823871733390512,-0.028534796518001157,-0.8681376573671672,-5.398431673926212,-4.530294016559045,-1.7192707375113085,0.7529817292195009,1.7734986476401762,1.0205169184206753,0.9966268665066677
D019,Myocardial Infarction Complications,logistic_regression,C2,0.8299661590179012,0.823518627068706,-0.006447531949195118,-0.01295970042804151,0.5429119699432104,0.5400628843130237,-0.0028490856301867096,-0.024835098797785782,0.7428889521707854,0.7539030726206493,0.011014120449863829,0.00690515470587727,0.48134069322985007,0.5151652620034033,0.03382456877355322,0.025227214577639545,0.15682073064194726,0.16015918092510167,0.0033384502831544094,0.005952474028638632,-1.5879989828107302,-1.6058670333047607,-0.017868050494030507,-0.06651687411745599,0.7657930143592,0.7476948541314938,-0.01809816022770616,-0.04174931370508239
D019,Myocardial Infarction Complications,logistic_regression,C3,0.8299661590179012,0.8291168868717697,-0.0008492721461315078,-0.0014811043746112418,0.5429119699432104,0.5434861158954583,0.0005741459522478065,-0.008517393870249301,0.7428889521707854,0.7489248866149278,0.00603593444414241,-0.0022954472630631884,0.48134069322985007,0.4839560673574557,0.002615374127605652,-0.02266865717357147,0.15682073064194726,0.15533042128315216,-0.0014903093587951,0.00022451459207667446,-1.5879989828107302,-1.5825521650946135,0.005446817716116659,-0.01565813588664522,0.7657930143592,0.7627371225509982,-0.0030558918082017605,-0.004638623128781383
D019,Myocardial Infarction Complications,logistic_regression,C4,0.8299661590179012,0.8194387413843275,-0.010527417633573677,0.0002774563798767504,0.5429119699432104,0.5417466558556546,-0.0011653140875558243,-0.014269893480445495,0.7428889521707854,0.7368280840563456,-0.0060608681144398435,0.0007638672138089442,0.48134069322985007,0.4746301301892914,-0.00671056304055867,-0.0037090169935467543,0.15682073064194726,0.16623612827475345,0.009415397632806188,0.01002495224551947,-1.5879989828107302,-1.6622973288538765,-0.07429834604314633,-0.08234267084160085,0.7657930143592,0.9052445210533185,0.13945150669411854,0.11400807656213252
D019,Myocardial Infarction Complications,logistic_regression,C5,0.8299661590179012,0.8627972936799798,0.032831134662078654,0.030048415379789306,0.5429119699432104,0.5945516704425967,0.051639700499386265,0.032551262288321614,0.7428889521707854,0.7765822438148752,0.03369329164408974,0.03527858106004911,0.48134069322985007,0.5222079415459697,0.04086724831611965,0.03015204266432625,0.15682073064194726,0.1776794981051367,0.02085876746318943,0.024711117091888363,-1.5879989828107302,-1.9699170254206761,-0.381918042609946,-0.39122424448320925,0.7657930143592,0.9198239355365346,0.15403092117733463,0.13607595747655332
D019,Myocardial Infarction Complications,random_forest,C2,0.8530045075326854,0.8524011062363949,-0.0006034012962905511,0.001077084136599571,0.5992957309870443,0.600572866594919,0.0012771356078747909,-0.011582985404000823,0.7635669513352238,0.7706367056672666,0.007069754332042821,0.011312426445905355,0.5014445291557149,0.5149103401140309,0.013465810958316005,0.004222819749091222,0.12509833913515953,0.14085192499732813,0.0157535858621686,0.018914008717723974,-0.7709261817788433,-1.0197337178079042,-0.24880753602906092,-0.14790630061764443,1.8904085361672696,2.158605634088609,0.2681970979213393,0.15728642871753085
D019,Myocardial Infarction Complications,random_forest,C3,0.8530045075326854,0.8509991245028345,-0.0020053830298508712,0.010439711616421876,0.5992957309870443,0.6044316411993051,0.005135910212260897,0.010977796963463682,0.7635669513352238,0.7546853109102121,-0.008881640425011716,0.006408304651488117,0.5014445291557149,0.489109826378161,-0.01233470277755394,0.0028722723044420917,0.12509833913515953,0.11979299962871648,-0.005305339506443046,-0.0011672942623121851,-0.7709261817788433,-0.6386879548158769,0.1322382269629664,-0.013336694153663009,1.8904085361672696,1.67741824664224,-0.21299028952502952,-0.3656566260890759
D019,Myocardial Infarction Complications,random_forest,C4,0.8530045075326854,0.8461871602135326,-0.006817347319152844,0.0017607092952848236,0.5992957309870443,0.5859245792497733,-0.013371151737270992,-0.009112738491136252,0.7635669513352238,0.7550034795523138,-0.008563471782909948,-0.004124727044987675,0.5014445291557149,0.4959303723955877,-0.005514156760127231,0.0026815849203094544,0.12509833913515953,0.11671523874373517,-0.008383100391424356,-0.005463708515179855,-0.7709261817788433,-0.6999467691390681,0.07097941263977525,0.09646733934583263,1.8904085361672696,1.5952444389293097,-0.2951640972379599,-0.46666729688452513
D019,Myocardial Infarction Complications,random_forest,C5,0.8530045075326854,0.980221070434354,0.1272165629016686,0.13400944877528687,0.5992957309870443,0.9250748339714905,0.32577910298444623,0.33727117364152226,0.7635669513352238,0.8523796400282043,0.08881268869298053,0.08779766680369305,0.5014445291557149,0.5713181539084563,0.06987362475274139,0.04009249716354413,0.12509833913515953,0.09818405926584095,-0.026914279869318575,-0.03206765874036918,-0.7709261817788433,-3.0907881257765126,-2.3198619439976693,-1.795040201373343,1.8904085361672696,3.5104564113763437,1.6200478752090741,1.56765888575171
D020,Differentiated Thyroid Cancer Recurrence,gradient_boosted_trees,C2,0.9167399061971766,0.9232744107744107,0.006534504577234146,0.0075001866571479114,0.8610912606266653,0.8682948131699979,0.007203552543332603,0.015833439842591335,0.845166430005356,0.870479797979798,0.025313367974442058,0.024268895085638897,0.7499191287029516,0.7808390531785234,0.03091992447557179,0.032044598687866355,0.10588712703615226,0.09896438059592123,-0.006922746440231026,-0.00605745545479533,-0.8242287944314636,-0.6343571611430743,0.1898716332883893,0.2334130753952408,0.9942399106936725,0.7896837343785756,-0.20455617631509682,-0.11902365338505616
D020,Differentiated Thyroid Cancer Recurrence,gradient_boosted_trees,C3,0.9167399061971766,0.9125956443158475,-0.004144261881329103,-0.007311833117492839,0.8610912606266653,0.8505063347527839,-0.010584925873881379,0.0013375079638505705,0.845166430005356,0.841445835034688,-0.003720594970668012,-0.00846404058334338,0.7499191287029516,0.7501626322429207,0.00024350353996904772,-0.0010370572487237162,0.10588712703615226,0.10318519983961084,-0.002701927196541415,-0.002945509778281466,-0.8242287944314636,-0.644993173478418,0.17923562095304557,0.21916772396873752,0.9942399106936725,0.8071735412211343,-0.18706636947253819,-0.06008803580347033
D020,Differentiated Thyroid Cancer Recurrence,gradient_boosted_trees,C4,0.9167399061971766,0.9240318742005761,0.007291968003399485,0.002283221891396514,0.8610912606266653,0.8736006511631661,0.012509390536500797,0.02243724426825866,0.845166430005356,0.8532559663561324,0.008089536350776472,0.011042109793636179,0.7499191287029516,0.7611815040732806,0.011262375370328925,0.017619047619047645,0.10588712703615226,0.10209680665404508,-0.003790320382107179,-0.002056427481694406,-0.8242287944314636,-0.782256296474441,0.041972497957022625,0.03184300494304526,0.9942399106936725,0.9545973414186287,-0.039642569275043726,0.02159228304401084
D020,Differentiated Thyroid Cancer Recurrence,gradient_boosted_trees,C5,0.9167399061971766,0.9538490239327313,0.0371091177355547,0.03802362835706019,0.8610912606266653,0.9012766484485576,0.04018538782189229,0.05241430543882475,0.845166430005356,0.8827490207918117,0.03758259078645576,0.03579189822628903,0.7499191287029516,0.7876764478915271,0.0377573191885755,0.05076165592687654,0.10588712703615226,0.09323931800380579,-0.012647809032346469,-0.01272138564502552,-0.8242287944314636,-1.2728804597813184,-0.4486516653498548,-0.36538912038052174,0.9942399106936725,1.039891752265094,0.045651841571421437,0.1329449421220914
D020,Differentiated Thyroid Cancer Recurrence,logistic_regression,C2,0.9248050437951528,0.9283838383838383,0.0035787945886854855,0.002066118972330777,0.8719413718093832,0.8612598509875709,-0.010681520821812396,-0.009518351365935818,0.8455180159735957,0.8677441077441077,0.022226091770512046,0.021257284740066495,0.7544020842017473,0.7931245935148192,0.03872250931307197,0.04172481747898504,0.11478393150799092,0.10108462419300815,-0.01369930731498277,-0.01688143285861128,-0.7191063639811425,-0.7721605690217581,-0.05305420504061564,0.04386236141014532,1.8707478020567656,1.2856793281352898,-0.5850684739214758,-0.5745123957325531
D020,Differentiated Thyroid Cancer Recurrence,logistic_regression,C3,0.9248050437951528,0.9239429443095685,-0.0008620994855843556,-0.0048531191146996555,0.8719413718093832,0.8595023376623295,-0.012439034147053718,-0.011568016063695286,0.8455180159735957,0.8536091606592299,0.00809114468563421,0.0031901303700325734,0.7544020842017473,0.7717954748706797,0.017393390668932418,0.015013726073870526,0.11478393150799092,0.10748653304353578,-0.007297398464455138,-0.01145365263275562,-0.7191063639811425,-0.742661544105807,-0.02355518012466451,-0.012827578559362007,1.8707478020567656,1.2548180244219675,-0.6159297776347981,-0.8429704830279656
D020,Differentiated Thyroid Cancer Recurrence,logistic_regression,C4,0.9248050437951528,0.9233796375324436,-0.0014254062627092612,-0.0047877480201782285,0.8719413718093832,0.8647409097088489,-0.007200462100534377,-0.008768359010037585,0.8455180159735957,0.8588314437422224,0.013313427768626762,0.0121997549949735,0.7544020842017473,0.7729780500166376,0.018575965814890294,0.021275310072087716,0.11478393150799092,0.10181017492159737,-0.012973756586393548,-0.017010238559266574,-0.7191063639811425,-0.8439948765863537,-0.12488851260521128,-0.06834655831394942,1.8707478020567656,1.0322134190808652,-0.8385343829759004,-0.7764562374335378
D020,Differentiated Thyroid Cancer Recurrence,logistic_regression,C5,0.9248050437951528,0.9458409529671825,0.021035909172029688,0.01646382226790455,0.8719413718093832,0.8902394597385853,0.018298087929202067,0.0224830652428476,0.8455180159735957,0.8720697835959769,0.026551767622381206,0.02966916206245951,0.7544020842017473,0.7837894817792262,0.02938739757747899,0.05785651074854248,0.11478393150799092,0.10673719024286828,-0.008046741265122642,-0.00681488653887781,-0.7191063639811425,-1.1794276404169455,-0.460321276435803,-0.4450420195070398,1.8707478020567656,1.2724980144086093,-0.5982497876481563,-0.9520456128311299
D020,Differentiated Thyroid Cancer Recurrence,random_forest,C2,0.934150342876998,0.9301767676767676,-0.00397357520023045,-0.0016112538556858347,0.8795053681421909,0.865969783402891,-0.013535584739299944,-0.00933474965161829,0.850217806882124,0.8784090909090909,0.028191284026966912,0.02463203463203456,0.7549394336386239,0.8042553191489361,0.049315885510312185,0.06854103343465034,0.09750380291367973,0.09588529114260705,-0.001618511771072681,-0.0025208673264925235,-0.7129438527413933,-0.6968217133849283,0.016122139356465004,0.0536152994522191,1.3383503334312998,1.243646824418136,-0.09470350901316382,-0.03366973290145703
D020,Differentiated Thyroid Cancer Recurrence,random_forest,C3,0.934150342876998,0.9353202547408229,0.0011699118638248684,0.0020298633395435806,0.8795053681421909,0.8780516163155339,-0.0014537518266570792,-0.0075208591166484595,0.850217806882124,0.8580337192322717,0.007815912350147669,0.0003905268623811686,0.7549394336386239,0.7686891262115085,0.013749692572884609,0.024984930681133166,0.09750380291367973,0.098890160938213,0.0013863580245332685,0.0035888641339923283,-0.7129438527413933,-0.7106393334881757,0.0023045192532176184,0.057085560556655146,1.3383503334312998,1.3291070966177905,-0.009243236813509359,-0.037027946094840836
D020,Differentiated Thyroid Cancer Recurrence,random_forest,C4,0.934150342876998,0.9304288962343826,-0.0037214466426154225,-0.00046567119152374215,0.8795053681421909,0.8656493226034415,-0.013856045538749417,-0.013461511972626905,0.850217806882124,0.8619920074756777,0.011774200593553719,0.009255815669206857,0.7549394336386239,0.7749463560736038,0.020006922434979924,0.03153254972875219,0.09750380291367973,0.10037802471404551,0.002874221800365784,0.006803656334217575,-0.7129438527413933,-0.7353731535833207,-0.022429300841927402,-0.06414145851455832,1.3383503334312998,1.1830591889094195,-0.1552911445218803,-0.17167541181289203
D020,Differentiated Thyroid Cancer Recurrence,random_forest,C5,0.934150342876998,0.9528705197057029,0.01872017682870486,0.02065397327570473,0.8795053681421909,0.9057586417183544,0.02625327357616347,0.03339320373025956,0.850217806882124,0.8766484380933122,0.02643063121118816,0.017339006429100468,0.7549394336386239,0.7832620040028163,0.02832257036419239,0.04520045172219089,0.09750380291367973,0.09534870725419854,-0.0021550956594811876,0.0008652268089795329,-0.7129438527413933,-1.2251319800962086,-0.5121881273548153,-0.4117342670394408,1.3383503334312998,1.344548639278514,0.006198305847214147,0.08251050087315459
